,Name,affiliation,homepage,scholar-id,citations,h-index
0,Fabrizio Baiardi,University of Pisa,http://www.di.unipi.it/~tonelli/baiardi,,,
1,Francesco Romani,University of Pisa,http://www.di.unipi.it/~romani,,,
2,Fabrizio Luccio,University of Pisa,http://www.di.unipi.it/~luccio,,,
3,Massimo Pappalardo,University of Pisa,http://pages.di.unipi.it/mpappalardo,GWrrWeEAAAAJ,1273,18
4,Francesca Levi,University of Pisa,http://www.di.unipi.it/~levifran,,,
5,Andrea Maggiolo Schettini,University of Pisa,http://www.di.unipi.it/~maggiolo,,,
6,Carlo Montangero,University of Pisa,http://www.di.unipi.it/~monta,,,
7,Linda Pagli,University of Pisa,http://www.di.unipi.it/~pagli,,,
8,Paolo Mancarella,University of Pisa,http://www.di.unipi.it/~paolo,,,
9,Donald M. Chiarulli,University of Pittsburgh,https://people.cs.pitt.edu/~don,mpiF9EUAAAAJ,2309,27
10,Bruce R. Childers,University of Pittsburgh,https://www.cs.pitt.edu/~childers,017pCpkAAAAJ,14679,62
11,James Currier,University of Pittsburgh,http://www.sci.pitt.edu/faculty-and-research/faculty-directory/james-d-kip-currier,,,
12,Erin Walker,University of Pittsburgh,https://cs.pitt.edu/faculty/tenure-stream/erin-walker,,,
13,Shi-Kuo Chang,University of Pittsburgh,https://cs.pitt.edu/~chang,,,
14,Kayla Booth,University of Pittsburgh,http://www.sci.pitt.edu/faculty-and-research/faculty-directory/kayla-booth,,,
15,Mary K. Biagini,University of Pittsburgh,http://www.sci.pitt.edu/faculty-and-research/faculty-directory/mary-k-biagini,,,
16,Bettina Schnor,University of Potsdam,https://www.cs.uni-potsdam.de/~schnor,,,
17,Andreas Schwill,University of Potsdam,http://ddi.cs.uni-potsdam.de/Personen/schwill,,,
18,Ulrike Lucke,University of Potsdam,https://www.uni-potsdam.de/de/multimedia/team/profdr-inghabilulrikelucke,,,
19,Benno Stabernack,University of Potsdam,https://www.uni-potsdam.de/de/aess/mitarbeiter/mitarbeiter,,,
20,Norbert Gronau,University of Potsdam,https://lswi.de/lehrstuhl/personen/lehrstuhlinhaber/univ-prof-dr-ing-habil-norbert-gronau,kQ2QCSYAAAAJ,4026,29
21,Graeme Smith,University of Queensland,http://staff.itee.uq.edu.au/smith,JRxfQowAAAAJ,3802,24
22,Feng Liu,University of Queensland,http://researchers.uq.edu.au/researcher/951,cpUKNrMAAAAJ,4127,33
23,Stephen James Wilson,University of Queensland,https://researchers.uq.edu.au/researcher/271,LbH_GdYAAAAJ,4691,37
24,Alexander Pudmenzky,University of Queensland,http://researchers.uq.edu.au/researcher/804,,,
25,Lorna MacDonald,University of Queensland,https://researchers.uq.edu.au/researcher/1071,,,
26,Garry Marling,University of Queensland,http://www.smi.uq.edu.au/user/203,,,
27,Ryan K. L. Ko,University of Queensland,https://researchers.uq.edu.au/researcher/23784,kyTPC7cAAAAJ,3186,23
28,Udantha Ranjith Abeyratne,University of Queensland,http://www.itee.uq.edu.au/bme/abeyratne,mccLWM4AAAAJ,2775,29
29,Saeid Mehrkanoon,University of Queensland,http://researchers.uq.edu.au/researcher/14135,UMbNsJMAAAAJ,377,11
30,Peter O'Shea,University of Queensland,http://researchers.uq.edu.au/researcher/11892,,,
31,Paul E. I. Pounds,University of Queensland,http://www.itee.uq.edu.au/bme/pounds,b3cGSpgAAAAJ,3410,25
32,Shazia W. Sadiq,University of Queensland,http://researchers.uq.edu.au/researcher/792,1Jo0EmIAAAAJ,9094,47
33,Bo-Ting Yang,University of Regina,http://www.cs.uregina.ca/People/Profiles/BotingYang.html,,,
34,Malek Mouhoub,University of Regina,http://www.cs.uregina.ca/People/Profiles/MalekMouhoub.html,,,
35,Samira Sadaoui,University of Regina,http://www.cs.uregina.ca/People/Profiles/SamiraSadaouiMouhoub.html,,,
36,Lisa Fan,University of Regina,http://www.cs.uregina.ca/People/Profiles/LisaFan.html,,,
37,Robert J. Hilderman,University of Regina,http://www.cs.uregina.ca/People/Profiles/RobertHilderman.html,,,
38,Xue Dong Yang,University of Regina,http://www.cs.uregina.ca/People/Profiles/XueDongYang.html,,,
39,Daniel Stefankovic,University of Rochester,https://www.cs.rochester.edu/~stefanko,,,
40,Kai Shen,University of Rochester,https://www.cs.rochester.edu/u/kshen,,,
41,Lenhart K. Schubert,University of Rochester,https://www.cs.rochester.edu/~schubert,,,
42,Daniel Gildea,University of Rochester,https://www.cs.rochester.edu/u/gildea,,,
43,Randal C. Nelson,University of Rochester,https://www.cs.rochester.edu/~nelson,,,
44,Joel I. Seiferas,University of Rochester,https://www.cs.rochester.edu/~joel,,,
45,Andreas Heuer,University of Rostock,https://dbis.informatik.uni-rostock.de/mitarbeiter/heuer/andreas-heuer,,,
46,Bodo Urban,University of Rostock,https://www.igd.fraunhofer.de/institut/ueber-uns/alumni/bodo-urban,,,
47,Michael Fellmann,University of Rostock,https://www.wibis.uni-rostock.de/team,,,
48,Giancarlo Nota,University of Salerno,http://www.unisa.it/docenti/giancarlonota/en/index,,,
49,Gianluca De Marco,University of Salerno,http://www.unisa.it/docenti/gianlucademarco/index,Eg0ZuKUAAAAJ,703,14
50,Maurizio Tucci,University of Salerno,http://www.unisa.it/docenti/mauriziotucci/index,,,
51,Vincenzo Auletta,University of Salerno,http://www.unisa.it/docenti/vincenzoauletta/en/index,,,
52,Giuliana Vitiello,University of Salerno,http://www.unisa.it/docenti/giulianavitiello/english/index,ZQITnvAAAAAJ,1936,25
53,Riccardo Distasi,University of Salerno,http://www.unisa.it/docenti/riccardodistasi/index,,,
54,Roberto Tagliaferri,University of Salerno,http://www.unisa.it/docenti/robertotagliaferri/en/index,,,
55,Genny Tortora,University of Salerno,http://www.unisa.it/docenti/genoveffatortora/index,7PX-djYAAAAJ,7333,39
56,Monica Sebillo,University of Salerno,http://www.unisa.it/docenti/monicamariasebillo/index,xzUw4jQAAAAJ,1124,18
57,Francesco Tortorella,University of Salerno,https://docenti.unisa.it/041789/home,ftFwRzMAAAAJ,1974,24
58,Raffaele Pizzolante,University of Salerno,https://docenti.unisa.it/025505/home,zUUav3AAAAAJ,628,15
59,Angelo Marcelli,University of Salerno,http://docenti.unisa.it/003780/home,,,
60,Rosalba Zizza,University of Salerno,http://www.di.unisa.it/professori/zizza,wv21l2IAAAAJ,365,13
61,Marcella Anselmo,University of Salerno,http://www.di.unisa.it/professori/anselmo,YwQTOUMAAAAJ,593,15
62,Alberto Negro,University of Salerno,http://www.unisa.it/docenti/albertonegro/en/index,,,
63,Filomena Ferrucci,University of Salerno,http://salerno.academia.edu/FilomenaFerrucci,,,
64,Martin Held,University of Salzburg,https://www.cosy.sbg.ac.at/~held/held.html,,,
65,Nikolaus Augsten,University of Salzburg,https://dbresearch.uni-salzburg.at/people/augsten,,,
66,Wolfgang Pree,University of Salzburg,http://www.softwareresearch.net/home,,,
67,Rade Kutil,University of Salzburg,https://www.cosy.sbg.ac.at/~rkutil,,,
68,Helmut A. Mayer,University of Salzburg,https://www.cosy.sbg.ac.at/~helmut/helmut.html,,,
69,Stefan Resmerita,University of Salzburg,http://cs.uni-salzburg.at/~stefan.resmerita,,,
70,Elmar Eder,University of Salzburg,https://www.cosy.sbg.ac.at/~eder/eder.html,,,
71,Andreas Naderlinger,University of Salzburg,http://www.cs.uni-salzburg.at/~andreas.naderlinger,,,
72,Andreas Uhl,University of Salzburg,https://www.cosy.sbg.ac.at/~uhl,,,
73,Helge Hagenauer,University of Salzburg,https://www.cosy.sbg.ac.at/~hagenau,,,
74,Aniello Cimitile,University of Sannio,https://www.ding.unisannio.it/persone/docenti/cimitile,,,
75,Matthew Links,University of Saskatchewan,https://agbio.usask.ca/faculty-and-staff/people-pages/matthew-links.php,,,
76,Christopher Dutchyn,University of Saskatchewan,https://www.cs.usask.ca/faculty/cjd032,,,
77,Chanchal Roy,University of Saskatchewan,https://www.cs.usask.ca/~croy,,,
78,Michael Horsch,University of Saskatchewan,http://artsandscience.usask.ca/profile/MHorsch,,,
79,Ian McQuillan,University of Saskatchewan,https://www.cs.usask.ca/faculty/mcquillan,,,
80,Kevin Stanley,University of Saskatchewan,http://www.cs.usask.ca/faculty/stanley/kstanley,,,
81,Nadeem Jamali,University of Saskatchewan,http://agents.usask.ca/Agents_Lab/Nadeem_Jamali.html,,,
82,Tony Kusalik,University of Saskatchewan,http://artsandscience.usask.ca/profile/AKusalik,17NLe_IAAAAJ,2803,29
83,Anton Ragni,University of Sheffield,https://www.sheffield.ac.uk/dcs/people/academic/anton-ragni,bK8wK0EAAAAJ,1143,21
84,Loïc Barrault,University of Sheffield,https://www.sheffield.ac.uk/dcs/people/academic/loic-barrault,S6Xj1BYAAAAJ,5918,23
85,Jon Barker,University of Sheffield,https://www.sheffield.ac.uk/dcs/people/academic/jon-barker,-wmRVxoAAAAJ,6048,33
86,Markus Lohrey,University of Siegen,https://www.eti.uni-siegen.de/ti/mitarbeiter/lohrey,6EjzYkcAAAAJ,2778,29
87,Klaus-Dieter Kuhnert,University of Siegen,https://fokos.de/personal/prof-dr-ing-klaus-dieter-kuhnert,,,
88,Michael G. Wahl,University of Siegen,https://www.eti.uni-siegen.de/dis/mitarbeiter/wahl.html?lang=de,,,
89,Roland Wismüller,University of Siegen,https://www.bs.informatik.uni-siegen.de/mitarbeiter/wismueller/index_html,,,
90,Udo Kelter,University of Siegen,http://pi.informatik.uni-siegen.de/kelter,,,
91,Madjid Fathi,University of Siegen,https://www.eti.uni-siegen.de/ws/mitarbeiter/m_fathi/index.html?lang=de,,,
92,Caroline M. Eastman,University of South Carolina,https://cse.sc.edu/~eastman,,,
93,Matt E. Thatcher,University of South Carolina,https://www.sc.edu/study/colleges_schools/engineering_and_computing/faculty-staff/mattthatcher.php,3Rz6pOIAAAAJ,7244,31
94,Manton M. Matthews,University of South Carolina,https://cse.sc.edu/~matthews,VRF_3FsAAAAJ,1272,12
95,Vignesh Narayanan,University of South Carolina,https://vigsnar.github.io,rirGB10AAAAJ,360,10
96,Qiang Zeng,University of South Carolina,https://cse.sc.edu/~zeng1,,,
97,Marco G. Valtorta,University of South Carolina,http://www.cse.sc.edu/~mgv,l53UPjoAAAAJ,1786,21
98,John R. Rose,University of South Carolina,http://www.cse.sc.edu/~rose,,,
99,Stephen A. Fenner,University of South Carolina,http://www.cse.sc.edu/~fenner,VGn3SEoAAAAJ,1254,18
100,William Armitage,University of South Florida,http://www.usf.edu/engineering/cse/people,,,
101,Denis A. Nicole,University of Southampton,https://www.ecs.soton.ac.uk/people/dan1,,,
102,Yvonne Margaret Howard,University of Southampton,https://www.ecs.soton.ac.uk/people/ymhoward,,,
103,Bing Chu,University of Southampton,https://www.ecs.soton.ac.uk/people/bc1d11,,,
104,Andrew Sogokon,University of Southampton,https://www.ecs.soton.ac.uk/people/as1g19#research,-WBF91wAAAAJ,194,8
105,Neil M. White,University of Southampton,https://www.ecs.soton.ac.uk/people/neilw,-KqNHGQAAAAJ,14741,50
106,Eric Rogers,University of Southampton,https://www.ecs.soton.ac.uk/people/er,,,
107,R. A. Bodnar,University of Southampton,https://www.ecs.soton.ac.uk/people/rab1e14,,,
108,Timothy J. Norman,University of Southampton,https://www.ecs.soton.ac.uk/people/tjn1f15,,,
109,Ken S. Thomas,University of Southampton,https://www.ecs.soton.ac.uk/people/kst,,,
110,Klaus-Peter Zauner,University of Southampton,https://www.ecs.soton.ac.uk/people/kpz,,,
111,Julian Rathke,University of Southampton,https://www.ecs.soton.ac.uk/people/jr1a06,,,
112,Andrew M. Gravell,University of Southampton,https://www.ecs.soton.ac.uk/people/gravell#research,,,
113,Markus Brede,University of Southampton,https://www.ecs.soton.ac.uk/people/mb1a10#research,,,
114,Aiichiro Nakano,University of Southern California,http://physics.usc.edu/Faculty/Nakano,,,
115,Melvin A. Breuer,University of Southern California,http://ee.usc.edu/faculty_staff/faculty_directory/breuer.htm,,,
116,Ulrich Neumann,University of Southern California,http://graphics.usc.edu/cgit/un.html,,,
117,Ellis Horowitz,University of Southern California,http://www.ellishorowitz.com,,,
118,Michael S. Waterman,University of Southern California,https://dornsife.usc.edu/labs/msw,,,
119,Dennis McLeod,University of Southern California,https://viterbi.usc.edu/directory/faculty/McLeod/Dennis,,,
120,Rajiv K. Kalia,University of Southern California,http://physics.usc.edu/Faculty/Kalia,,,
121,Fei Sha,University of Southern California,http://www-bcf.usc.edu/~feisha,HDHOS0QAAAAJ,16570,50
122,Yan Liu,University of Southern California,http://www-bcf.usc.edu/~liu32,UUKLPMYAAAAJ,14694,55
123,Ming-Deh A. Huang,University of Southern California,http://www-bcf.usc.edu/~mdhuang,,,
124,Kai Hwang,University of Southern California,http://gridsec.usc.edu/Hwang.html,igFuAncAAAAJ,23071,64
125,Len Adleman,University of Southern California,https://www.usc.edu/dept/molecular-science/fm-adleman.htm,,,
126,Shang-Hua Teng,University of Southern California,http://www-bcf.usc.edu/~shanghua,,,
127,Xianghong Jasmine Zhou,University of Southern California,http://zhoulab.usc.edu,,,
128,Dia Ali,University of Southern Mississippi,https://www.usm.edu/computing/faculty/dia-ali,,,
129,Bikramjit Banerjee,University of Southern Mississippi,https://www.usm.edu/computing/faculty/bikramjit-banerjee,,,
130,Chaoyang Zhang,University of Southern Mississippi,http://orca.st.usm.edu/~zhang,,,
131,Nan Wang,University of Southern Mississippi,http://orca.st.usm.edu/~nwang,,,
132,Wonryull Koh,University of Southern Mississippi,https://www.usm.edu/computing/faculty/wonryull-koh,,,
133,Kuo Chen,University of Southern Mississippi,https://www.usm.edu/computing/faculty/kuo-chen,,,
134,Beddhu Murali,University of Southern Mississippi,https://www.usm.edu/computing/faculty/beddhu-murali,,,
135,Amer Dawoud,University of Southern Mississippi,https://www.usm.edu/computing/faculty/amer-dawoud,,,
136,Connie White,University of Southern Mississippi,https://www.usm.edu/computing,,,
137,Zheng Wang,University of Southern Mississippi,http://www.cs.miami.edu/home/zwang,,,
138,Zhaoxian Zhou,University of Southern Mississippi,http://orca.st.usm.edu/~zzhou,,,
139,Jonathan Sun,University of Southern Mississippi,http://www.cs.usm.edu/~jsun,,,
140,Ian Gent,University of St Andrews,http://ian.gent,,,
141,Saleem Bhatti,University of St Andrews,https://saleem.host.cs.st-andrews.ac.uk,,,
142,Alan Dearle,University of St Andrews,https://al.host.cs.st-andrews.ac.uk,,,
143,Ruth Letham,University of St Andrews,https://rah11.host.cs.st-andrews.ac.uk,,,
144,John Thomson,University of St Andrews,https://jt.host.cs.st-andrews.ac.uk,,,
145,Jonathan Lewis,University of St Andrews,https://jonl.host.cs.st-andrews.ac.uk,,,
146,Mike Weir,University of St Andrews,https://mkw.host.cs.st-andrews.ac.uk,,,
147,Ishbel Duncan,University of St Andrews,https://ishbel.host.cs.st-andrews.ac.uk,,,
148,Ognjen Arandjelovic,University of St Andrews,https://oa7.host.cs.st-andrews.ac.uk,,,
149,Dharini Balasubramaniam,University of St Andrews,https://dharini.host.cs.st-andrews.ac.uk,,,
150,David Harris-Birtill,University of St Andrews,https://dcchb.host.cs.st-andrews.ac.uk,,,
151,Erhard Plödereder,University of Stuttgart,http://www.iste.uni-stuttgart.de/ps/team/ploedereder.html,,,
152,Martin Radetzki,University of Stuttgart,https://www.iti.uni-stuttgart.de/en/chairs/embedded-systems/people/martin-radetzki.html,,,
153,Volker Diekert,University of Stuttgart,http://www.fmi.uni-stuttgart.de/ti/personen/Diekert,,,
154,Sven Simon,University of Stuttgart,https://www.ipvs.uni-stuttgart.de/abteilungen/pas/abteilung/mitarbeiter/sven.simon?__locale=en,,,
155,Ralf Küsters,University of Stuttgart,https://sec.informatik.uni-stuttgart.de/people/kuesters,,,
156,Dieter Roller,University of Stuttgart,http://www.iris.uni-stuttgart.de/institut/mitarbeiter/roller.html,,,
157,Uwe Reyle,University of Stuttgart,http://www.ims.uni-stuttgart.de/institut/mitarbeiter/uwe,,,
158,Chris Thornton,University of Sussex,http://www.sussex.ac.uk/informatics/people/peoplelists/person/2684,,,
159,Paul F. Newbury,University of Sussex,http://www.sussex.ac.uk/informatics/people/peoplelists/person/126552,,,
160,David J. Weir,University of Sussex,http://www.sussex.ac.uk/informatics/people/peoplelists/person/2860,DxGZlC4AAAAJ,3125,22
161,Ian Mackie,University of Sussex,http://www.sussex.ac.uk/informatics/people/peoplelists/person/212026,6B5sAdsAAAAJ,1528,20
162,Natalia Beloff,University of Sussex,http://www.sussex.ac.uk/informatics/people/peoplelists/person/109401,,,
163,Sharon Wood,University of Sussex,http://www.sussex.ac.uk/informatics/people/peoplelists/person/2974,,,
164,Bernhard Reus,University of Sussex,http://www.sussex.ac.uk/informatics/people/peoplelists/person/115097,,,
165,Fabio Ramos,University of Sydney,http://www-personal.acfr.usyd.edu.au/f.ramos/Fabio_Ramos_Homepage/Home.html,,,
166,John Stavrakakis,University of Sydney,http://sydney.edu.au/engineering/it/about/people/lecturers.shtml,,,
167,Vera Chung,University of Sydney,http://sydney.edu.au/engineering/people/vera.chung.php,,,
168,Bing Bing Zhou,University of Sydney,http://www.it.usyd.edu.au/~bzho9612,,,
169,Na Liu,University of Sydney,https://sydney.edu.au/engineering/people/liu.na.php,PBDco2kAAAAJ,461,13
170,József Békési,University of Szeged,http://www.jgypk.hu/~bekesi,,,
171,Vambola Leping,University of Tartu,http://www.ut.ee/en/vambola-leping,,,
172,Siim Karus,University of Tartu,http://www.ut.ee/en/siim-karus,,,
173,Reimo Palm,University of Tartu,http://www.ut.ee/en/reimo-palm,,,
174,Helle Hein,University of Tartu,http://www.ut.ee/en/kontakt/arvutiteaduse-instituut,,,
175,Ahti Peder,University of Tartu,http://www.ut.ee/en/ahti-peder,,,
176,Härmel Nestra,University of Tartu,http://www.ut.ee/en/harmel-nestra,,,
177,Fabrizio Maria Maggi,University of Tartu,https://www.etis.ee/Portal/Persons/Display/a37d438b-3add-4c4f-8e49-dfacab570f23,Jo9fNKEAAAAJ,7708,46
178,Tony He,University of Technology Sydney,https://www.uts.edu.au/staff/tony.he1,dMMR06sAAAAJ,1172,17
179,Jonghyuk Kim,University of Technology Sydney,https://www.uts.edu.au/staff/jonghyuk.kim,md84WxYAAAAJ,2817,23
180,Steve Wozniak,University of Technology Sydney,https://www.uts.edu.au/staff/stephen.wozniak,,,
181,Xun Wang,University of Technology Sydney,https://www.uts.edu.au/staff/xun.wang-1,,,
182,Benjamin Johnston,University of Technology Sydney,https://www.uts.edu.au/staff/benjamin.johnston,,,
183,Barry Jay,University of Technology Sydney,https://www.uts.edu.au/staff/barry.jay,,,
184,Mary-Anne Williams,University of Technology Sydney,https://www.uts.edu.au/staff/mary-anne.williams,,,
185,Ling Chen,University of Technology Sydney,https://www.uts.edu.au/staff/ling.chen,,,
186,Jesse Clark,University of Technology Sydney,https://www.uts.edu.au/staff/jesse.clark,,,
187,Sanjiang Li,University of Technology Sydney,https://www.uts.edu.au/staff/sanjiang.li,,,
188,Beinat Paul,University of Technology Sydney,https://www.uts.edu.au/staff/paul.beinat,,,
189,Yilu Liu,University of Tennessee,http://www.eecs.utk.edu/people/faculty/liu,,,
190,Benjamin J. Blalock,University of Tennessee,http://web.eecs.utk.edu/~bblalock,K-nxf74AAAAJ,6773,41
191,Kai Sun,University of Tennessee,http://web.eecs.utk.edu/~kaisun,iYCM0GYAAAAJ,6086,39
192,Jens Gregor,University of Tennessee,http://web.eecs.utk.edu/~jgregor,dr5mE48AAAAJ,1002,20
193,Amir Sadovnik,University of Tennessee,http://uvu.eecs.utk.edu,OBuu9_YAAAAJ,362,9
194,Brad T. Vander Zanden,University of Tennessee,http://web.eecs.utk.edu/~bvz,,,
195,Seddik M. Djouadi,University of Tennessee,https://www.eecs.utk.edu/people/faculty/mdjouadi,2JfQjLMAAAAJ,1966,21
196,Héctor Pulgar-Painemal,University of Tennessee,https://www.eecs.utk.edu/people/faculty/hpulgar,aXJa1EcAAAAJ,885,16
197,Michael D. Vose,University of Tennessee,http://www.eecs.utk.edu/people/faculty/mvose1,,,
198,Max Schuchard,University of Tennessee,https://web.eecs.utk.edu/~mschucha/index.html,,,
199,Nicole McFarlane,University of Tennessee,http://www.eecs.utk.edu/people/faculty/mcf,,,
200,Natalia Villanueva-Rosales,University of Texas - El Paso,https://www.utep.edu/newsfeed/campus/Smart-Cities-Grant-Fosters-International-Collaborations.html,,,
201,Luc Longpré,University of Texas - El Paso,http://faculty.utep.edu/longpre,,,
202,Ann Q. Gates,University of Texas - El Paso,http://faculty.utep.edu/Default.aspx?alias=faculty.utep.edu/agates,SfdnQ60AAAAJ,1740,21
203,Yoonsik Cheon,University of Texas - El Paso,http://www.cs.utep.edu/cheon,lxaj4-sAAAAJ,3936,26
204,Martine Ceberio,University of Texas - El Paso,http://utep.academia.edu/MartineCeberio,uI_FmL8AAAAJ,829,15
205,Salamah Salamah,University of Texas - El Paso,http://www.cs.utep.edu/isalamah,YnVRhnkAAAAJ,258,8
206,Ming Li,University of Texas at Arlington,https://mentis.uta.edu/explore/profile/ming-li,pVqH3WcAAAAJ,1439,21
207,Yonghe Liu,University of Texas at Arlington,https://www.uta.edu/profiles/yonghe-liu,,,
208,Fillia Makedon,University of Texas at Arlington,http://heracleia.uta.edu/~makedon,,,
209,Farhad Ahani Kamangar,University of Texas at Arlington,http://ranger.uta.edu/~kamangar,E23Ps_EAAAAJ,1320,14
210,Shirin Nilizadeh,University of Texas at Arlington,http://crystal.uta.edu/~shirin,UaSo4BoAAAAJ,865,12
211,Ramez A. Elmasri,University of Texas at Arlington,http://ranger.uta.edu/~elmasri,lPtRH2wAAAAJ,18307,42
212,Jean Gao,University of Texas at Arlington,http://crystal.uta.edu/~gao,,,
213,Leonidas Fegaras,University of Texas at Arlington,http://lambda.uta.edu,,,
214,Bob Weems,University of Texas at Arlington,http://ranger.uta.edu/~weems,,,
215,E. Allen Emerson,University of Texas at Austin,http://www.cs.utexas.edu/~emerson,,,
216,Don Fussell,University of Texas at Austin,http://www.cs.utexas.edu/users/fussell,,,
217,C. Greg Plaxton,University of Texas at Austin,https://www.cs.utexas.edu/users/plaxton,,,
218,Vijay Chidambaram,University of Texas at Austin,http://www.cs.utexas.edu/~vijay,,,
219,J Strother Moore,University of Texas at Austin,https://www.cs.utexas.edu/users/moore,91fyr68AAAAJ,14873,47
220,Dan Miranker,University of Texas at Austin,https://www.cs.utexas.edu/~miranker,,,
221,Alan Cline,University of Texas at Austin,https://www.cs.utexas.edu/directory/alan-cline,,,
222,Eunsol Choi,University of Texas at Austin,https://homes.cs.washington.edu/~eunsol,,,
223,Jayadev Misra,University of Texas at Austin,http://www.cs.utexas.edu/~misra,,,
224,Ovidiu Daescu,University of Texas at Dallas,http://www.utdallas.edu/~daescu,,,
225,Andras Farago,University of Texas at Dallas,http://www.utdallas.edu/~farago,,,
226,Ivan Hal Sudborough,University of Texas at Dallas,https://explorer.utdallas.edu/editprofile.php?pid=13187,,,
227,Neeraj Mittal,University of Texas at Dallas,https://www.utdallas.edu/~neerajm,,,
228,Balaji Raghavachari,University of Texas at Dallas,https://www.utdallas.edu/~rbk,,,
229,Yvo Desmedt,University of Texas at Dallas,http://www.utdallas.edu/~Yvo.Desmedt,,,
230,Shiyi Wei,University of Texas at Dallas,http://utdallas.edu/~swei,,,
231,R. Chandrasekaran,University of Texas at Dallas,https://www.utdallas.edu/~chandra,AkvAUzkAAAAJ,9091,49
232,Yang Liu,University of Texas at Dallas,http://www.hlt.utdallas.edu/~yangl,,,
233,Paul A. Fishwick,University of Texas at Dallas,http://www.utdallas.edu/atec/fishwick,-GT5PAkAAAAJ,8631,45
234,S. Q. Zheng,University of Texas at Dallas,http://www.utdallas.edu/~sizheng,,,
235,Rym Mili,University of Texas at Dallas,http://www.utdallas.edu/~rmili,,,
236,Sanda M. Harabagiu,University of Texas at Dallas,http://www.utdallas.edu/~sanda,,,
237,Kevin W. Hamlen,University of Texas at Dallas,http://www.utdallas.edu/~hamlen,Q2Fd_XYAAAAJ,4020,31
238,Farokh B. Bastani,University of Texas at Dallas,https://www.utdallas.edu/~bastani,,,
239,I-Ling Yen,University of Texas at Dallas,http://www.utdallas.edu/~ilyen,,,
240,Rishabh K. Iyer,University of Texas at Dallas,https://cs.utdallas.edu/people/faculty/iyer-rishabh,l_XxJ1kAAAAJ,1820,21
241,Gopal Gupta,University of Texas at Dallas,http://www.utdallas.edu/~gupta,-Jbd9DsAAAAJ,6831,37
242,Latifur Khan,University of Texas at Dallas,https://www.utdallas.edu/~lkhan,8Qt10f4AAAAJ,12576,62
243,B. Prabhakaran,University of Texas at Dallas,http://www.utdallas.edu/~praba,4yki88YAAAAJ,3705,31
244,Kamil Saraç,University of Texas at Dallas,http://www.utdallas.edu/~ksarac,,,
245,Ivor P. Page,University of Texas at Dallas,http://www.utdallas.edu/~ivor,,,
246,Simeon C. Ntafos,University of Texas at Dallas,http://www.utdallas.edu/~ntafos,,,
247,Jorge Arturo Cobb,University of Texas at Dallas,http://www.utdallas.edu/~jcobb,V0b8cEcAAAAJ,1009,18
248,Wei Wang,University of Texas at San Antonio,http://www.cs.utsa.edu/~wwang,,,
249,Hiroshi Esaki,University of Tokyo,http://hiroshi1.hongo.wide.ad.jp/hiroshi,,,
250,Junya Honda,University of Tokyo,http://www.it.k.u-tokyo.ac.jp/~honda/index_e.html,Aw8OrxQAAAAJ,1321,19
251,Kanta Matsuura,University of Tokyo,http://kmlab.iis.u-tokyo.ac.jp/kanta_matsuura.html,,,
252,Hirokazu Takahashi,University of Tokyo,http://www.rcast.u-tokyo.ac.jp/research/people/staff-takahashi_hirokazu_en.html,,,
253,Michitaka Hirose,University of Tokyo,http://www.rcast.u-tokyo.ac.jp/research/people/staff-hirose_michitaka_en.html,ddx63nwAAAAJ,8375,40
254,Kazuyuki Aihara,University of Tokyo,https://www.iis.u-tokyo.ac.jp/en/research/staff/kazuyuki-aihara,,,
255,Mary Inaba,University of Tokyo,http://akashi.ci.i.u-tokyo.ac.jp/mary/index-e.html,,,
256,Kensuke Aishima,University of Tokyo,http://www.sr3.t.u-tokyo.ac.jp/~aishima/index_en.html,,,
257,Yoshihide Yoshimoto,University of Tokyo,http://www.s.u-tokyo.ac.jp/en/people/yoshimoto_yoshihide,,,
258,Kumiko Tanaka,University of Tokyo,http://www.rcast.u-tokyo.ac.jp/research/people/staff-tanaka-ishii_kumiko_en.html,,,
259,Rui Yamaguchi,University of Tokyo,http://bonsai.hgc.jp/~ruiy,XyArCaoAAAAJ,3874,34
260,Ryuma Niiyama,University of Tokyo,http://www.isi.imi.i.u-tokyo.ac.jp/en/member.html,0NMf5sgAAAAJ,2312,23
261,Hiromichi Nagao,University of Tokyo,http://www.eri.u-tokyo.ac.jp/nagaoh/members-e.html,ryfI46EAAAAJ,438,11
262,Masami Hagiya,University of Tokyo,http://hagi.is.s.u-tokyo.ac.jp/hagiya,,,
263,Reiji Suda,University of Tokyo,http://olab.is.s.u-tokyo.ac.jp/~reiji,,,
264,Gouhei Tanaka,University of Tokyo,http://www.sat.t.u-tokyo.ac.jp/~gouhei,,,
265,Tomohiro Tanikawa,University of Tokyo,http://www.cyber.t.u-tokyo.ac.jp,,,
266,Rie Yamaguchi,University of Tokyo,http://www.yamagula.ic.i.u-tokyo.ac.jp/index_e.html,,,
267,Masayuki Inaba,University of Tokyo,http://www.jsk.t.u-tokyo.ac.jp/~inaba,,,
268,Takaaki Ohnishi,University of Tokyo,http://www.canon-igs.org/en/fellows/takaaki_ohnishi.html,,,
269,Satoru Miyano,University of Tokyo,http://bonsai.hgc.jp/people/miyano/profile.html,,,
270,Tomoyuki Takahata,University of Tokyo,http://www.leopard.t.u-tokyo.ac.jp/~takahata,,,
271,Takayasu Matsuo,University of Tokyo,http://www.sr3.t.u-tokyo.ac.jp/~matsuo/eprof.html,,,
272,Issei Sato,University of Tokyo,http://www.ms.k.u-tokyo.ac.jp/sato,,,
273,Shunsuke Kamijo,University of Tokyo,http://www.iis.u-tokyo.ac.jp/en/research/staff/shunsuke-kamijo,,,
274,Sin'ichi Satoh,University of Tokyo,http://research.nii.ac.jp/~satoh,,,
275,Fumiyasu Komaki,University of Tokyo,http://www.i.u-tokyo.ac.jp/news/focus_e/komaki.shtml,,,
276,Akiko Aizawa,University of Tokyo,http://research.nii.ac.jp/~akiko/index_e.html,JQy5hPoAAAAJ,4235,29
277,Tetsuo Shibuya,University of Tokyo,https://www.hgc.jp/~tshibuya,,,
278,Hiroshi Hirai,University of Tokyo,http://www.misojiro.t.u-tokyo.ac.jp/~hirai,,,
279,Koiti Hasida,University of Tokyo,http://www.i.u-tokyo.ac.jp/edu/course/ice/members_e.shtml,d3CnvP8AAAAJ,2737,24
280,Hideya Ochiai,University of Tokyo,http://www.u-tokyo.ac.jp/en/people/?id=9421810450,4Ng9MrsAAAAJ,624,13
281,Takeshi Naemura,University of Tokyo,http://www.hc.t.u-tokyo.ac.jp/~naemura,,,
282,Isao Shimoyama,University of Tokyo,http://www.leopard.t.u-tokyo.ac.jp/intro.html,,,
283,Hitoshi Iba,University of Tokyo,http://www.iba.t.u-tokyo.ac.jp/~iba,,,
284,Hiroshi Imai,University of Tokyo,http://www-imai.is.s.u-tokyo.ac.jp/~imai,,,
285,Yusuke Miyao,University of Tokyo,https://mynlp.github.io/en,,,
286,Hidetsugu Irie,University of Tokyo,http://www.mtl.t.u-tokyo.ac.jp/~irie/en/profile,,,
287,Kenji Yamanishi,University of Tokyo,http://www.ibis.t.u-tokyo.ac.jp/yamanishi/index_e.html,,,
288,Shuichi Sakai,University of Tokyo,http://www.mtl.t.u-tokyo.ac.jp/~sakai,,,
289,Masaru Kitsuregawa,University of Tokyo,http://www.tkl.iis.u-tokyo.ac.jp/FIRST/members/kitsuregawa.en.html,,,
290,Amir H. Chinaei,University of Toronto,http://www.cs.toronto.edu/~ahchinaei,rMAd2n4AAAAJ,322,8
291,Peter Marbach,University of Toronto,http://www.cs.toronto.edu/~marbach,,,
292,Faith E. Fich,University of Toronto,http://www.cs.toronto.edu/~faith,,,
293,Bogdan Simion,University of Toronto,http://www.cs.toronto.edu/~bogdan,,,
294,Christina C. Christara,University of Toronto,http://www.cs.toronto.edu/~ccc,,,
295,Kiriakos N. Kutulakos,University of Toronto,http://www.cs.toronto.edu/~kyros,bQJWJPYAAAAJ,8181,37
296,Anthony J. Bonner,University of Toronto,http://www.cs.toronto.edu/~bonner,,,
297,Vassos Hadzilacos,University of Toronto,http://www.cs.toronto.edu/~vassos,,,
298,Thomas F. Fairgrieve,University of Toronto,http://www.cs.toronto.edu/~tff,,,
299,Suzanne Stevenson,University of Toronto,http://www.cs.toronto.edu/~suzanne,,,
300,Ron Baecker,University of Toronto,http://ron.taglab.ca,,,
301,Gary Baumgartner,University of Toronto,http://www.cs.toronto.edu/~gfb,,,
302,Eitan Grinspun,University of Toronto,http://www.cs.columbia.edu/~eitan,,,
303,Sam Toueg,University of Toronto,http://www.cs.toronto.edu/theory/People.html,,,
304,Swastik Kopparty,University of Toronto,https://www.math.toronto.edu/swastik,,,
305,Mark H. Chignell,University of Toronto,https://www.mie.utoronto.ca/mie/faculty/chignell,6C1lQzwAAAAJ,7523,40
306,Eric C. R. Hehner,University of Toronto,http://www.cs.utoronto.ca/~hehner,,,
307,Andreas G. Veneris,University of Toronto,http://www.eecg.utoronto.ca/~veneris/AndreasVeneris.htm,ItQhxCkAAAAJ,2853,27
308,Nicola Conci,University of Trento,https://webapps.unitn.it/du/en/Persona/PER0003698/Curriculum,mR1GK28AAAAJ,2113,28
309,Paolo Rocca,University of Trento,https://webapps.unitn.it/du/en/Persona/PER0000568/Didattica,pRfK0vEAAAAJ,12024,61
310,Farid Melgani,University of Trento,https://disi.unitn.it/~melgani,,,
311,Andrea Massa,University of Trento,http://www.soi.unitn.it/staff/andrea-massa,,,
312,Giacomo Oliveri,University of Trento,http://www.soi.unitn.it/staff/giacomo-oliveri,,,
313,Axel Kalenborn,University of Trier,https://www.uni-trier.de/index.php?id=17390,,,
314,Stefan Näher,University of Trier,http://www.informatik.uni-trier.de/~naeher,,,
315,Peter Sturm,University of Trier,https://www.uni-trier.de/index.php?id=17497,,,
316,Norbert Th. Müller,University of Trier,https://www.uni-trier.de/?id=3591,,,
317,Kenji Suzuki,University of Tsukuba,http://www.ai.iit.tsukuba.ac.jp/kenji,,,
318,Fumihide Tanaka,University of Tsukuba,http://fumihide-tanaka.org/lab/en/members.html,,,
319,Hiromi Mochiyama,University of Tsukuba,http://www.frlab.iit.tsukuba.ac.jp/member/motiyama.html,,,
320,Jun'ichi Hoshino,University of Tsukuba,http://www.entcomp.iit.tsukuba.ac.jp/jhoshino,,,
321,Takehito Utsuro,University of Tsukuba,http://nlp.iit.tsukuba.ac.jp/member/utsuro/home.html,,,
322,Hidehiko Shishido,University of Tsukuba,https://sites.google.com/image.iit.tsukuba.ac.jp/shishido,,,
323,Seung-Hee Lee,University of Tsukuba,https://kansei.design/en/author/seunghee-lee,,,
324,Shinsuke Kondoh,University of Tsukuba,https://staff.aist.go.jp/kondou-shinsuke,,,
325,Ikkaku Kawaguchi,University of Tsukuba,https://sites.google.com/view/ikkakukawaguchi/e-home,,,
326,Yuki Hashimoto,University of Tsukuba,https://sites.google.com/site/yhrips,,,
327,Moritoshi Yasunaga,University of Tsukuba,http://www.islab.cs.tsukuba.ac.jp/~yasunaga/EnglishWebPage/index.html,,,
328,Mizuki Oka,University of Tsukuba,https://websci.cs.tsukuba.ac.jp/member/mizuki-oka,,,
329,Koji Hasebe,University of Tsukuba,http://www.cs.tsukuba.ac.jp/~hasebe,,,
330,Yoshiyuki Sankai,University of Tsukuba,https://trios.tsukuba.ac.jp/researcher/0000001020,,,
331,Ayanori Yorozu,University of Tsukuba,https://trios.tsukuba.ac.jp/en/researcher/0000004390,,,
332,Ikushi Yoda,University of Tsukuba,https://staff.aist.go.jp/i-yoda,,,
333,Yuki Endo,University of Tsukuba,http://www.cgg.cs.tsukuba.ac.jp/~endo/index_en.html,,,
334,Yutaka Satoh,University of Tsukuba,https://staff.aist.go.jp/yu.satou,,,
335,Hiroo Iwata,University of Tsukuba,http://eva.vrlab.esys.tsukuba.ac.jp/profile,,,
336,Roger L. Wainwright,University of Tulsa,http://personal.utulsa.edu/~rogerw,RnhRmCQAAAAJ,2858,28
337,Hani Girgis,University of Tulsa,https://faculty.utulsa.edu/~/hani-girgis,NZbiV5YAAAAJ,789,11
338,Mauricio Papa,University of Tulsa,https://faculty.utulsa.edu/~/mauricio-papa,nLmbyH8AAAAJ,1403,20
339,Sujeet Shenoi,University of Tulsa,https://faculty.utulsa.edu/faculty/sujeet-shenoi,,,
340,Dale A. Schoenefeld,University of Tulsa,https://faculty.utulsa.edu/~/dale-schoenefeld,,,
341,Manfred Claassen,University of Tübingen,https://www.medizin.uni-tuebingen.de/de/das-klinikum/mitarbeiter/profil/2147,,,
342,Bettina Rolke,University of Tübingen,https://fit.uni-tuebingen.de/Portfolio/Details?id=495,,,
343,Thomas Walter,University of Tübingen,https://uni-tuebingen.de/en/faculties/faculty-of-science/departments/computer-science/lehrstuehle/informationsdienste/team/thomas-walter,,,
344,Wolfgang Küchlin,University of Tübingen,https://uni-tuebingen.de/en/faculties/faculty-of-science/departments/computer-science/lehrstuehle/symbolisches-rechnen/arbeitsbereich/prof-wolfgang-kuechlin,-DFXkiIAAAAJ,2164,25
345,Klaus-Jörn Lange,University of Tübingen,https://uni-tuebingen.de/en/faculties/faculty-of-science/departments/computer-science/lehrstuehle/theoretical-computer-science/home,,,
346,Reinhard Kahle,University of Tübingen,https://uni-tuebingen.de/en/faculties/faculty-of-science/departments/interfaculty-facilities/philosophy-and-history-of-science/#c840039,,,
347,Susanne Biundo,University of Ulm,https://www.uni-ulm.de/in/ki/inst/staff/susanne-biundo,k6evC3YAAAAJ,2595,30
348,Blair D. Sullivan,University of Utah,https://www.cs.utah.edu/~sullivan/#!/about,0xmFnB4AAAAJ,913,17
349,Richard F. Riesenfeld,University of Utah,https://www.cs.utah.edu/~rfr,,,
350,Jake J. Abbott,University of Utah,https://www.mech.utah.edu/directory/faculty/jake-abbott,,,
351,Ladislav Kavan,University of Utah,https://www.cs.utah.edu/~ladislav,62RXlNoAAAAJ,4062,27
352,Mark Christensen van Langeveld,University of Utah,https://faculty.utah.edu/u0319743-MARK_C._VAN_LANGEVELD/biography/index.hml,,,
353,Craig Caldwell,University of Utah,https://faculty.utah.edu/u0681115-CRAIG_B_CALDWELL/teaching/index.hml,,,
354,R. Michael Young,University of Utah,https://faculty.utah.edu/u6006841-ROBERT_MICHAEL_YOUNG/research/index.hml,,,
355,Sneha Kumar Kasera,University of Utah,https://www.cs.utah.edu/~kasera,XeYCNAwAAAAJ,5386,32
356,Chris R. Johnson,University of Utah,http://www.cs.utah.edu/~crj,,,
357,Lee A. Hollaar,University of Utah,http://www.cs.utah.edu/~hollaar,,,
358,Erin Parker,University of Utah,http://www.cs.utah.edu/~parker,,,
359,George F. Pinder,University of Vermont,http://www.uvm.edu/~cems/?Page=employee/profile.php&SM=employee/_employeemenu.html&EmID=18,,,
360,Brian Beckage,University of Vermont,http://www.uvm.edu/~bbeckage,,,
361,Alan C. H. Ling,University of Vermont,http://www.emba.uvm.edu/~aling,pznK-dQAAAAJ,2781,29
362,Byung Seub Lee,University of Vermont,http://www.uvm.edu/~cems/?Page=employee/profile.php&SM=employee/_employeemenu.html&EmID=195,,,
363,Safwan Wshah,University of Vermont,https://www.uvm.edu/cems/cs/profiles/safwan-wshah,,,
364,Donna M. Rizzo,University of Vermont,http://www.uvm.edu/~drizzo,osU2ToIAAAAJ,601,13
365,Mantis Cheng,University of Victoria,http://www.csc.uvic.ca/~mcheng,,,
366,Eduard Mehofer,University of Vienna,https://cs.univie.ac.at/eduard.mehofer,,,
367,Karl Anton Froeschl,University of Vienna,https://cs.univie.ac.at/karl-anton.froeschl,,,
368,Dimitris Karagiannis,University of Vienna,https://cs.univie.ac.at/dimitris.karagiannis,,,
369,Gabriele E. Danninger-Uchida,University of Vienna,https://cs.univie.ac.at/gabriele.uchida,,,
370,Wolfgang Klas,University of Vienna,https://cs.univie.ac.at/wolfgang.klas,,,
371,Maria Knobelsdorf,University of Vienna,https://informatik.univie.ac.at/Maria.Knobelsdorf,ADZsiiEAAAAJ,793,15
372,Maria Leitner,University of Vienna,https://informatik.univie.ac.at/Maria.Leitner,W7uTJPgAAAAJ,454,13
373,Sebastian Tschiatschek,University of Vienna,https://dm.cs.univie.ac.at/team/person/109359,nlJCSWcAAAAJ,1651,21
374,Renate Motschnig,University of Vienna,https://cs.univie.ac.at/renate.motschnig,u6Q3elwAAAAJ,3545,30
375,Wilfried N. Gansterer,University of Vienna,https://cs.univie.ac.at/wilfried.gansterer,vdfs-t8AAAAJ,2004,22
376,Gerald Quirchmayr,University of Vienna,https://cs.univie.ac.at/gerald.quirchmayr,,,
377,Werner Winiwarter,University of Vienna,https://cs.univie.ac.at/werner.winiwarter,,,
378,Christopher Barrett,University of Virginia,https://engineering.virginia.edu/faculty/christopher-l-barrett,,,
379,David E. Evans,University of Virginia,http://www.cs.virginia.edu/~evans,,,
380,Madhav Marathe,University of Virginia,https://engineering.virginia.edu/faculty/madhav-marathe,,,
381,Nathan Brunelle,University of Virginia,https://engineering.virginia.edu/faculty/nathan-brunelle,,,
382,Samira Manabi Khan,University of Virginia,http://www.cs.virginia.edu/~smk9u,MkU_TDAAAAAJ,3259,28
383,Matthew B. Dwyer,University of Virginia,http://matthewbdwyer.github.io,-ZRKCcEAAAAJ,12201,51
384,Worthy Martin,University of Virginia,https://www.cs.virginia.edu/people/faculty/martin.html,,,
385,Keith Soo,University of Waikato,http://www.cms.waikato.ac.nz/people/ceks,,,
386,Judy Bowen,University of Waikato,http://www.cs.waikato.ac.nz/~jbowen,,,
387,Marcin Dziubinski,University of Warsaw,http://www.mimuw.edu.pl/~amosild,,,
388,Pawel Urzyczyn,University of Warsaw,http://www.mimuw.edu.pl/~urzy,,,
389,Pawel Parys,University of Warsaw,http://www.mimuw.edu.pl/~parys/aboutme,HNws2BAAAAAJ,557,14
390,Wojciech Plandowski,University of Warsaw,http://www.mimuw.edu.pl/~rytter,-CONtAwAAAAJ,2024,23
391,Wojciech Jaworski,University of Warsaw,http://www.mimuw.edu.pl/~wjaworski,,,
392,Jacek Sroka,University of Warsaw,http://fuzzyinsights.com/author/jacek-sroka,,,
393,Miroslaw Kowaluk,University of Warsaw,http://cs.lth.se/english/algorithms/projects/combinatorial-and-geometric-problems,,,
394,Linh Anh Nguyen,University of Warsaw,http://www.mimuw.edu.pl/~nguyen,,,
395,Marcin Peczarski,University of Warsaw,http://www.mimuw.edu.pl/~marpe,,,
396,Andrzej Janusz,University of Warsaw,https://ml.linkedin.com/in/andrzej-janusz-bb693a33,,,
397,Anna Zych,University of Warsaw,http://informatorects.uw.edu.pl/en/courses/view?prz_kod=1000-712ASD,,,
398,Jan Madey,University of Warsaw,http://www.eunis.org/organization/jan-madey-bio,,,
399,Jane E. Sinclair,University of Warwick,https://warwick.ac.uk/fac/sci/dcs/people/jane_sinclair,,,
400,Matthew Leeke,University of Warwick,https://warwick.ac.uk/fac/sci/dcs/people/matthew_leeke,,,
401,Matthias Englert,University of Warwick,https://warwick.ac.uk/fac/sci/dcs/people/matthias_englert,,,
402,Dmitry Chistikov,University of Warwick,https://warwick.ac.uk/fac/sci/dcs/people/dmitry_chistikov,,,
403,Alan Borning,University of Washington,http://www.cs.washington.edu/people/faculty/borning,,,
404,Tanushree Mitra,University of Washington,http://faculty.washington.edu/tmitra,,,
405,Sewoong Oh,University of Washington,http://swoh.web.engr.illinois.edu,,,
406,Michael B. Taylor,University of Washington,http://cseweb.ucsd.edu/~mbtaylor,H75ld_gAAAAJ,170,2
407,Steve Tanimoto,University of Washington,http://www.cs.washington.edu/people/faculty/tanimoto,OeULb38AAAAJ,7509,35
408,Ranjay Krishna,University of Washington,http://www.ranjaykrishna.com/index.html,IcqahyAAAAAJ,7012,21
409,Martin Tompa,University of Washington,http://www.cs.washington.edu/people/faculty/tompa,0dLrHcQAAAAJ,9722,40
410,Linda G. Shapiro,University of Washington,http://cs.washington.edu/homes/shapiro,nBwaXUsAAAAJ,29108,59
411,Gary Hsieh,University of Washington,http://faculty.washington.edu/garyhs,-hwb_2kAAAAJ,3489,29
412,Adriana Schulz,University of Washington,https://homes.cs.washington.edu/~adriana,q_krEZgAAAAJ,577,12
413,Shyam Gollakota,University of Washington,https://homes.cs.washington.edu/~gshyam,w_HJY2MAAAAJ,12404,43
414,John Zahorjan,University of Washington,https://homes.cs.washington.edu/~zahorjan,,,
415,Leilani Battle,University of Washington,https://homes.cs.washington.edu/~leibatt/bio.html,,,
416,Meng Xu,University of Waterloo,https://cs.uwaterloo.ca/~m285xu,,,
417,Richard Mann,University of Waterloo,https://cs.uwaterloo.ca/~mannr,,,
418,Lukasz Golab,University of Waterloo,https://www.engineering.uwaterloo.ca/~lgolab,,,
419,Lila Kari,University of Waterloo,https://cs.uwaterloo.ca/about/people/lila,,,
420,Chaitanya Swamy,University of Waterloo,http://www.math.uwaterloo.ca/~cswamy,,,
421,Gladimir Baranoski,University of Waterloo,http://www.npsg.uwaterloo.ca/people/gladimir,,,
422,Prabhakar Ragde,University of Waterloo,https://cs.uwaterloo.ca/~plragde,,,
423,Ian Goldberg,University of Waterloo,https://cs.uwaterloo.ca/~iang,,,
424,Ian Munro,University of Waterloo,https://cs.uwaterloo.ca/~imunro,,,
425,Peter A. Buhr,University of Waterloo,http://plg.uwaterloo.ca/~pabuhr,,,
426,Eric Blais,University of Waterloo,https://cs.uwaterloo.ca/~eblais,,,
427,Andrew C. Doxey,University of Waterloo,http://doxey.uwaterloo.ca,iUQqmUYAAAAJ,2340,30
428,Grant E. Weddell,University of Waterloo,https://cs.uwaterloo.ca/faculty-staff/contacts/grant-weddell,QjSgyEsAAAAJ,1450,20
429,Sebastian Fischmeister,University of Waterloo,https://uwaterloo.ca/embedded-software-group/people-profiles/sebastian-fischmeister,,,
430,James R. Wallace,University of Waterloo,https://uwaterloo.ca/human-computer-interaction-health-lab,,,
431,Justin W. L. Wan,University of Waterloo,https://cs.uwaterloo.ca/~jwlwan,jaJlXfwAAAAJ,1396,19
432,Khuzaima Daudjee,University of Waterloo,http://cs.uwaterloo.ca/~kdaudjee,,,
433,Mark Giesbrecht,University of Waterloo,https://uwaterloo.ca/~mwg,,,
434,Daniel G. Brown,University of Waterloo,https://cs.uwaterloo.ca/~browndg,,,
435,Ian McKillop,University of Waterloo,https://uwaterloo.ca/public-health-and-health-systems/people-profiles/ian-mckillop,,,
436,Arne Storjohann,University of Waterloo,https://cs.uwaterloo.ca/~astorjoh,,,
437,Stephen Mann,University of Waterloo,http://www.cgl.uwaterloo.ca/smann,,,
438,Richard J. Trefler,University of Waterloo,https://cs.uwaterloo.ca/~trefler,,,
439,Shalev Ben-David,University of Waterloo,https://cs.uwaterloo.ca/about/people/shalev-ben-david,,,
440,Cara K. MacNish,University of Western Australia,http://www.web.uwa.edu.au/people/cara.macnish,nqqUzUYAAAAJ,1734,15
441,Lyndon While,University of Western Australia,http://uwa.edu.au/people/lyndon.while,XcUewvwAAAAJ,5118,24
442,Christof Hübner,University of Western Australia,http://www.ecm.uwa.edu.au/research/engineering-communities-environment/energy-saving-houses/investigatorsandpartners,,,
443,Bruce S. Gardiner,University of Western Australia,http://biomed.csse.uwa.edu.au/people_bruce.php,EhgH1t8AAAAJ,4070,36
444,Scott. D. Goodwin,University of Windsor,http://www.uwindsor.ca/science/computerscience/1036/dr-scott-goodwin,,,
445,Pooya Moradian Zadeh,University of Windsor,http://www.uwindsor.ca/science/computerscience/1047/dr-pooya-moradian-zadeh,,,
446,Alioune Ngom,University of Windsor,http://www.uwindsor.ca/science/computerscience/1061/dr-alioune-ngom,,,
447,Robert D. Kent,University of Windsor,http://www.uwindsor.ca/science/computerscience/1037/dr-robert-kent,,,
448,Yung H. Tsin,University of Windsor,http://www.uwindsor.ca/science/computerscience/1025/dr-yung-h-tsin,,,
449,Xiaobu Yuan,University of Windsor,http://www.uwindsor.ca/science/computerscience/1032/dr-xiaobu-yuan,,,
450,Boubakeur Boufama,University of Windsor,http://www.uwindsor.ca/science/computerscience/1059/dr-boubakeur-boufama,-xk1C0cAAAAJ,1610,19
451,Sherif Saad Ahmed,University of Windsor,http://www.uwindsor.ca/science/computerscience/1026/dr-sherif-saad-ahmed,,,
452,Xiao Jun Chen,University of Windsor,http://www.uwindsor.ca/science/computerscience/1058/dr-jessica-chen,,,
453,Ziad Kobti,University of Windsor,http://www.uwindsor.ca/science/computerscience/1060/dr-ziad,,,
454,Dieter van Melkebeek,University of Wisconsin - Madison,http://pages.cs.wisc.edu/~dieter,,,
455,Jelena Diakonikolas,University of Wisconsin - Madison,http://www.jelena-diakonikolas.com,J8ixfu8AAAAJ,833,17
456,Eric Bach,University of Wisconsin - Madison,http://pages.cs.wisc.edu/~bach/bach.html,,,
457,Guri Sohi,University of Wisconsin - Madison,http://pages.cs.wisc.edu/~sohi,,,
458,Garvesh Raskutti,University of Wisconsin - Madison,http://pages.cs.wisc.edu/~raskutti,,,
459,Po-Ling Loh,University of Wisconsin - Madison,http://homepages.cae.wisc.edu/~loh,,,
460,Colin N. Dewey,University of Wisconsin - Madison,https://www.biostat.wisc.edu/~cdewey,0ZMkdbYAAAAJ,44738,34
461,Ramya Korlakai Vinayak,University of Wisconsin - Madison,https://ramyakv.github.io,-dDKMgoAAAAJ,160,6
462,Yea-Seul Kim,University of Wisconsin - Madison,https://pages.cs.wisc.edu/~yeaseulkim,I6_09PIAAAAJ,503,13
463,Jignesh M. Patel,University of Wisconsin - Madison,http://pages.cs.wisc.edu/~jignesh,tOjfnFMAAAAJ,20242,66
464,Dan Negrut,University of Wisconsin - Madison,https://sbel.wisc.edu/negrut-dan,dTrsl-gAAAAJ,3307,33
465,James R. Luedtke,University of Wisconsin - Madison,https://homepages.cae.wisc.edu/~luedtkej,f-GQKN0AAAAJ,3379,26
466,Deborah Joseph,University of Wisconsin - Madison,http://www.cs.wisc.edu/people/joseph,,,
467,Mukul Goyal,University of Wisconsin - Milwaukee,https://uwm.edu/engineering/people/goyal-ph-d-mukul,,,
468,Susan McRoy,University of Wisconsin - Milwaukee,https://uwm.edu/engineering/people/mcroy-ph-d-susan,cIxN_SIAAAAJ,1886,21
469,Amol Dattatraya Mali,University of Wisconsin - Milwaukee,http://www.cs.uwm.edu/faculty/mali/conferences/distributed-ictai.pdf,9aqKSJ0AAAAJ,566,11
470,Tian Zhao,University of Wisconsin - Milwaukee,http://jiangxi.cs.uwm.edu,65p2anoAAAAJ,1344,23
471,Guangwu Xu,University of Wisconsin - Milwaukee,https://uwm.edu/engineering/people/xu-ph-d-guangwu,,,
