name,affiliation,homepage,scholar_id,citations,h-index,earliest_paper
Gordana Dodig Crnkovic,Chalmers/GU,https://www.chalmers.se/en/staff/Pages/gordana-dodig-crnkovic.aspx,bvc5bBsAAAAJ,2653.0,28.0,1984.0
Lars Bengtsson,Chalmers/GU,https://www.chalmers.se/en/staff/Pages/labe.aspx,,,,
Sally A McKee,Chalmers/GU,https://www.chalmers.se/en/staff/Pages/sally-mckee.aspx,NOSCHOLARPAGE,,,
Riccardo Scandariato,Chalmers/GU,http://www.scandariato.org,NOSCHOLARPAGE,,,
Gul Calikli,Chalmers/GU,https://www.chalmers.se/en/staff/Pages/calikli.aspx,lShgfvwAAAAJ,496.0,13.0,2005.0
Francisco Gomes,Chalmers/GU,https://www.chalmers.se/en/staff/Pages/gomesf.aspx,NOSCHOLARPAGE,,,
Alexander Schliep,Chalmers/GU,https://schlieplab.org,djKBKswAAAAJ,2951.0,28.0,1968.0
Gregory Gay,Chalmers/GU,http://www.greggay.com,3nwDANgAAAAJ,1264.0,16.0,2008.0
Daniel Sjölie,Chalmers/GU,https://www.chalmers.se/en/staff/Pages/daniel-sjolie.aspx,TzsDDrMAAAAJ,348.0,8.0,2006.0
Krasimir Angelov,Chalmers/GU,https://www.chalmers.se/en/staff/Pages/krasimir-angelov.aspx,NOSCHOLARPAGE,,,
Regina Hebig,Chalmers/GU,https://www.chalmers.se/en/staff/Pages/hebig.aspx,dr1Ymp8AAAAJ,1154.0,19.0,2009.0
Eva Eriksson,Chalmers/GU,https://www.chalmers.se/en/staff/Pages/eva-eriksson.aspx,Zr2s6EAAAAAJ,1275.0,19.0,2002.0
Alejandro Russo,Chalmers/GU,https://www.chalmers.se/en/staff/Pages/russo.aspx,8sz4s7YAAAAJ,2739.0,28.0,2006.0
Fang Chen,Chalmers/GU,https://www.chalmers.se/en/staff/Pages/fang-chen.aspx,M_PnmHUAAAAJ,1939.0,25.0,1990.0
Jan-Philipp Steghöfer,Chalmers/GU,https://www.chalmers.se/en/staff/Pages/jan-philipp-steghofer.aspx,NOSCHOLARPAGE,,,
Niklas Broberg,Chalmers/GU,https://www.chalmers.se/en/staff/Pages/d00nibro.aspx,NOSCHOLARPAGE,,,
Eric Knauss,Chalmers/GU,https://www.chalmers.se/en/staff/Pages/eric-knauss.aspx,jlnAa9cAAAAJ,2381.0,30.0,1978.0
Morteza H. Chehreghani,Chalmers/GU,https://www.chalmers.se/en/staff/Pages/haghir.aspx,NOSCHOLARPAGE,,,
Erik Sintorn,Chalmers/GU,https://www.chalmers.se/en/staff/Pages/erik-sintorn.aspx,dGeukVsAAAAJ,948.0,15.0,2008.0
Erland Holmström,Chalmers/GU,https://www.chalmers.se/en/staff/Pages/erland.aspx,NOSCHOLARPAGE,,,
Robert Feldt,Chalmers/GU,https://www.chalmers.se/en/staff/Pages/robert-feldt.aspx,VemqkeEAAAAJ,10162.0,40.0,
Olof Torgersson,Chalmers/GU,https://www.chalmers.se/en/staff/Pages/olof-torgersson.aspx,NOSCHOLARPAGE,,,
Jan Jonsson,Chalmers/GU,https://www.chalmers.se/en/staff/Pages/janjo.aspx,NOSCHOLARPAGE,,,
Gerardo Schneider,Chalmers/GU,https://www.chalmers.se/en/staff/Pages/gersch.aspx,NOSCHOLARPAGE,,,
Christian Berger,Chalmers/GU,https://www.chalmers.se/en/staff/Pages/christian-berger.aspx,-5qMVbcAAAAJ,4726.0,33.0,1983.0
Robin Adams,Chalmers/GU,https://www.chalmers.se/en/staff/Pages/robinad.aspx,JzC9b1cAAAAJ,6189.0,32.0,1994.0
Richard Torkar,Chalmers/GU,https://www.chalmers.se/en/staff/Pages/richard-torkar.aspx,NOSCHOLARPAGE,,,
Uno Holmer,Chalmers/GU,https://www.chalmers.se/en/staff/Pages/holmer.aspx,NOSCHOLARPAGE,,,
Elad Michael Schiller,Chalmers/GU,https://www.chalmers.se/en/staff/Pages/elad-schiller.aspx,NOSCHOLARPAGE,,,
Lena Peterson,Chalmers/GU,https://www.chalmers.se/en/staff/Pages/lenap.aspx,NOSCHOLARPAGE,,,
Jan Bosch,Chalmers/GU,https://www.chalmers.se/en/staff/Pages/jan-bosch.aspx,Wr6oSWIAAAAJ,23737.0,69.0,
John Hughes,Chalmers/GU,https://www.chalmers.se/en/staff/Pages/rjmh.aspx,adD4xmAAAAAJ,14376.0,44.0,1982.0
Joachim von Hacht,Chalmers/GU,https://www.chalmers.se/en/staff/Pages/joachim-hacht.aspx,NOSCHOLARPAGE,,,
Jennifer Horkoff,Chalmers/GU,https://www.chalmers.se/en/staff/Pages/jenho.aspx,NOSCHOLARPAGE,,,
Thierry Coquand,Chalmers/GU,https://www.chalmers.se/en/staff/Pages/thierry-coquand.aspx,NOSCHOLARPAGE,,,
Andreas Abel,Chalmers/GU,http://www.cse.chalmers.se/~abela,diMIMosAAAAJ,2139.0,26.0,1980.0
Dag Wedelin,Chalmers/GU,https://www.chalmers.se/en/staff/Pages/dag.aspx,5TbkPtwAAAAJ,923.0,12.0,1989.0
Jonas Almström Duregård,Chalmers/GU,https://www.chalmers.se/en/staff/Pages/jonas-duregard.aspx,NOSCHOLARPAGE,,,
Lars J. Svensson,Chalmers/GU,https://www.chalmers.se/en/staff/Pages/lars-svensson.aspx,NOSCHOLARPAGE,,,
Josef Wideström,Chalmers/GU,https://www.chalmers.se/en/staff/Pages/josef-widestrom.aspx,NOSCHOLARPAGE,,,
Rolf Snedsböl,Chalmers/GU,https://www.chalmers.se/en/staff/Pages/rolf.aspx,NOSCHOLARPAGE,,,
Ahmed Ali-Eldin,Chalmers/GU,http://www.chalmers.se/en/Staff/Pages/ahmh.aspx,wwQ_TPYAAAAJ,1629.0,18.0,2011.0
Risat Mahmud Pathan,Chalmers/GU,https://www.chalmers.se/en/staff/Pages/risat.aspx,NOSCHOLARPAGE,,,
Ulf Assarsson,Chalmers/GU,https://www.chalmers.se/en/staff/Pages/uffe.aspx,zfI86n8AAAAJ,2667.0,24.0,1999.0
Johan Karlsson,Chalmers/GU,https://www.chalmers.se/en/staff/Pages/johan.aspx,NOSCHOLARPAGE,,,
Graham Kemp,Chalmers/GU,https://www.chalmers.se/en/staff/Pages/kemp.aspx,9Olx8xYAAAAJ,17151.0,74.0,1984.0
Magnus Almgren,Chalmers/GU,https://www.chalmers.se/en/staff/Pages/magnus-almgren.aspx,y6wqBG0AAAAJ,1303.0,18.0,1999.0
Erland Jonsson,Chalmers/GU,https://www.chalmers.se/en/staff/Pages/erland-jonsson.aspx,TSK-EHYAAAAJ,3537.0,26.0,1969.0
Tomas Olovsson,Chalmers/GU,https://www.chalmers.se/en/staff/Pages/tomas-olovsson.aspx,NOSCHOLARPAGE,,,
Vincenzo Gulisano,Chalmers/GU,https://www.chalmers.se/en/staff/Pages/vincenzo-gulisano.aspx,NOSCHOLARPAGE,,,
Imed Hammouda,Chalmers/GU,https://www.chalmers.se/en/staff/Pages/Imed-Hammouda.aspx,NOSCHOLARPAGE,,,
Koen Claessen,Chalmers/GU,https://www.chalmers.se/en/staff/Pages/koen.aspx,#NAME?,,,
Michel Chaudron,Chalmers/GU,https://www.chalmers.se/en/staff/Pages/michel-chaudron.aspx,NOSCHOLARPAGE,,,
Birgit Penzenstadler,Chalmers/GU,https://www.chalmers.se/en/staff/Pages/birgit.aspx,TNoA6ZMAAAAJ,3539.0,31.0,2006.0
Nir Piterman,Chalmers/GU,https://www.chalmers.se/en/staff/Pages/piterman.aspx,I8vnLTgAAAAJ,5405.0,37.0,2000.0
Roger Johansson,Chalmers/GU,https://www.chalmers.se/en/staff/Pages/Roger-Johansson.aspx,8uyxqCQAAAAJ,1297.0,15.0,2004.0
Ana Bove,Chalmers/GU,https://www.chalmers.se/en/staff/Pages/bove.aspx,TlzYOeYAAAAJ,924.0,12.0,1992.0
Beata Stahre,Chalmers/GU,https://www.chalmers.se/en/staff/Pages/beata-wastberg.aspx,NOSCHOLARPAGE,,,
Peter Lundin,Chalmers/GU,https://www.chalmers.se/en/staff/Pages/peter-lundin.aspx,NOSCHOLARPAGE,,,
Peter Dybjer,Chalmers/GU,https://www.chalmers.se/en/staff/Pages/peterd.aspx,qXunBjsAAAAJ,3191.0,28.0,1982.0
Arne Linde,Chalmers/GU,https://www.chalmers.se/en/staff/Pages/Arne-Linde-.aspx,NOSCHOLARPAGE,,,
Peter Ljunglöf,Chalmers/GU,https://www.chalmers.se/en/staff/Pages/peter-ljunglof.aspx,8GVoEBgAAAAJ,956.0,15.0,1998.0
Magnus Myreen,Chalmers/GU,https://www.chalmers.se/en/staff/Pages/myreen.aspx,NOSCHOLARPAGE,,,
Per Larsson-Edefors,Chalmers/GU,https://www.chalmers.se/en/staff/Pages/perla.aspx,NOSCHOLARPAGE,,,
Agneta Nilsson,Chalmers/GU,https://www.chalmers.se/en/staff/Pages/agneta-nilsson.aspx,NOSCHOLARPAGE,,,
Per Stenström,Chalmers/GU,https://www.chalmers.se/en/staff/Pages/per-stenstrom.aspx,wsMoM6cAAAAJ,10309.0,48.0,
Nils Anders Danielsson,Chalmers/GU,https://www.chalmers.se/en/staff/Pages/nad.aspx,NOSCHOLARPAGE,,,
Wolfgang Ahrendt,Chalmers/GU,https://www.chalmers.se/en/staff/Pages/ahrendt.aspx,NOSCHOLARPAGE,,,
Birgit Grohe,Chalmers/GU,https://www.chalmers.se/en/staff/Pages/grohe.aspx,NOSCHOLARPAGE,,,
Patrik Jansson,Chalmers/GU,https://www.chalmers.se/en/staff/Pages/patrik-jansson.aspx,eIO4EBAAAAAJ,1983.0,21.0,1995.0
Palle Dahlstedt,Chalmers/GU,https://www.chalmers.se/en/staff/Pages/palle-dahlstedt.aspx,NOSCHOLARPAGE,,,
Philippas Tsigas,Chalmers/GU,https://www.chalmers.se/en/staff/Pages/philippas-tsigas.aspx,NOSCHOLARPAGE,,,
Jan Skansholm,Chalmers/GU,https://www.chalmers.se/en/staff/Pages/skanshol.aspx,NOSCHOLARPAGE,,,
Devdatt Dubhashi,Chalmers/GU,https://www.chalmers.se/en/staff/Pages/dubhashi.aspx,z8cbzqkAAAAJ,3217.0,22.0,1992.0
Marco Fratarcangeli,Chalmers/GU,https://www.chalmers.se/en/staff/Pages/marcof.aspx,NOSCHOLARPAGE,,,
Jan Smith,Chalmers/GU,https://www.chalmers.se/en/staff/Pages/smith.aspx,NOSCHOLARPAGE,,,
Ivica Crnkovic,Chalmers/GU,https://www.chalmers.se/en/staff/Pages/crnkovic.aspx,yewx0GgAAAAJ,7530.0,39.0,1966.0
Aarne Ranta,Chalmers/GU,https://www.chalmers.se/en/staff/Pages/aarne-ranta.aspx,NOSCHOLARPAGE,,,
Mary Sheeran,Chalmers/GU,https://www.chalmers.se/en/staff/Pages/mary-sheeran.aspx,NOSCHOLARPAGE,,,
Miquel Pericas,Chalmers/GU,https://www.chalmers.se/en/staff/Pages/miquelp.aspx,2NRoXHMAAAAJ,14179.0,64.0,1977.0
Philipp Leitner,Chalmers/GU,https://www.chalmers.se/en/staff/Pages/philipp-leitner.aspx,wZ9f8CAAAAAJ,5425.0,40.0,2006.0
Alex Gerdes,Chalmers/GU,https://www.chalmers.se/en/staff/Pages/alexg.aspx,NOSCHOLARPAGE,,,
Sus Lundgren,Chalmers/GU,https://www.chalmers.se/en/staff/Pages/sus-lundgren.aspx,NOSCHOLARPAGE,,,
Sven Knutsson,Chalmers/GU,https://www.chalmers.se/en/staff/Pages/svenk.aspx,NOSCHOLARPAGE,,,
Ioannis Sourdis,Chalmers/GU,https://www.chalmers.se/en/staff/Pages/sourdis.aspx,jh2vubkAAAAJ,2062.0,19.0,2002.0
Miroslaw Staron,Chalmers/GU,https://www.chalmers.se/en/staff/Pages/miroslaw.aspx,NOSCHOLARPAGE,,,
Moa Johansson,Chalmers/GU,https://www.chalmers.se/en/staff/Pages/moa-johansson.aspx,NOSCHOLARPAGE,,,
Pedro Petersen Moura Trancoso,Chalmers/GU,https://www.chalmers.se/en/staff/Pages/ppedro.aspx,NOSCHOLARPAGE,,,
Sara Ljungblad,Chalmers/GU,https://www.chalmers.se/en/staff/Pages/sara-ljungblad.aspx,NOSCHOLARPAGE,,,
Richard Johansson,Chalmers/GU,https://www.chalmers.se/en/staff/Pages/richard-johansson.aspx,FvhWYU8AAAAJ,3496.0,24.0,2004.0
Staffan Björk,Chalmers/GU,https://www.chalmers.se/en/staff/Pages/staffan-bjork.aspx,0GYNOvkAAAAJ,5470.0,31.0,1998.0
K. V. S. Prasad,Chalmers/GU,https://www.chalmers.se/en/staff/Pages/prasad.aspx,NOSCHOLARPAGE,,,
Claes Strannegård,Chalmers/GU,https://www.chalmers.se/en/staff/Pages/claes-strannegard.aspx,NOSCHOLARPAGE,,,
Aikaterini Mitrokotsa,Chalmers/GU,https://www.chalmers.se/en/staff/Pages/aikmitr.aspx,NOSCHOLARPAGE,,,
Marina Papatriantafilou,Chalmers/GU,https://www.chalmers.se/en/staff/Pages/ptrianta.aspx,NOSCHOLARPAGE,,,
Ali Salehson,Chalmers/GU,https://www.chalmers.se/en/staff/Pages/ali-mahdi.aspx,NOSCHOLARPAGE,,,
Richard Berntsson Svensson,Chalmers/GU,https://www.chalmers.se/en/staff/Pages/ricbern.aspx,NOSCHOLARPAGE,,,
Morten Fjeld,Chalmers/GU,https://www.chalmers.se/en/staff/Pages/morten-fjeld.aspx,ZQhqxscAAAAJ,3138.0,30.0,1997.0
David Sands,Chalmers/GU,https://www.chalmers.se/en/staff/Pages/dave.aspx,NOSCHOLARPAGE,,,
Andrei Sabelfeld,Chalmers/GU,https://www.chalmers.se/en/staff/Pages/andrei.aspx,dQge5-AAAAAJ,8578.0,40.0,1996.0
Bahareh Afshari,Chalmers/GU,https://www.chalmers.se/en/staff/Pages/bahareh-afshari.aspx,NOSCHOLARPAGE,,,
Peter Damaschke,Chalmers/GU,https://www.chalmers.se/en/staff/Pages/ptr.aspx,NOSCHOLARPAGE,,,
