name,affiliation,homepage,scholar_id,citations,h-index,earliest_paper
Damiano Spina,RMIT University,https://www.rmit.edu.au/contact/staff-contacts/academic-staff/s/spina-dr-damiano,sLzYrNYAAAAJ,1857.0,20.0,2009.0
Andy Song,RMIT University,https://www.rmit.edu.au/contact/staff-contacts/academic-staff/s/song-dr-andy,sZ7dN0sAAAAJ,1689.0,21.0,1999.0
J. Shane Culpepper,RMIT University,http://culpepper.io,OFlBSEEAAAAJ,2442.0,27.0,1995.0
Falk Scholer,RMIT University,https://www.rmit.edu.au/contact/staff-contacts/academic-staff/s/scholer-associate-professor-falk,qOLjlqsAAAAJ,3943.0,31.0,2002.0
Heinrich-Wilhelm Schmidt,RMIT University,https://www.rmit.edu.au/contact/staff-contacts/academic-staff/s/schmidt-professor-heinrich,FEgaS_sAAAAJ,3510.0,28.0,
Hoang Dau,RMIT University,https://www.rmit.edu.au/contact/staff-contacts/academic-staff/d/dau-dr-son-hoang,dEdfBuwAAAAJ,886.0,15.0,2006.0
Sebastian Rodriguez,RMIT University,https://www.rmit.edu.au/contact/staff-contacts/academic-staff/r/rodriguez-dr-sebastian,RjL2j9wAAAAJ,825.0,13.0,1993.0
Yongli Ren,RMIT University,https://www.rmit.edu.au/contact/staff-contacts/academic-staff/r/ren-dr-yongli,ZZl7bW8AAAAJ,906.0,17.0,2008.0
Julie Porteous,RMIT University,https://www.rmit.edu.au/contact/staff-contacts/academic-staff/p/porteous-dr-julie,,,,
Mark Sanderson,RMIT University,http://marksanderson.org,HmqvvQkAAAAJ,11845.0,53.0,1991.0
Zahir Tari,RMIT University,https://www.rmit.edu.au/contact/staff-contacts/academic-staff/t/tari-professor-zahir,Pz9Z7C0AAAAJ,7461.0,39.0,1991.0
Sebastian Sardiña,RMIT University,https://www.rmit.edu.au/contact/staff-contacts/academic-staff/s/sardina-associate-professor-sebastian,9442viMAAAAJ,1997.0,26.0,2000.0
Zhifeng Bao,RMIT University,https://www.rmit.edu.au/contact/staff-contacts/academic-staff/b/bao-dr-zhifeng,ck-yNM0AAAAJ,2512.0,27.0,2004.0
Timothy Wiley,RMIT University,https://www.rmit.edu.au/contact/staff-contacts/academic-staff/w/wiley-dr-timothy,LhqZdy0AAAAJ,73.0,5.0,2011.0
Charles Thevathayan,RMIT University,https://www.rmit.edu.au/contact/staff-contacts/academic-staff/t/thevathayan-dr-charles,GrY0NNgAAAAJ,164.0,6.0,2002.0
Ruwan B. Tennakoon,RMIT University,https://www.rmit.edu.au/contact/staff-contacts/academic-staff/t/tennakoon-dr-ruwan,jJLCih0AAAAJ,480.0,10.0,2013.0
Xiuzhen Zhang,RMIT University,https://www.rmit.edu.au/contact/staff-contacts/academic-staff/z/zhang-associate-professor-jenny,rIuehYoAAAAJ,3439.0,30.0,1999.0
Fabio Zambetta,RMIT University,https://www.rmit.edu.au/contact/staff-contacts/academic-staff/z/zambetta-dr-fabio,IuxSRpYAAAAJ,738.0,16.0,2001.0
Xun Yi,RMIT University,https://www.rmit.edu.au/contact/staff-contacts/academic-staff/y/yi-professor-xun,oDRazncAAAAJ,5003.0,40.0,1996.0
Lawrence Cavedon,RMIT University,https://www.rmit.edu.au/contact/staff-contacts/academic-staff/c/cavedon-associate-professor-lawrence,ZAEiiEUAAAAJ,5147.0,34.0,1987.0
Phil Vines,RMIT University,https://www.rmit.edu.au/contact/staff-contacts/academic-staff/v/vines-dr-phil,,,,
Karin Verspoor,RMIT University,https://www.rmit.edu.au/contact/staff-contacts/academic-staff/v/verspoor-professor-karin,dUxHnbcAAAAJ,8571.0,41.0,1971.0
Ron G. van Schyndel,RMIT University,https://www.rmit.edu.au/contact/staff-contacts/academic-staff/v/van-schyndel-dr-ron,Ahvs0CsAAAAJ,4118.0,18.0,1950.0
Alexandra L. Uitdenbogerd,RMIT University,https://www.rmit.edu.au/contact/staff-contacts/academic-staff/u/uitdenbogerd-dr-sandra,elwlPD0AAAAJ,1461.0,16.0,1998.0
Lin Padgham,RMIT University,https://www.rmit.edu.au/contact/staff-contacts/academic-staff/p/padgham-professor-lin,Bt3NOyAAAAAJ,6457.0,41.0,1986.0
Sandra Uitdenbogerd,RMIT University,https://www.rmit.edu.au/contact/staff-contacts/academic-staff/u/uitdenbogerd-dr-sandra,,,,
Caspar Ryan,RMIT University,https://www.rmit.edu.au/contact/staff-contacts/academic-staff/r/ryan-dr-caspar,SBJPQT0AAAAJ,1220.0,17.0,1967.0
Xiaojun Chang,RMIT University,https://www.xiaojun.ai,8suupocAAAAJ,7397.0,46.0,2009.0
Geoff Leach,RMIT University,https://www.rmit.edu.au/contact/staff-contacts/academic-staff/l/leach-mr-geoff,,,,
Fengling Han,RMIT University,https://www.rmit.edu.au/contact/staff-contacts/academic-staff/h/han-dr-fengling,lJNy2Kc58cIC,3340.0,25.0,1996.0
Ibrahim Khalil,RMIT University,https://www.rmit.edu.au/contact/staff-contacts/academic-staff/k/khalil-associate-professor-ibrahim,0FxVbCIAAAAJ,6706.0,43.0,1993.0
Huong Ha,RMIT University,https://www.rmit.edu.au/contact/staff-contacts/academic-staff/h/ha-dr-huong,Uf3o7_UAAAAJ,160.0,6.0,2014.0
Iqbal Gondal,RMIT University,https://www.rmit.edu.au/contact/staff-contacts/academic-staff/g/gondal---iqbal,BqlvfY4AAAAJ,3129.0,26.0,1995.0
Mengmeng Ge,RMIT University,https://www.rmit.edu.au/contact/staff-contacts/academic-staff/g/ge-dr-mengmeng,dj2SBEIAAAAJ,600.0,12.0,2013.0
Vic Ciesielski,RMIT University,https://www.rmit.edu.au/contact/staff-contacts/academic-staff/c/ciesielski-associate-professor-vic,,,,
Jeffrey Chan,RMIT University,https://www.rmit.edu.au/contact/staff-contacts/academic-staff/c/chan-dr-jeffrey,I9mDeiYAAAAJ,3422.0,35.0,1992.0
Ke Deng,RMIT University,https://www.rmit.edu.au/contact/staff-contacts/academic-staff/d/deng-dr-ke,MuWCgskAAAAJ,1793.0,23.0,2004.0
Azadeh Alavi,RMIT University,https://www.rmit.edu.au/contact/staff-contacts/academic-staff/a/alavi-dr-azadeh,DfcWwgcAAAAJ,895.0,15.0,1982.0
Isaac Balbin,RMIT University,https://www.rmit.edu.au/contact/staff-contacts/academic-staff/b/balbin-associate-professor-isaac,YCMaqMYAAAAJ,496.0,10.0,1983.0
Flora D. Salim,RMIT University,http://florasalim.com,Yz35RSYAAAAJ,2434.0,27.0,2003.0
Hai Dong,RMIT University,https://www.rmit.edu.au/contact/staff-contacts/academic-staff/d/dong-dr-hai,ENWFU4gAAAAJ,2173.0,25.0,2020.0
Margaret Hamilton,RMIT University,https://www.rmit.edu.au/contact/staff-contacts/academic-staff/h/hamilton-associate-professor-margaret,427zMt8AAAAJ,3691.0,30.0,2002.0
Haytham M. Fayek,RMIT University,https://www.rmit.edu.au/contact/staff-contacts/academic-staff/f/fayek-dr-haytham,l5T9RtcAAAAJ,785.0,10.0,2012.0
Xiangmin Zhou,RMIT University,https://www.rmit.edu.au/contact/staff-contacts/academic-staff/z/zhou-dr-xiangmin,tZ4NyYAAAAAJ,1404.0,18.0,2002.0
Shabnam Kasra Kermanshahi,RMIT University,https://www.rmit.edu.au/contact/staff-contacts/academic-staff/k/kasra-kermanshahi-dr-shabnam,IX9BVTIAAAAJ,90.0,6.0,2014.0
Xiaodong Li,RMIT University,https://titan.csit.rmit.edu.au/~e46507,AQewL04AAAAJ,13688.0,56.0,1995.0
Michael Dann,RMIT University,https://www.rmit.edu.au/contact/staff-contacts/academic-staff/d/dann-dr-michael,KCi_988AAAAJ,24.0,3.0,2015.0
Daryl D'Souza,RMIT University,https://www.rmit.edu.au/contact/staff-contacts/academic-staff/d/d'souza-dr-daryl,bWtnBT0AAAAJ,834.0,16.0,1996.0
Minyi Li,RMIT University,https://www.rmit.edu.au/contact/staff-contacts/academic-staff/l/li-dr-minyi,HWKq1a4AAAAJ,235.0,9.0,2009.0
Maria Spichkova,RMIT University,http://www.spichkova.com,kFYE6gkAAAAJ,1577.0,22.0,2003.0
John Thangarajah,RMIT University,http://john.agentprojects.com,bGu9cEsAAAAJ,2343.0,27.0,2001.0
Dana McKay,RMIT University,https://sites.google.com/view/dana-mckay/about,3TlPPZIAAAAJ,964.0,19.0,2000.0
Edouard Amouroux,RMIT University,https://scholar.google.com/citations?user=XfUV3XAAAAAJ,XfUV3XAAAAAJ,663.0,10.0,2007.0
James Harland,RMIT University,https://www.rmit.edu.au/contact/staff-contacts/academic-staff/h/harland-associate-professor-james,46pt7TgAAAAJ,2955.0,27.0,1987.0
Estrid He,RMIT University,https://www.rmit.edu.au/contact/staff-contacts/academic-staff/h/he-dr-estrid,Lwso-psAAAAJ,204.0,8.0,2014.0
