name,affiliation,homepage,scholar_id,citations,h-index,earliest_paper
Gerti Kappel,TU Wien,https://www.big.tuwien.ac.at/people/gkappel,Rdz0vc8AAAAJ,6995.0,48.0,
Dieter Merkl,TU Wien,http://www.ifs.tuwien.ac.at/~dieter,iWaenYYAAAAJ,3.0,1.0,1994.0
Christian Huemer,TU Wien,https://www.big.tuwien.ac.at/people/chuemer,jJ7BjEoAAAAJ,1693.0,19.0,1993.0
Martina Lindorfer,TU Wien,https://secpriv.tuwien.ac.at/team/martina,9JCtsecAAAAJ,2583.0,20.0,2011.0
Matteo Maffei,TU Wien,https://secpriv.tuwien.ac.at/team/univ_prof_matteo_maffei,WWM2IcAAAAAJ,3646.0,34.0,2003.0
Andreas Rauber,TU Wien,http://www.ifs.tuwien.ac.at/~andi,ZF9JHnUAAAAJ,9196.0,47.0,1990.0
Johann Blieberger,TU Wien,https://www.auto.tuwien.ac.at/index.php/projectsites/185-johann-blieberger,,,,
Hilda Tellioglu,TU Wien,http://hildatellioglu.com,,,,
Georg Fuchsbauer,TU Wien,http://www.di.ens.fr/~fuchsbau,CxHsVWwAAAAJ,2885.0,29.0,2006.0
Thomas Gärtner,TU Wien,https://informatics.tuwien.ac.at/people/thomas-gaertner,sOI8QyoAAAAJ,5248.0,24.0,2001.0
Muhammad Shafique,TU Wien,https://ti.tuwien.ac.at/ecs/people/shafique,xSR276UAAAAJ,8818.0,45.0,1977.0
Michael Wimmer,TU Wien,https://www.cg.tuwien.ac.at/staff/MichaelWimmer.html,pPLc_DoAAAAJ,6621.0,40.0,1998.0
Thomas Grechenig,TU Wien,https://www.big.tuwien.ac.at/people/tgrechenig,,,,
A Min Tjoa,TU Wien,http://www.ifs.tuwien.ac.at/tjoa,x8qCMhcAAAAJ,6069.0,40.0,1976.0
Walter G. Kropatsch,TU Wien,https://www.prip.tuwien.ac.at/people/krw/more/index.php,,,,
Werner Purgathofer,TU Wien,https://www.cg.tuwien.ac.at/staff/WernerPurgathofer.html,,,,
Geraldine Fitzpatrick,TU Wien,http://igw.tuwien.ac.at/hci/people/gfitzpatrick,aUPpNvEAAAAJ,9722.0,53.0,1994.0
Jürgen Cito,TU Wien,http://people.csail.mit.edu/jcito,fj5MiWsAAAAJ,1293.0,16.0,2014.0
Christian Breiteneder,TU Wien,https://www.ims.tuwien.ac.at/people/christian-breiteneder,AvNBy7MAAAAJ,1898.0,22.0,1990.0
Ezio Bartocci,TU Wien,http://www.eziobartocci.com,EeK43rAAAAAJ,3967.0,36.0,2003.0
Schahram Dustdar,TU Wien,https://dsg.tuwien.ac.at/team/sd,0n5S6uUAAAAJ,40576.0,84.0,
Axel Jantsch,TU Wien,http://jantsch.se/AxelJantsch,ZF4gC44AAAAJ,12882.0,47.0,1992.0
Margrit Gelautz,TU Wien,https://www.ims.tuwien.ac.at/people/margrit-gelautz,K-7h4K8AAAAJ,4611.0,27.0,1995.0
Hannes Werthner,TU Wien,http://www.ec.tuwien.ac.at/~werthner,XBd3IdIAAAAJ,7570.0,37.0,1981.0
Pavol Cerný,TU Wien,https://cernyp.github.io,FQm9ZGgAAAAJ,1839.0,21.0,2003.0
Andreas Steininger,TU Wien,https://ti.tuwien.ac.at/ecs/people/steininger,vcRJrxIAAAAJ,2029.0,23.0,
Robert Sablatnig,TU Wien,https://cvl.tuwien.ac.at/staff/robert-sablatnig,,,,
Gerald Steinhardt,TU Wien,https://media.tuwien.ac.at/people/steinhardt,,,,
Peter P. Puschner,TU Wien,https://ti.tuwien.ac.at/cps/people/puschner,ayCheRcAAAAJ,8163.0,41.0,
Margit Pohl,TU Wien,http://igw.tuwien.ac.at/hci/people/mpohl,,,,
Radu Grosu,TU Wien,https://ti.tuwien.ac.at/cps/people/grosu,1g_muAgAAAAJ,5597.0,40.0,1993.0
Ivona Brandic,TU Wien,http://www.ec.tuwien.ac.at/~ivona,XFg7Ri8AAAAJ,13408.0,41.0,2003.0
Stefan Szeider,TU Wien,https://www.ac.tuwien.ac.at/people/szeider,lJYKhNIAAAAJ,4312.0,38.0,2001.0
Stefan Woltran,TU Wien,https://www.dbai.tuwien.ac.at/staff/woltran,,,,
Ulrich Schmid,TU Wien,https://ti.tuwien.ac.at/ecs/people/schmid,,,,
Wolfgang Kastner,TU Wien,https://www.auto.tuwien.ac.at/index.php/projectsites/142-wolfgang-kastner,HXWWcJYAAAAJ,5363.0,32.0,
Georg Weissenbacher,TU Wien,http://www.georg.weissenbacher.science,1KfaH-QAAAAJ,1817.0,20.0,2003.0
Günther R. Raidl,TU Wien,https://www.ac.tuwien.ac.at/people/raidl,-vFfXIsAAAAJ,8724.0,44.0,1994.0
Martin Nöllenburg,TU Wien,https://www.ac.tuwien.ac.at/people/noellenburg,Wum9ploAAAAJ,2254.0,27.0,2004.0
Wolfgang Hofkirchner,TU Wien,http://igw.tuwien.ac.at/hci/people/whofkirchner,MxJLB5sAAAAJ,2460.0,24.0,1986.0
Alexander Leitsch,TU Wien,https://www.logic.at/staff/leitsch,,,,
Eduard Gröller,TU Wien,https://www.cg.tuwien.ac.at/staff/EduardGroeller.html,eBsjFlIAAAAJ,11747.0,59.0,1970.0
Chris Fermüller,TU Wien,https://www.logic.at/staffpages/chrisf,-6IV5oIAAAAJ,2434.0,27.0,1989.0
Jürgen Dorn,TU Wien,http://www.ec.tuwien.ac.at/~dorn,sU9DTeYAAAAJ,1334.0,22.0,1971.0
Silvia Miksch,TU Wien,https://www.cvast.tuwien.ac.at/team/silvia-miksch,1ikFBekAAAAJ,11785.0,52.0,
Gernot Salzer,TU Wien,https://www.logic.at/staffpages/salzer,O5y-QJgAAAAJ,983.0,16.0,1989.0
Reinhard Pichler,TU Wien,https://www.dbai.tuwien.ac.at/staff/pichler,OiYGd-IAAAAJ,3293.0,27.0,1997.0
Rudolf Freund,TU Wien,https://www.logic.at/staff/rudi/indexe.html,ATDSEUwAAAAJ,4242.0,33.0,1982.0
Agata Ciabattoni,TU Wien,https://www.logic.at/staff/agata,pAyqI0wAAAAJ,1813.0,23.0,1995.0
Allan Hanbury,TU Wien,http://allan.hanbury.eu/doku.php,_hR4cSAAAAAJ,8870.0,44.0,1998.0
Peter Purgathofer,TU Wien,http://igw.tuwien.ac.at/hci/people/ppurgathofer,,,,
Laura Ildikó Kovács,TU Wien,https://forsyte.at/people/kovacs,X4K5SpIAAAAJ,2339.0,23.0,1964.0
Thomas Eiter,TU Wien,http://www.kr.tuwien.ac.at/staff/eiter,X1L03cIAAAAJ,21234.0,72.0,
Jesper Larsson Träff,TU Wien,http://www.traff-industries.de,,,,
Gerald Futschek,TU Wien,https://www.ifs.tuwien.ac.at/futschek,oLXK500AAAAJ,938.0,11.0,1984.0
Hans Tompits,TU Wien,http://www.kr.tuwien.ac.at/staff/tompits,8MkHO0UAAAAJ,5032.0,34.0,
Florian Zuleger,TU Wien,https://forsyte.at/people/zuleger,UckwzkEAAAAJ,1434.0,19.0,2009.0
Jens Knoop,TU Wien,http://www.complang.tuwien.ac.at/knoop,,,,
Franz Puntigam,TU Wien,http://www.complang.tuwien.ac.at/franz,,,,
Eva Maria Kuehn,TU Wien,http://www.complang.tuwien.ac.at/eva,,,,
M. Anton Ertl,TU Wien,http://www.complang.tuwien.ac.at/anton,,,,
Andreas Krall,TU Wien,http://www.complang.tuwien.ac.at/andi,rOiruA4AAAAJ,2142.0,24.0,1985.0
Stefan Biffl,TU Wien,http://qse.ifs.tuwien.ac.at/people/stefan-biffl,,,,
Uwe Egly,TU Wien,http://www.kr.tuwien.ac.at/staff/egly,,,,
