name,affiliation,homepage,scholar_id,citations,h-index,earliest_paper
Tony J. Prescott,University of Sheffield,https://www.sheffield.ac.uk/dcs/people/academic/tony-prescott,u2T4wjgAAAAJ,10823.0,46.0,1993.0
Robert J. Gaizauskas,University of Sheffield,https://www.sheffield.ac.uk/dcs/people/academic/rob-gaizauskas,HY8ATOgAAAAJ,12796.0,54.0,1990.0
Chenghua Lin,University of Sheffield,https://www.sheffield.ac.uk/dcs/people/academic/chenghua-lin,Tp1RdIQAAAAJ,2842.0,20.0,2008.0
Richard H. Clayton,University of Sheffield,https://www.sheffield.ac.uk/dcs/people/academic/richard-clayton,XzTziRcAAAAJ,4769.0,33.0,1987.0
Pietro S. Oliveto,University of Sheffield,https://www.sheffield.ac.uk/dcs/people/academic/pietro-oliveto,dGRqOi0AAAAJ,2232.0,26.0,2006.0
Anton Ragni,University of Sheffield,https://www.sheffield.ac.uk/dcs/people/academic/anton-ragni,bK8wK0EAAAAJ,1143.0,21.0,2007.0
Prosanta Hope,University of Sheffield,https://www.sheffield.ac.uk/dcs/people/academic/prosanta-gope,Yy3YF0AAAAAJ,3116.0,30.0,2009.0
Po Yang,University of Sheffield,https://www.sheffield.ac.uk/dcs/people/academic/po-yang,RdK3cwgAAAAJ,3497.0,33.0,2003.0
Yoshihiko Gotoh,University of Sheffield,https://www.sheffield.ac.uk/dcs/people/academic/yoshi-gotoh,I13A1g0AAAAJ,1237.0,17.0,1994.0
Haiping Lu,University of Sheffield,https://www.sheffield.ac.uk/dcs/people/academic/haiping-lu,CArrsDMAAAAJ,3683.0,26.0,2002.0
Anthony J. H. Simons,University of Sheffield,https://www.sheffield.ac.uk/dcs/people/academic/anthony-simons,25x8D34AAAAJ,1892.0,19.0,1986.0
Roger K. Moore,University of Sheffield,https://www.sheffield.ac.uk/dcs/people/academic/roger-moore,Ib1I-uAAAAAJ,6955.0,36.0,1951.0
Guy J. Brown,University of Sheffield,https://www.sheffield.ac.uk/dcs/people/academic/guy-brown,5KOpQLQAAAAJ,7727.0,39.0,1948.0
Siobhán North,University of Sheffield,https://www.sheffield.ac.uk/dcs/people/academic/siobhan-north,XwzJjrcAAAAJ,183.0,7.0,1981.0
Thomas Hain,University of Sheffield,https://www.sheffield.ac.uk/dcs/people/academic/thomas-hain,x03kgyEAAAAJ,12348.0,36.0,1994.0
John A. Clark,University of Sheffield,https://www.sheffield.ac.uk/dcs/people/academic/john-clark,xu3n6owAAAAJ,9072.0,44.0,
John Derrick,University of Sheffield,https://www.sheffield.ac.uk/dcs/people/academic/john-derrick,UjKdePoAAAAJ,4532.0,35.0,1991.0
Georg Struth,University of Sheffield,https://www.sheffield.ac.uk/dcs/people/academic/georg-struth,lgsk1IoAAAAJ,2161.0,24.0,1996.0
Steve C. Maddock,University of Sheffield,https://www.sheffield.ac.uk/dcs/people/academic/steve-maddock,NbHpc-UAAAAJ,1377.0,20.0,1993.0
Elif Bilge Kavun,University of Sheffield,https://www.sheffield.ac.uk/dcs/people/academic/elif-kavun,spLEkSYAAAAJ,1488.0,12.0,2010.0
Phil McMinn,University of Sheffield,https://www.sheffield.ac.uk/dcs/people/academic/phil-mcminn,ll6Fc7gAAAAJ,8154.0,40.0,2002.0
Robert M. Hierons,University of Sheffield,https://www.sheffield.ac.uk/dcs/people/academic/rob-hierons,Bd0QYCEAAAAJ,8794.0,46.0,1991.0
Aditya Gilra,University of Sheffield,https://www.sheffield.ac.uk/dcs/people/academic/aditya-gilra,VpxnuTgAAAAJ,252.0,5.0,2007.0
Joab R. Winkler,University of Sheffield,https://www.sheffield.ac.uk/dcs/people/academic/joab-winkler,6cEV3NAAAAAJ,593.0,15.0,1984.0
Vita Lanfranchi,University of Sheffield,https://www.sheffield.ac.uk/dcs/people/academic/vitaveska-lanfranchi,BiF44ewAAAAJ,1078.0,18.0,2003.0
Stefan Goetze,University of Sheffield,https://www.sheffield.ac.uk/dcs/people/academic/stefan-goetze,Pj9WH2MAAAAJ,1546.0,23.0,1997.0
Dawn C. Walker,University of Sheffield,https://www.sheffield.ac.uk/dcs/people/academic/dawn-walker,9YfmLGcAAAAJ,1955.0,22.0,2000.0
Nesrine Kaaniche,University of Sheffield,https://www.sheffield.ac.uk/dcs/people/academic/nesrine-kaaniche,eYnrxhgAAAAJ,1076.0,19.0,2013.0
Nikolaos Aletras,University of Sheffield,https://www.sheffield.ac.uk/dcs/people/academic/nikos-aletras,uxRWFhoAAAAJ,2431.0,21.0,2012.0
Fabio Ciravegna,University of Sheffield,https://www.sheffield.ac.uk/dcs/people/academic/fabio-ciravegna,Vr4nfK8AAAAJ,6984.0,38.0,1991.0
Paul N. Watton,University of Sheffield,https://www.sheffield.ac.uk/dcs/people/academic/paul-watton,8pSvTUkAAAAJ,1781.0,23.0,1999.0
Kalina Bontcheva,University of Sheffield,https://www.sheffield.ac.uk/dcs/people/academic/kalina-bontcheva,kUbDCnMAAAAJ,14483.0,57.0,
Neil Walkinshaw,University of Sheffield,https://www.sheffield.ac.uk/dcs/people/academic/neil-walkinshaw,Qa8zO1EAAAAJ,1535.0,23.0,2002.0
Phil D. Green,University of Sheffield,https://www.sheffield.ac.uk/dcs/people/academic/philip-green,I0d6wEEAAAAJ,4892.0,37.0,1970.0
Dirk Sudholt,University of Sheffield,https://www.sheffield.ac.uk/dcs/people/academic/dirk-sudholt,koGlq3AAAAAJ,3249.0,34.0,2003.0
Heidi Christensen,University of Sheffield,https://www.sheffield.ac.uk/dcs/people/academic/heidi-christensen,5ccB6BcAAAAJ,2151.0,28.0,1992.0
Dennis Wang,University of Sheffield,https://www.sheffield.ac.uk/dcs/people/academic/dennis-wang,1dgKTJoAAAAJ,9636.0,30.0,2006.0
Harsh Beohar,University of Sheffield,https://www.sheffield.ac.uk/dcs/people/academic/harsh-beohar,b1C8fogAAAAJ,191.0,8.0,2008.0
Paul Richmond,University of Sheffield,https://www.sheffield.ac.uk/dcs/people/academic/paul-richmond,fLS64xsAAAAJ,1132.0,17.0,2005.0
James A. R. Marshall,University of Sheffield,https://www.sheffield.ac.uk/dcs/people/academic/james-marshall,VNMIqx4AAAAJ,4038.0,32.0,2000.0
Hamish Cunningham,University of Sheffield,https://www.sheffield.ac.uk/dcs/people/academic/hamish-cunningham,DMKfNFMAAAAJ,11923.0,47.0,1986.0
Mark Stevenson,University of Sheffield,https://www.sheffield.ac.uk/dcs/people/academic/mark-stevenson,tXe1lgkAAAAJ,5361.0,35.0,1996.0
Mauricio A. Álvarez,University of Sheffield,https://www.sheffield.ac.uk/dcs/people/academic/mauricio-alvarez,vrb4a_wAAAAJ,2588.0,16.0,2000.0
Kirill Bogdanov,University of Sheffield,https://www.sheffield.ac.uk/dcs/people/academic/kirill-bogdanov,7RuLDVMAAAAJ,1375.0,17.0,1997.0
Pan Peng,University of Sheffield,https://www.sheffield.ac.uk/dcs/people/academic/pan-peng,Ri9cLW4AAAAJ,306.0,11.0,2011.0
Loïc Barrault,University of Sheffield,https://www.sheffield.ac.uk/dcs/people/academic/loic-barrault,S6Xj1BYAAAAJ,5918.0,23.0,2005.0
Maria-Cruz Villa-Uriol,University of Sheffield,https://www.sheffield.ac.uk/dcs/people/academic/mari-cruz-villa-uriol,x_hQQ9QAAAAJ,979.0,16.0,2003.0
Li Sun,University of Sheffield,https://www.sheffield.ac.uk/dcs/people/academic/li-sun,JZViN_4AAAAJ,1047.0,18.0,2013.0
Eleni Vasilaki,University of Sheffield,https://www.sheffield.ac.uk/dcs/people/academic/eleni-vasilaki,hqK2AG0AAAAJ,1653.0,18.0,2003.0
Michael Mangan,University of Sheffield,https://www.sheffield.ac.uk/dcs/people/academic/michael-mangan,VeeNOGgAAAAJ,1068.0,18.0,2007.0
Jon Barker,University of Sheffield,https://www.sheffield.ac.uk/dcs/people/academic/jon-barker,-wmRVxoAAAAJ,6048.0,33.0,1994.0
Mike Stannett,University of Sheffield,https://www.sheffield.ac.uk/dcs/people/academic/mike-stannett,Qz3hb0kAAAAJ,695.0,14.0,1987.0
Mark Hepple,University of Sheffield,https://www.sheffield.ac.uk/dcs/people/academic/mark-hepple,oUf-ebcAAAAJ,3097.0,30.0,1989.0
