name,homepage,scholar_id,citations,h-index,earliest_paper
Jennifer Waycott,http://findanexpert.unimelb.edu.au/display/person52243,kc5Fr-0AAAAJ,6828.0,36.0,1997.0
Kathleen Gray,http://www.msi.unimelb.edu.au/people/kathleen-gray,HicyoB0AAAAJ,7295.0,32.0,1979.0
Rachelle Bosua,http://www.msi.unimelb.edu.au/people/rachelle-bosua,4RZU_pIAAAAJ,3986.0,16.0,1994.0
Graeme G. Shanks,http://people.eng.unimelb.edu.au/gshanks,,,,
Egemen Tanin,http://www.msi.unimelb.edu.au/people/egemen-tanin,LVKaMIgAAAAJ,2531.0,29.0,1995.0
Wally Smith,http://www.msi.unimelb.edu.au/people/wally-smith,,,,
Peter J. Stuckey,http://people.eng.unimelb.edu.au/pstuckey,tvFekxwAAAAJ,17430.0,62.0,1985.0
Tim Miller,http://people.eng.unimelb.edu.au/tmiller,D3m499MAAAAJ,3721.0,28.0,1990.0
Nir Lipovetzky,http://people.eng.unimelb.edu.au/nlipovetzky,us3IGxsAAAAJ,1103.0,20.0,2008.0
Michael Kirley,http://people.eng.unimelb.edu.au/mkirley,te9wVHwAAAAJ,3112.0,28.0,1998.0
Richard O. Sinnott,http://www.findanexpert.unimelb.edu.au/display/person342078,irye6KMAAAAJ,4695.0,34.0,1994.0
Alex Lopez-Lorca,http://people.eng.unimelb.edu.au/tmiller,H89SXqUAAAAJ,415.0,11.0,2009.0
Alistair Moffat,http://people.eng.unimelb.edu.au/ammoffat,r3xSME0AAAAJ,20243.0,59.0,1980.0
Atif Ahmad,http://people.eng.unimelb.edu.au/atif/home.html,PZsKvFUAAAAJ,2903.0,28.0,1996.0
Frank Vetere,http://people.eng.unimelb.edu.au/fv,_30-AxUAAAAJ,7590.0,48.0,1997.0
Chris Leckie,http://findanexpert.unimelb.edu.au/display/person6335,wUsI0cAAAAAJ,13233.0,53.0,1988.0
Jan Schröder,https://www.findanexpert.unimelb.edu.au/display/person304961,EoQ2NZsAAAAJ,1844.0,17.0,2006.0
Shanton Chang,http://people.eng.unimelb.edu.au/slwc,saxbu9cAAAAJ,4294.0,33.0,2002.0
Antonette Mendoza,https://www.findanexpert.unimelb.edu.au/display/person6868,Mi79FfQAAAAJ,683.0,13.0,2005.0
Sean B. Maynard,http://people.eng.unimelb.edu.au/seanbm/home.html,OkNuF20AAAAJ,2433.0,24.0,1991.0
Eduardo Velloso,http://www.eduardovelloso.com,yHHlOiQAAAAJ,2355.0,24.0,2010.0
Trevor Anthony Cohn,http://people.eng.unimelb.edu.au/tcohn,FCom398AAAAJ,8507.0,51.0,2003.0
Cornelia Maria Verspoor,http://findanexpert.unimelb.edu.au/display/person458973,dUxHnbcAAAAJ,8571.0,41.0,1971.0
Parampalli Udaya,http://people.eng.unimelb.edu.au/udaya,dT9UeiAAAAAJ,2384.0,24.0,1991.0
Gil A. Tidhar,http://findanexpert.unimelb.edu.au/display/person62807,,,,
Shanika A. Karunasekera,http://findanexpert.unimelb.edu.au/display/person18115,_1C8OeUAAAAJ,4638.0,32.0,1993.0
Martin R. Gibbs,http://people.eng.unimelb.edu.au/martinrg/recent_pubs.html,3ouO-WsAAAAJ,6352.0,44.0,1992.0
Jianzhong Qi,http://people.eng.unimelb.edu.au/jianzhongq,mxS6eHYAAAAJ,1966.0,22.0,2008.0
Adrian R. Pearce,http://people.eng.unimelb.edu.au/adrianrp,GIBSIRAAAAAJ,1541.0,19.0,1993.0
Aaron Harwood,http://people.eng.unimelb.edu.au/aharwood,3jf-G0YAAAAJ,1949.0,23.0,1997.0
Olga Ohrimenko,https://people.eng.unimelb.edu.au/oohrimenko,lzfVm_8AAAAJ,2674.0,19.0,2007.0
Kotagiri Ramamohanarao,http://findanexpert.unimelb.edu.au/display/person16028,UrYhkwQAAAAJ,18753.0,65.0,1982.0
Vanessa J. Teague,https://people.eng.unimelb.edu.au/vjteague,3CVS_xYAAAAJ,2359.0,25.0,2001.0
Liz Sonenberg,http://people.eng.unimelb.edu.au/lizs,w8EFH0IAAAAJ,5067.0,35.0,1982.0
Uwe Aickelin,https://www.findanexpert.unimelb.edu.au/display/person815636,aQTBV2wAAAAJ,12691.0,58.0,1996.0
James C. Bezdek,https://findanexpert.unimelb.edu.au/profile/22301-jim-bezdek,kXy4LAMAAAAJ,74305.0,94.0,1973.0
Rajkumar Buyya,http://www.buyya.com,7xN6JqYAAAAJ,125876.0,155.0,1995.0
Philip W. Dart,https://findanexpert.unimelb.edu.au/display/person56684,6DTOhAEAAAAJ,1162.0,16.0,1988.0
Simon D'Alfonso,https://findanexpert.unimelb.edu.au/profile/180658-simon-d%27alfonso,hXEZnsUAAAAJ,712.0,14.0,2008.0
Greg Wadley,http://people.eng.unimelb.edu.au/gwadley,GkWqZe0AAAAJ,2624.0,27.0,2003.0
Peter Schachte,http://people.eng.unimelb.edu.au/schachte,ZL83PpwAAAAJ,1049.0,18.0,1994.0
Toby C. Murray,http://people.eng.unimelb.edu.au/tobym,Bd8pZGgAAAAJ,1841.0,20.0,2007.0
Mingming Gong,https://ms.unimelb.edu.au/people/profile?id=2618,6BmiCJIAAAAJ,4616.0,29.0,2011.0
Andrew Turpin,http://people.eng.unimelb.edu.au/aturpin,lCZblDwAAAAJ,6239.0,37.0,1995.0
Anthony Ian Wirth,http://people.eng.unimelb.edu.au/awirth,qVuN4MIAAAAJ,2463.0,20.0,1998.0
Rui Zhang,https://people.cs.umass.edu/~ruiwang,yoJqPIkAAAAJ,63253.0,120.0,2000.0
Reeva Lederman,http://www.findanexpert.unimelb.edu.au/display/person5168,t1M-bQsAAAAJ,2076.0,26.0,2000.0
Melissa J. Rogerson,https://findanexpert.unimelb.edu.au/profile/692202-melissa-rogerson,-HAQHh8AAAAJ,273.0,8.0,1992.0
Harald Søndergaard,http://findanexpert.unimelb.edu.au/display/person13416,L_DFbBIAAAAJ,3621.0,30.0,1985.0
Vassilis Kostakos,http://people.eng.unimelb.edu.au/vkostakos,JnWGV4kAAAAJ,9004.0,47.0,2001.0
George Buchanan,https://findanexpert.unimelb.edu.au/display/person793596,HPbkM6YAAAAJ,12849.0,55.0,1983.0
James Bailey,http://people.eng.unimelb.edu.au/baileyj,ujsYC98AAAAJ,11833.0,49.0,1991.0
Sherah Kurnia,https://findanexpert.unimelb.edu.au/display/person6535,RMK8TGsAAAAJ,4110.0,30.0,1997.0
Patanamon Thongtanunam,http://patanamon.com,M23YcIoAAAAJ,833.0,12.0,2013.0
Christoph F. Breidbach,http://www.findanexpert.unimelb.edu.au/display/person660107,K0Tg_xMAAAAJ,1922.0,19.0,2011.0
Lars Kulik,http://www.findanexpert.unimelb.edu.au/display/person97563,3kVu88AAAAAJ,5565.0,42.0,1997.0
Jey Han Lau,https://cis.unimelb.edu.au/people/jey-lau,MFi65f4AAAAJ,4535.0,25.0,2010.0
Heidi Tscherning,http://www.cis.unimelb.edu.au/people,M1FWCaYAAAAJ,121.0,6.0,2008.0
Justin Zobel,http://people.eng.unimelb.edu.au/jzobel,uEHvqE8AAAAJ,22120.0,73.0,1986.0
Lea Frermann,http://www.frermann.de,y3l6y4IAAAAJ,338.0,8.0,2012.0
Benjamin I. P. Rubinstein,http://www.bipr.net,hMG_gR4AAAAJ,5278.0,35.0,2001.0
Peter B. Seddon,https://findanexpert.unimelb.edu.au/profile/12816-peter-seddon,XzFZeTgAAAAJ,14712.0,45.0,1983.0
Tilman Dingler,https://findanexpert.unimelb.edu.au/profile/814587-tilman-dingler,9l4xysIAAAAJ,2023.0,22.0,2008.0
Jarrod Knibbe,https://findanexpert.unimelb.edu.au/profile/860467-jarrod-knibbe,FOsmPdoAAAAJ,583.0,15.0,2012.0
Christoph Treude,https://findanexpert.unimelb.edu.au/profile/893490-christoph-treude,-ie8QFEAAAAJ,4424.0,36.0,2007.0
Jorge Gonçalves,http://www.jorgegoncalves.com,SkQ6OisAAAAJ,3690.0,32.0,2011.0
Daniel Beck,https://cis.unimelb.edu.au/people/d-beck,NauI6dEAAAAJ,532.0,12.0,2005.0
Marcello La Rossa,https://findanexpert.unimelb.edu.au/profile/806849-marcello-la-rosa,RTrK8csAAAAJ,13579.0,52.0,2003.0
