,Name,affiliation,homepage,scholar-id,citations,h-index
0,P. Vassalos,AUEB,http://pubs.dbs.uni-leipzig.de/aa/aff/Greece/Athens/Athens%20University%20of%20Economics%20and%20Business,gnOgiQEAAAAJ,204.0,9.0
1,Stavros Toumpis,AUEB,https://195.251.255.130/en/faculty/toumpis-stavros,LyiVPKEAAAAJ,2804.0,21.0
2,Ion Androutsopoulos,AUEB,http://www.aueb.gr/users/ion,4UJm5EQAAAAJ,11918.0,42.0
3,Michalis K. Titsias,AUEB,http://www.aueb.gr/users/mtitsias,B-SbkAwAAAAJ,5255.0,30.0
4,Vasilios A. Siris,AUEB,http://www.aueb.gr/users/vsiris,Vj3O0cEAAAAJ,5967.0,31.0
5,E. J. Yannakoudakis,AUEB,http://www.aueb.gr/Users/yannakoudakis/english,37tD5JsAAAAJ,738.0,14.0
6,Eugénie Foustoucos,AUEB,https://uregister-ldap.aueb.gr/en/content/applied-mathematics-informatics-finance-and-operational-research-sector,5mes4FYAAAAJ,38.0,4.0
7,Vasilis Vassalos,AUEB,https://www.aueb.gr/en/faculty_page/vassalos-vasilios,oaM-d7QAAAAJ,3723.0,25.0
8,Diomidis D. Spinellis,AUEB,https://www.dmst.aueb.gr/dds,RjXNgA8AAAAJ,11833.0,53.0
9,Antonis Dimakis,AUEB,http://nes.aueb.gr/dimakis.html,DlAhQuIAAAAJ,491.0,8.0
10,Evangelos Markakis,AUEB,http://pages.cs.aueb.gr/~markakis,VDyjbagAAAAJ,4159.0,32.0
11,Panos Constantopoulos,AUEB,https://uregister-ldap.aueb.gr/en/faculty/constantopoulos-panos,EAagfCoAAAAJ,2134.0,28.0
12,Georgios Papaioannou,AUEB,http://www.aueb.gr/users/gepap,8YSbfqcAAAAJ,3092.0,30.0
13,Nicos Malevris,AUEB,http://www.cs.aueb.gr/en/content/malevris-nikolaos,PJ748-EAAAAJ,1434.0,21.0
14,Yannis Kotidis,AUEB,http://www.db-net.aueb.gr/kotidis,ykqoK38AAAAJ,6208.0,34.0
15,Ioannis Milis,AUEB,https://uregister-ldap.aueb.gr/en/faculty/milis-ioannis,CS8EIi0AAAAJ,816.0,13.0
16,Emmanouel A. Giakoumakis,AUEB,https://www-1.aueb.gr/en/content/new-rector-athens-university-economics-and-business,X3EmbHYAAAAJ,554.0,11.0
17,Theodore K. Apostolopoulos,AUEB,http://ieeexplore.ieee.org/document/4114886,WTg8mXoAAAAJ,1091.0,16.0
18,Michalis Vazirgiannis,AUEB,http://www.db-net.aueb.gr/michalis,aWGJYcMAAAAJ,18477.0,54.0
19,T. Z. Kalamboukis,AUEB,https://uregister-ldap.aueb.gr/en/faculty/kalamboukis-theodore,,,
20,Iordanis Koutsopoulos,AUEB,http://www.cs.aueb.gr/~jordan,Bq_GqyIAAAAJ,5338.0,32.0
21,Vana Kalogeraki,AUEB,http://www2.cs.aueb.gr/~vana,2lpWTDYAAAAJ,7739.0,38.0
22,George C. Polyzos,AUEB,http://niovi.aueb.gr/~gcp,y-Mxxa0AAAAJ,11622.0,46.0
23,Giannis F. Marias,AUEB,http://www.scirp.org/journal/DetailedInforOfEditorialBoard.aspx?personID=953,EO_hUg4AAAAJ,1218.0,21.0
24,Ioannis Kontoyiannis,AUEB,http://pages.cs.aueb.gr/~yiannisk,K7lsKjcAAAAJ,3095.0,29.0
25,George D. Stamoulis,AUEB,http://nes.aueb.gr/users/gs.html,5uRFCLsAAAAJ,1685.0,19.0
26,George Xylomenos,AUEB,http://pages.cs.aueb.gr/~xgeorge,f7tP8gcAAAAJ,4807.0,24.0
27,P. Katerinis,AUEB,http://www.aueb.gr/pages_en/graduate/masters.php,,,
28,Dimitris Gritzalis,AUEB,https://www-1.aueb.gr/en/faculty/gritzalis-dimitrios,5hIalXgAAAAJ,16310.0,57.0
29,Manfred Jaeger,Aalborg University,http://people.cs.aau.dk/~jaeger,1E085gUAAAAJ,1923.0,23.0
30,Henning Pohl,Aalborg University,https://henningpohl.net,ftOTeNkAAAAJ,823.0,14.0
31,René Rydhof Hansen,Aalborg University,http://people.cs.aau.dk/~rrh,MGLEvwkAAAAJ,1942.0,21.0
32,Peter Axel Nielsen,Aalborg University,http://people.cs.aau.dk/~pan,l2VkFywAAAAJ,5287.0,25.0
33,Kim G. Larsen,Aalborg University,http://www.cs.aau.dk/~kgl,neDFD60AAAAJ,31128.0,84.0
34,Peter Dolog,Aalborg University,https://peterdolog.wordpress.com,gCafUI0AAAAJ,4113.0,32.0
35,Bent Thomsen,Aalborg University,http://people.cs.aau.dk/~bt,mhyMmZoAAAAJ,2448.0,23.0
36,Jeni Paay,Aalborg University,http://people.cs.aau.dk/~jeni/jeni_homepage/home.html,-4miticAAAAJ,1698.0,24.0
37,Hans Hüttel,Aalborg University,http://people.cs.aau.dk/~hans/index-eng.html,Wf7-agQAAAAJ,1491.0,19.0
38,Radu Mardare,Aalborg University,http://people.cs.aau.dk/~mardare,6svgjm8AAAAJ,823.0,15.0
39,Arne Skou,Aalborg University,http://people.cs.aau.dk/~ask,qIjjvXwAAAAJ,4004.0,22.0
40,Ivan Aaen,Aalborg University,http://people.cs.aau.dk/~ivan,-8-9oRgAAAAJ,967.0,13.0
41,Torben Bach Pedersen,Aalborg University,http://people.cs.aau.dk/~tbp,XGzPuKEAAAAJ,7780.0,49.0
42,Jirí Srba,Aalborg University,http://people.cs.aau.dk/~srba,PYmuJQoAAAAJ,2828.0,30.0
43,Kurt Nørmark,Aalborg University,http://people.cs.aau.dk/~normark,5L7St-cAAAAJ,489.0,12.0
44,Nicolai Brodersen Hansen,Aalborg University,https://vbn.aau.dk/da/persons/148582,7Uy9-ToAAAAJ,785.0,11.0
45,Simonas Saltenis,Aalborg University,http://people.cs.aau.dk/~simas,K0l79_wAAAAJ,3967.0,24.0
46,Brian Nielsen,Aalborg University,http://people.cs.aau.dk/~bnielsen,iAgWGgwAAAAJ,2117.0,24.0
47,Jan Stage,Aalborg University,http://people.cs.aau.dk/~jans,6fgR7XcAAAAJ,4026.0,30.0
48,Florian Echtler,Aalborg University,https://floe.butterbrot.org,sZssYagAAAAJ,2349.0,23.0
49,Hua Lu,Aalborg University,http://people.cs.aau.dk/~luhua,h1mExmcAAAAJ,4537.0,36.0
50,Niels van Berkel,Aalborg University,http://www.nielsvanberkel.com,0VfMvLsAAAAJ,1487.0,21.0
51,Jesper Kjeldskov,Aalborg University,http://people.cs.aau.dk/~jesper,pD3nfeAAAAAJ,5910.0,38.0
52,Gabriela Montoya,Aalborg University,https://vbn.aau.dk/en/persons/gabriela-valentina-montoya-castillo,qXfMXnYAAAAJ,360.0,10.0
53,Kristian G. Olesen,Aalborg University,http://people.cs.aau.dk/~kgo/cv.html,qrPdfAcAAAAJ,3518.0,20.0
54,Thomas D. Nielsen,Aalborg University,http://people.cs.aau.dk/~tdn,6fWF0CgAAAAJ,8874.0,24.0
55,Katja Hose,Aalborg University,http://people.cs.aau.dk/~khose,LbXvZUoAAAAJ,3584.0,24.0
56,Johannes Bjerva,Aalborg University,https://bjerva.github.io/index.html,F9zlUBcAAAAJ,1015.0,16.0
57,John Stouby Persson,Aalborg University,http://people.cs.aau.dk/~john,2uofkmkAAAAJ,895.0,15.0
58,Lone Leth,Aalborg University,http://people.cs.aau.dk/~lone,vyYcihcAAAAJ,649.0,15.0
59,Uffe Kjærulff,Aalborg University,http://personprofil.aau.dk/102267?lang=en,,,
60,Giorgio Bacci,Aalborg University,http://people.cs.aau.dk/~grbacci,y2Q3kK8AAAAJ,358.0,12.0
61,Tim Merritt,Aalborg University,http://www.ixd.net,RBhmAmkAAAAJ,1021.0,17.0
62,Josva Kleist,Aalborg University,http://personprofil.aau.dk/104832?lang=en,,,
63,Bin Yang,Aalborg University,http://people.cs.aau.dk/~byang,qjBQhoUAAAAJ,3673.0,39.0
64,Daniel Russo,Aalborg University,https://danielrusso.org,BQ6QbwkAAAAJ,558.0,15.0
65,Mikael B. Skov,Aalborg University,http://people.cs.aau.dk/~dubois,sivdLnwAAAAJ,3884.0,32.0
66,Kristian Torp,Aalborg University,http://people.cs.aau.dk/~torp,EusRZN0AAAAJ,963.0,15.0
67,Anders Bruun,Aalborg University,http://personprofil.aau.dk/120220,X32A-C4AAAAJ,664.0,14.0
68,Chenjuan Guo,Aalborg University,http://people.cs.aau.dk/~cguo,WMXNm88AAAAJ,1645.0,21.0
69,Christian Thomsen,Aalborg University,http://personprofil.aau.dk/111293?lang=en,Y7i1yN4AAAAJ,993.0,18.0
70,Ulrik Larsen,Aalborg University,http://ulrik.blog.aau.dk,Z3FXuI0AAAAJ,1447.0,18.0
71,Christian S. Jensen,Aalborg University,http://people.cs.aau.dk/~csj,wo20cPYAAAAJ,34272.0,92.0
72,Mario Di Francesco,Aalto University,https://users.aalto.fi/~difram1,xuJ3KAYAAAAJ,7480.0,30.0
73,Mikko Kivelä,Aalto University,https://people.aalto.fi/new/mikko.kivela,Z3913I0AAAAJ,7068.0,19.0
74,Parinya Chalermsook,Aalto University,https://people.aalto.fi/new/parinya.chalermsook,Cw6NQasAAAAJ,781.0,15.0
75,Andrés A. Lucero,Aalto University,http://funkydesignspaces.com,YdNEAwoAAAAJ,3962.0,34.0
76,Harri Lähdesmäki,Aalto University,https://users.ics.aalto.fi/harrila,,,
77,Jukka Suomela,Aalto University,https://jukkasuomela.fi,hTZOWl8AAAAJ,2451.0,26.0
78,Marjo Kauppinen,Aalto University,https://people.aalto.fi/new/marjo.kauppinen,Wo8x6EUAAAAJ,1801.0,19.0
79,Samuel Kaski,Aalto University,https://users.ics.aalto.fi/sami,,,
80,Eero Hyvönen,Aalto University,https://seco.cs.aalto.fi/u/eahyvone,FqbJBcsAAAAJ,6637.0,39.0
81,Kari Smolander,Aalto University,https://people.aalto.fi/new/kari.smolander,f1w2dAwAAAAJ,5601.0,36.0
82,Alex Jung,Aalto University,https://users.aalto.fi/~junga1,mHjdZdwAAAAJ,1072.0,16.0
83,Tapio Lokki,Aalto University,https://users.aalto.fi/~ktlokki,vz4vC1cAAAAJ,5490.0,37.0
84,Casper Lassenius,Aalto University,https://people.aalto.fi/casper_lassenius,rQHJ67UAAAAJ,6606.0,45.0
85,Tuomas Aura,Aalto University,https://people.aalto.fi/new/tuomas.aura,izj4P5gAAAAJ,6062.0,39.0
86,Jara Uitto,Aalto University,https://users.aalto.fi/~uittoj3,yzmXt14AAAAJ,783.0,16.0
87,Marko H. T. Nieminen,Aalto University,https://users.aalto.fi/~mhtn/home,ouIgYzsAAAAJ,3668.0,25.0
88,Antti Salovaara,Aalto University,https://people.aalto.fi/antti.salovaara,SFkQ65sAAAAJ,2372.0,25.0
89,Eljas Soisalon-Soininen,Aalto University,https://people.aalto.fi/new/eljas.soisalon-soininen,,,
90,Kimmo K. Kaski,Aalto University,https://people.aalto.fi/kimmo_kaski,Cpay6fYAAAAJ,22033.0,71.0
91,Arno Solin,Aalto University,https://people.aalto.fi/arno.solin,U_fJCnAAAAAJ,2591.0,25.0
92,Jari Saramäki,Aalto University,https://people.aalto.fi/new/jari.saramaki,KA6xtQ0AAAAJ,14750.0,49.0
93,Juho Rousu,Aalto University,https://people.aalto.fi/juho_rousu,JYN5cL4AAAAJ,4282.0,31.0
94,Janne Lindqvist,Aalto University,https://www.lindqvistlab.org,rOW28UoAAAAJ,3059.0,25.0
95,Heikki Mannila,Aalto University,https://users.ics.aalto.fi/mannila,,,
96,Petri Vuorimaa,Aalto University,https://people.aalto.fi/petri_vuorimaa,Bcg93pAAAAAJ,1290.0,19.0
97,Vikas K. Garg,Aalto University,https://research.aalto.fi/en/persons/vikas-garg,JFT_m9kAAAAJ,770.0,13.0
98,Perttu Hämäläinen,Aalto University,https://mediatech.aalto.fi/~phamalainen,i90uqXUAAAAJ,2178.0,24.0
99,Antti Ylä-Jääski,Aalto University,http://cse.aalto.fi/en/personnel/antti-yla-jaaski,ojkArgn5IlAC,3832.0,32.0
100,Hong Linh Truong,Aalto University,https://research.aalto.fi/en/persons/linh-truong,juCwRycAAAAJ,6402.0,40.0
101,Antti Oulasvirta,Aalto University,http://users.comnet.aalto.fi/oulasvir,_z41TLwAAAAJ,14284.0,62.0
102,Lauri Malmi,Aalto University,http://www.cs.hut.fi/~lma,uKJ_WV4AAAAJ,5798.0,33.0
103,Martti Mäntylä,Aalto University,https://people.aalto.fi/martti_mantyla,,,
104,Petteri Kaski,Aalto University,https://users.ics.aalto.fi/pkaski,HuV9_EkAAAAJ,3957.0,30.0
105,Virpi Roto,Aalto University,http://www.allaboutux.org/virpiroto,KntdFBMAAAAJ,8026.0,36.0
106,Ilkka Niemelä,Aalto University,http://users.ics.aalto.fi/~ini,,,
107,Jouko Lampinen,Aalto University,https://people.aalto.fi/new/jouko.lampinen,Hk0Q8TkAAAAJ,3835.0,27.0
108,Maarit J. Käpylä,Aalto University,https://research.aalto.fi/en/persons/maarit-k%C3%A4pyl%C3%A4,O8p_qKwAAAAJ,3710.0,35.0
109,Pekka Marttinen,Aalto University,https://research.aalto.fi/en/persons/pekka-marttinen,,,
110,Juho Kannala,Aalto University,https://users.aalto.fi/~kannalj1,c4mWQPQAAAAJ,7797.0,36.0
111,Jaakko Lehtinen,Aalto University,https://mediatech.aalto.fi/~jaakko,Vpr6s3sAAAAJ,12365.0,37.0
112,Alexandru Paler,Aalto University,https://research.aalto.fi/en/persons/alexandru-paler,WmghO7UAAAAJ,1154.0,16.0
113,Pekka Orponen,Aalto University,https://users.ics.aalto.fi/orponen,vxczc7gAAAAJ,2925.0,27.0
114,Aki Vehtari,Aalto University,https://users.aalto.fi/~ave,tYgN0GsAAAAJ,48871.0,50.0
115,Chris Brzuska,Aalto University,http://chrisbrzuska.de,an-NQV4AAAAJ,1377.0,21.0
116,Sampsa Hyysalo,Aalto University,https://inuse.fi/people/sampsa-hyysalo,Uzl_pPYAAAAJ,5559.0,35.0
117,Elisa D. Mekler,Aalto University,https://www.aalto.fi/en/people/elisa-mekler,9j30OywAAAAJ,3008.0,22.0
118,Lauri Savioja,Aalto University,https://mediatech.aalto.fi/~las,wTfO6z0AAAAJ,5528.0,37.0
119,Stéphane Deny,Aalto University,https://research.aalto.fi/en/persons/stephane-deny,Z3jU6mQAAAAJ,899.0,11.0
120,Rohit Babbar,Aalto University,https://research.aalto.fi/en/persons/rohit-babbar,QsqvuGsAAAAJ,660.0,12.0
121,Jussi Rintanen,Aalto University,https://research.aalto.fi/en/persons/jussi-rintanen,wZJS52UAAAAJ,3520.0,34.0
122,Srikanth Srinivasan,Aarhus University,https://cs.au.dk/~srikanth,uJzmr8YAAAAJ,854.0,18.0
123,Davide Mottin,Aarhus University,https://mott.in,evZ9Q9EAAAAJ,877.0,14.0
124,Lars Birkedal,Aarhus University,http://cs.au.dk/~birke,1rW-bi0AAAAJ,7213.0,48.0
125,Olav Bertelsen,Aarhus University,http://au.dk/en/olavb@cs,Ydi4uSMAAAAJ,1664.0,20.0
126,Amin Timany,Aarhus University,https://cs.au.dk/~timany,Cgs2hEgAAAAJ,451.0,11.0
127,Gerth Stølting Brodal,Aarhus University,https://cs.au.dk/~gerth,uWU6DcMAAAAJ,4390.0,40.0
128,Diego F. Aranha,Aarhus University,https://dfaranha.github.io,FF26-mIAAAAJ,2827.0,27.0
129,Ole Lehrmann Madsen,Aarhus University,https://pure.au.dk/portal/en/persons/ole-lehrmann-madsen(edbb51a2-ec05-4400-b3ce-24037bad9857).html,CTxgVxsAAAAJ,2782.0,23.0
130,Aslan Askarov,Aarhus University,http://askarov.net,VV78_dMAAAAJ,1855.0,20.0
131,Ivan Bjerre Damgård,Aarhus University,https://cs.au.dk/~ivan/,-UhqXIEAAAAJ,26743.0,73.0
132,Sophia Yakoubov,Aarhus University,https://pure.au.dk/portal/da/persons/sophia-yakoubov(818cd271-6e5e-4980-b248-4a337b7c0603).html,Y_XwzKQAAAAJ,756.0,14.0
133,Jesper Buus Nielsen,Aarhus University,https://pure.au.dk/portal/en/persons/jesper-buus-nielsen(f428c4b3-80b3-403a-ada6-9ecb0fad97b2).html,PoDj4lsAAAAJ,8578.0,40.0
134,Ioannis Caragiannis,Aarhus University,https://cs.au.dk/~iannis/,FSIQi4IAAAAJ,4014.0,37.0
135,Jaco C. van de Pol,Aarhus University,https://cs.au.dk/~jaco,gbSSgnkAAAAJ,4150.0,34.0
136,Gudmund Skovbjerg Frandsen,Aarhus University,http://cs.au.dk/~gudmund,bHvSLToAAAAJ,506.0,11.0
137,Eve E. Hoggan,Aarhus University,http://www.evehoggan.com,EIU2kHUAAAAJ,2502.0,25.0
138,Çigdem Aslay,Aarhus University,https://pure.au.dk/portal/da/persons/cigdem-aslay(921b00ac-c233-4813-be49-89852a83f6bc).html,aVRi34QAAAAJ,384.0,8.0
139,Panagiotis Karras,Aarhus University,http://cs.au.dk/~karras,B6C4aBoAAAAJ,3421.0,25.0
140,Hans-Jörg Schulz,Aarhus University,https://cs.au.dk/~hjschulz,FJKZr4sAAAAJ,2184.0,22.0
141,Bas Spitters,Aarhus University,https://cs.au.dk/~spitters/,Pm70TvUAAAAJ,1603.0,23.0
142,Jean Pichon-Pharabod,Aarhus University,https://jeanpichon.github.io/,ReYyKJAAAAAJ,349.0,8.0
143,Ole Caprani,Aarhus University,http://au.dk/en/ocaprani@cs,r1ysNr0AAAAJ,530.0,13.0
144,Susanne Bødker,Aarhus University,http://pure.au.dk/portal/en/persons/id(87d4fbb6-b38c-449e-b87d-59f693b7d6f0).html,tO-dGhkAAAAJ,17059.0,52.0
145,Chris Schwiegelshohn,Aarhus University,https://cs.au.dk/~schwiegelshohn,X9Hl0LcAAAAJ,532.0,11.0
146,Kristoffer Arnsfelt Hansen,Aarhus University,https://cs.au.dk/~arnsfelt,QttFU2YAAAAJ,623.0,17.0
147,Anders Møller,Aarhus University,https://cs.au.dk/~amoeller,Wx0bdN0AAAAJ,5969.0,37.0
148,Ira Assent,Aarhus University,https://pure.au.dk/portal/en/persons/ira-assent(012c1c28-bfa9-4107-bd8f-97dae008b06d).html,9JqRVSwAAAAJ,4331.0,34.0
149,Ken Pfeuffer,Aarhus University,https://kenpfeuffer.com/,AqmxADkAAAAJ,973.0,15.0
150,Kasper Dalgaard Larsen,Aarhus University,https://cs.au.dk/~larsen/,ZluoxUcAAAAJ,1822.0,26.0
151,Christian N. S. Pedersen,Aarhus University,https://birc.au.dk/~cstorm/,RHtkRKwAAAAJ,3231.0,29.0
152,Henrik Bærbak Christensen,Aarhus University,http://pure.au.dk/portal/en/persons/henrik-baerbak-christensen(4f747aba-32e8-4492-841f-1f9130be6909).html,Eb2LzvUAAAAJ,1495.0,20.0
153,Peyman Afshani,Aarhus University,https://cs.au.dk/~peyman,DNIqUZEAAAAJ,893.0,15.0
154,Marianne Graves Petersen,Aarhus University,http://au.dk/en/mgraves@cs,vgP6E1oAAAAJ,2392.0,23.0
155,Magnus Madsen,Aarhus University,https://cs.au.dk/~magnusm,FuOCN_oAAAAJ,722.0,11.0
156,Kaj Grønbæk,Aarhus University,https://cs.au.dk/~kgronbak/,zaL7iZ4AAAAJ,11598.0,43.0
157,Kurt Jensen,Aarhus University,http://pure.au.dk/portal/en/persons/kurt-jensen(40695a62-b356-4d94-b437-4db0be203bdc).html,OLXJpH8AAAAJ,17333.0,31.0
158,Clemens Nylandsted Klokmose,Aarhus University,https://cs.au.dk/~clemens,ugdQqIcAAAAJ,1612.0,22.0
159,Claudio Orlandi,Aarhus University,https://cs.au.dk/~orlandi,EVDZd5oAAAAJ,3804.0,32.0
160,Morten Kyng,Aarhus University,http://au.dk/en/mkyng@cs,geVags8AAAAJ,13125.0,34.0
161,Peter Alexander Scholl,Aarhus University,https://pascholl.github.io,1k1mPNAAAAAJ,2246.0,23.0
162,Niels Olof Bouvin,Aarhus University,http://pure.au.dk/portal/en/persons/niels-olof-bouvin(a100614b-adba-4dfe-9ada-8df77bfed841).html,Xr8ZJ3kAAAAJ,1234.0,19.0
163,Andreas Pavlogiannis,Aarhus University,https://cs.au.dk/~pavlogiannis/,9QvqaqUAAAAJ,641.0,14.0
164,Amanda Clare,Aberystwyth University,https://www.aber.ac.uk/en/cs/staff-profiles/listing/profile/afc,dsmbrisAAAAJ,3357.0,21.0
165,António dos Anjos,Aberystwyth University,https://www.aber.ac.uk/en/cs/staff-profiles/listing/profile/ara11,vmlD9VYAAAAJ,314.0,8.0
166,Edel Sherratt,Aberystwyth University,https://www.aber.ac.uk/en/cs/staff-profiles/listing/profile/eds,,,
167,Chuan Lu,Aberystwyth University,https://www.aber.ac.uk/en/cs/staff-profiles/listing/profile/cul,tvY6seQAAAAJ,2938.0,27.0
168,Frédéric Labrosse,Aberystwyth University,https://www.aber.ac.uk/en/cs/staff-profiles/listing/profile/ffl,,,
169,N. A. Snooke,Aberystwyth University,https://www.aber.ac.uk/en/cs/staff-profiles/listing/profile/nns,,,
170,Bernard Paul Tiddeman,Aberystwyth University,https://www.aber.ac.uk/en/cs/staff-profiles/listing/profile/bpt,pQHTi7UAAAAJ,5583.0,31.0
171,Helen C. Miles,Aberystwyth University,https://www.aber.ac.uk/en/cs/staff-profiles/listing/profile/hem23,OWuu1f0AAAAJ,419.0,8.0
172,Dimitris P. Tsakiris,Aberystwyth University,https://www.aber.ac.uk/en/cs/staff-profiles/listing/profile/dit5,05r1hHoAAAAJ,1712.0,25.0
173,Christine Zarges,Aberystwyth University,https://www.aber.ac.uk/en/cs/staff-profiles/listing/profile/chz8,lDm_Kf4AAAAJ,1024.0,19.0
174,Neil Mac Parthaláin,Aberystwyth University,https://www.aber.ac.uk/en/cs/staff-profiles/listing/profile/ncm,Um3skD0AAAAJ,1155.0,17.0
175,Patricia Shaw,Aberystwyth University,https://www.aber.ac.uk/en/cs/staff-profiles/listing/profile/phs,4nu22CcAAAAJ,275.0,10.0
176,Qiang Shen,Aberystwyth University,https://www.aber.ac.uk/en/cs/staff-profiles/listing/profile/qqs,bew3SPIAAAAJ,13153.0,50.0
177,Richard Jensen,Aberystwyth University,https://www.aber.ac.uk/en/cs/staff-profiles/listing/profile/rkj,_nYdqsoAAAAJ,7657.0,37.0
178,Hannah Dee,Aberystwyth University,https://www.aber.ac.uk/en/cs/staff-profiles/listing/profile/hmd1,qu8qeygAAAAJ,969.0,15.0
179,Thomas Jansen,Aberystwyth University,https://www.aber.ac.uk/en/cs/staff-profiles/listing/profile/thj10,eXdrAtQAAAAJ,4524.0,34.0
180,Chris J. Price,Aberystwyth University,https://www.aber.ac.uk/en/cs/staff-profiles/listing/profile/cjp,,,
181,Reyer Zwiggelaar,Aberystwyth University,https://www.aber.ac.uk/en/cs/staff-profiles/listing/profile/rrz,NZldyesAAAAJ,5403.0,34.0
182,Myra S. Wilson,Aberystwyth University,https://www.aber.ac.uk/en/cs/staff-profiles/listing/profile/mxw,,,
183,Kenneth M. Hopkinson,Air Force Institute of Technology,https://www.afit.edu/BIOS/bio.cfm?facID=87,,,
184,Alan C. Lin,Air Force Institute of Technology,https://scholar.afit.edu/etd/index.26.html,fHStX6sAAAAJ,60.0,4.0
185,Jason M. Bindewald,Air Force Institute of Technology,https://scholar.afit.edu/docs/21,tc9vapAAAAAJ,184.0,9.0
186,Laurence D. Merkle,Air Force Institute of Technology,http://afit.academia.edu/xphileprof,42Qq_JwAAAAJ,886.0,16.0
187,Brett J. Borghetti,Air Force Institute of Technology,https://www.afit.edu/BIOS/bio.cfm?facID=18,Z6vGQasAAAAJ,930.0,14.0
188,Gilbert L. Peterson,Air Force Institute of Technology,https://www.afit.edu/BIOS/bio.cfm?facID=172,,,
189,John M. Pecarina,Air Force Institute of Technology,https://apps.dtic.mil/dtic/tr/fulltext/u2/1054676.pdf,cbWT7R8AAAAJ,294.0,11.0
190,Scott L. Nykl,Air Force Institute of Technology,https://www.afit.edu/BIOS/bio.cfm?facID=268,R06F8XQAAAAJ,272.0,10.0
191,Mason Rice,Air Force Institute of Technology,https://www.afit.edu/docs/AFIT-ENG-MS-16-M-016.pdf,,,
192,Mark Reith,Air Force Institute of Technology,https://www.afit.edu/BIOS/bio.cfm?facID=297,,,
193,Sherif El-Kassas,American University in Cairo,https://www.aucegypt.edu/fac/sherifel-kassas,,,
194,Ahmed Rafea,American University in Cairo,https://www.aucegypt.edu/fac/ahmedrafea,szDaQLYAAAAJ,2721.0,26.0
195,Cherif Salama,American University in Cairo,https://www.aucegypt.edu/fac/cherif,YmiuZcEAAAAJ,350.0,9.0
196,Tamer A. ElBatt,American University in Cairo,https://www.aucegypt.edu/fac/tamerel-batt,5w0QmjUAAAAJ,4535.0,25.0
197,Sherif G. Aly,American University in Cairo,https://www.aucegypt.edu/fac/sherifaly,L-4bT2AAAAAJ,181.0,8.0
198,Amr Goneid,American University in Cairo,https://www.aucegypt.edu/fac/amrgoneid,,,
199,Awad H. Khalil,American University in Cairo,https://www.aucegypt.edu/fac/awadkhalil,jtatHAkAAAAJ,4949.0,38.0
200,Mohamed N. Moustafa,American University in Cairo,https://www.aucegypt.edu/fac/mohamedmoustafa,QGdReUEAAAAJ,1173.0,16.0
201,Amr El-Kadi,American University in Cairo,https://www.aucegypt.edu/fac/amrel-kadi,,,
202,Mohamed El Baker Nassar,American University of Beirut,http://www.aub.edu.lb/pages/profile.aspx?memberId=mn115,GrvxLaUAAAAJ,667.0,15.0
203,Fatima Abu Salem,American University of Beirut,http://www.cs.aub.edu.lb/fa21,,,
204,Mohamad Jaber,American University of Beirut,https://www.aub.edu.lb/fas/cs/people/Pages/mj54.aspx,k5WqqOcAAAAJ,1162.0,15.0
205,Ibrahim Issa,American University of Beirut,http://www.aub.edu.lb/pages/profile.aspx?memberId=ii19,6odfSA4AAAAJ,379.0,10.0
206,Paul C. Attie,American University of Beirut,http://www.cs.aub.edu.lb/pa07,weh0F3wAAAAJ,1703.0,20.0
207,Ali Chehab,American University of Beirut,https://website.aub.edu.lb/fea/publicprofile/Pages/profile.aspx?MemberId=chehab,pu2imbMAAAAJ,4844.0,33.0
208,George M. Turkiyyah,American University of Beirut,https://www.aub.edu.lb/fas/cs/people/Pages/gt02.aspx,hJEdkhYAAAAJ,2062.0,24.0
209,Shady Elbassuoni,American University of Beirut,https://www.aub.edu.lb/fas/cs/people/Pages/se58.aspx,Fe8iIHMAAAAJ,2475.0,22.0
210,Wassim El-Hajj,American University of Beirut,http://staff.aub.edu.lb/~we07,QidtvQgAAAAJ,2747.0,29.0
211,Hassan A. Artail,American University of Beirut,https://www.aub.edu.lb/fea/publicprofile/Pages/profile.aspx?memberid=ha27,Gm0ZtJcAAAAJ,4292.0,34.0
212,Wes Masri,American University of Beirut,http://www.aub.edu.lb/fea/wm13,BQM2KwcAAAAJ,2167.0,20.0
213,Ibrahim C. Abou-Faycal,American University of Beirut,https://www.aub.edu.lb/fea/publicprofile/Pages/profile.aspx?memberid=ia14,EwLgoU8AAAAJ,1080.0,14.0
214,Hazem M. Hajj,American University of Beirut,http://feaweb.aub.edu.lb/personalwebsites/hhajj,QidtvQgAAAAJ,2747.0,29.0
215,Fadi A. Zaraket,American University of Beirut,http://research-fadi.aub.edu.lb,1e2w_FoAAAAJ,569.0,13.0
216,Haïdar Safa,American University of Beirut,https://www.aub.edu.lb/fas/cs/people/Pages/hs33.aspx,THYMTJMAAAAJ,1676.0,23.0
217,Louay Bazzi,American University of Beirut,https://www.aub.edu.lb/fea/publicprofile/Pages/profile.aspx?MemberId=lb13,9oNkK7YAAAAJ,576.0,9.0
218,Imad Elhajj,American University of Beirut,http://www.aub.edu.lb/~ie05,wJJeWOEAAAAJ,5040.0,34.0
219,Izzat El Hajj,American University of Beirut,http://www.aub.edu.lb/pages/profile.aspx?memberid=ie22,_VVw504AAAAJ,706.0,13.0
220,Haitham Akkary,American University of Beirut,https://www.aub.edu.lb/fea/publicprofile/Pages/profile.aspx?MemberId=ha95,IOoBNcsAAAAJ,4318.0,35.0
221,Ayman I. Kayssi,American University of Beirut,https://www.aub.edu.lb/fea/publicprofile/Pages/profile.aspx?MemberId=ayman,JzsqVaMAAAAJ,4165.0,32.0
222,Ahmad R. Dhaini,American University of Beirut,http://staff.aub.edu.lb/~ad57,SoP_HnYAAAAJ,1167.0,18.0
223,Mariette Awad,American University of Beirut,https://www.aub.edu.lb/fea/publicprofile/Pages/profile.aspx?memberid=ma162,pF_1j1IAAAAJ,4776.0,20.0
224,Amer E. Mouawad,American University of Beirut,http://www.aub.edu.lb/pages/profile.aspx?memberId=aa368,MK6WseUAAAAJ,667.0,15.0
225,Dan Hefetz,Ariel University,http://www.ariel.ac.il/projects/trp/GeneralInformation.asp?numRec=550&numtafrit=1&id_lang=1&d=,oSAkZJoAAAAJ,1004.0,18.0
226,Noam Hazon,Ariel University,http://www.ariel.ac.il/sites/noamh,Bb-VR9sAAAAJ,1292.0,19.0
227,Anat Paskin,Ariel University,http://www.ariel.ac.il/Projects/trp/GeneralInformation.asp?numRec=483&numtafrit=1&id_lang=1&d=,XcyQbAYAAAAJ,663.0,8.0
228,Boaz Ben-Moshe,Ariel University,http://www.ariel.ac.il/sites/bmboaz,EqqHg3MAAAAJ,1402.0,20.0
229,Eran Omri,Ariel University,http://www.ariel.ac.il/Projects/trp/GeneralInformation.asp?numRec=368&numtafrit=1&id_lang=1&d=,UUho8zsAAAAJ,802.0,16.0
230,Elad Aigner-Horev,Ariel University,http://www.elad-horev.org,4-mES5gAAAAJ,262.0,10.0
231,Amit Dvir,Ariel University,https://www.ariel.ac.il/wp/amitd,fYOS6GcAAAAJ,1073.0,15.0
232,Dana Shapira,Ariel University,http://www.ariel.ac.il/Projects/trp/GeneralInformation.asp?numRec=454&numtafrit=1&id_lang=1&d=,xYvlBV0AAAAJ,723.0,16.0
233,Mira Gonen,Ariel University,http://www.ariel.ac.il/Projects/TRP/GeneralInformation.asp?numRec=433&numtafrit=1&id_lang=1&d=,pILEObcAAAAJ,391.0,10.0
234,Amos Azaria,Ariel University,http://www.ariel.ac.il/projects/trp/GeneralInformation.asp?numRec=548&numtafrit=1&id_lang=1&d=,sdfKs_sAAAAJ,1967.0,21.0
235,Ofir Pele,Ariel University,http://www.ariel.ac.il/sites/ofirpele,0J0n7sEAAAAJ,2106.0,14.0
236,Kirill Kogan,Ariel University,https://www.ariel.ac.il/projects/trp/GeneralInformation.asp?numRec=708&numtafrit=1&id_lang=1&d=,F7KKWfgAAAAJ,892.0,19.0
237,Lee-Ad Gottlieb,Ariel University,http://www.cs.nyu.edu/~adi,HV6OPfcAAAAJ,1171.0,18.0
238,Dror Tobi,Ariel University,http://www.ariel.ac.il/Projects/TRP/GeneralInformation.asp?numRec=4,5Df00DoAAAAJ,2098.0,17.0
239,Dan Ophir,Ariel University,http://ariel.academia.edu/DanOphir,,,
240,Gabriel Nivasch,Ariel University,http://www.ariel.ac.il/Projects/TRP/GeneralInformation.asp?numRec=365&numtafrit=1&id_lang=1&d=,s11gsQUAAAAJ,494.0,10.0
241,Chen Hajaj,Ariel University,https://www.ariel.ac.il/wp/chen-hajaj,Zy2cIskAAAAJ,325.0,10.0
242,Vadim E. Levit,Ariel University,http://ariel.academia.edu/VadimLevit,iAIwEeAAAAAJ,1620.0,21.0
243,Adam Doupé,Arizona State University,http://adamdoupe.com,hsJqhNAAAAAJ,2603.0,25.0
244,Brian C. Nelson,Arizona State University,https://webapp4.asu.edu/directory/person/841981,R0PhbAYAAAAJ,3639.0,27.0
245,Deliang Fan,Arizona State University,https://dfan.engineering.asu.edu,sAflhJUAAAAJ,3257.0,33.0
246,Chaowei Xiao,Arizona State University,https://xiaocw11.github.io,Juoqtj8AAAAJ,4837.0,21.0
247,Tiffany Bao,Arizona State University,https://www.tiffanybao.com,mOraMN8AAAAJ,491.0,9.0
248,Joohyung Lee,Arizona State University,http://peace.eas.asu.edu,WeqC_-MAAAAJ,2796.0,27.0
249,Subbarao Kambhampati,Arizona State University,http://rakaposhi.eas.asu.edu,yl3L07sAAAAJ,14232.0,59.0
250,Jia Zou,Arizona State University,https://sites.google.com/view/jiazou-web/home,7Dnxbj0AAAAJ,474.0,11.0
251,Partha Dasgupta,Arizona State University,http://cactus.eas.asu.edu/partha,,,
252,Ming Zhao,Arizona State University,https://cidse.engineering.asu.edu/directory/zhao-ming,ZaB3G68AAAAJ,36577.0,85.0
253,Stephanie Forrest,Arizona State University,https://forrest.biodesign.asu.edu/index.html,rx56n5cAAAAJ,39353.0,79.0
254,Sandeep K. S. Gupta,Arizona State University,https://cidse.engineering.asu.edu/directory/gupta-sandeep,U9bcQkMAAAAJ,12992.0,59.0
255,Ni Trieu,Arizona State University,https://nitrieu.github.io,esITaOoAAAAJ,762.0,12.0
256,Michel A. Kinsy,Arizona State University,https://isearch.asu.edu/profile/472846,WACzXzoAAAAJ,1050.0,18.0
257,Eduardo Blanco,Arizona State University,https://isearch.asu.edu/profile/3996580,AqGa3-MAAAAJ,1134.0,14.0
258,Yezhou Yang,Arizona State University,https://yezhouyang.engineering.asu.edu,k2suuZgAAAAJ,3069.0,28.0
259,W. T. Tsai,Arizona State University,https://cidse.engineering.asu.edu/directory/tsai-wei-tek,,,
260,Kurt VanLehn,Arizona State University,http://www.public.asu.edu/~kvanlehn,hjYT3JYAAAAJ,23529.0,69.0
261,Huan Liu,Arizona State University,http://www.public.asu.edu/~huanliu,Dzf46C8AAAAJ,78965.0,124.0
262,Carole-Jean Wu,Arizona State University,http://faculty.engineering.asu.edu/carolewu,S1szbyAAAAAJ,3120.0,24.0
263,Rakibul Hasan,Arizona State University,https://rakib062.github.io,EuZ5pnwAAAAJ,195.0,7.0
264,Yan Shoshitaishvili,Arizona State University,http://www.yancomm.net,ff1RkwcAAAAJ,3519.0,22.0
265,Baoxin Li,Arizona State University,http://www.public.asu.edu/~bli24,,,
266,Mohamed Sarwat,Arizona State University,http://faculty.engineering.asu.edu/sarwat,kOc0x0MAAAAJ,2112.0,19.0
267,Fish Wang,Arizona State University,https://ruoyuwang.me,pi3Z8FgAAAAJ,2700.0,16.0
268,Ross Maciejewski,Arizona State University,http://rmaciejewski.faculty.asu.edu,nChgOjEAAAAJ,4926.0,39.0
269,K. Selçuk Candan,Arizona State University,http://aria.asu.edu/candan,keO-0s0AAAAJ,7806.0,40.0
270,Siddharth Srivastava,Arizona State University,http://siddharthsrivastava.net,H3ZnCqYAAAAJ,1901.0,18.0
271,Jed Crandall,Arizona State University,https://www.cs.unm.edu/~crandall,nOF9akgAAAAJ,2588.0,23.0
272,Andréa W. Richa,Arizona State University,http://www.public.asu.edu/~aricha,1LUuMc8AAAAJ,4984.0,36.0
273,Violet R. Syrotiuk,Arizona State University,http://www.public.asu.edu/~syrotiuk,,,
274,Arunabha Sen,Arizona State University,http://www.public.asu.edu/~halla,iGmVaU4AAAAJ,3426.0,29.0
275,Yalin Wang,Arizona State University,http://gsl.lab.asu.edu,F4tTgLQAAAAJ,6845.0,40.0
276,Hasan Davulcu,Arizona State University,http://www.public.asu.edu/~hdavulcu,P9IivpwAAAAJ,2621.0,27.0
277,Guoliang Xue,Arizona State University,https://optimization.asu.edu,9gBvN78AAAAJ,19404.0,65.0
278,Chitta Baral,Arizona State University,http://www.public.asu.edu/~cbaral,9Yd716IAAAAJ,9889.0,44.0
279,Charles J. Colbourn,Arizona State University,http://www.public.asu.edu/~ccolbou,,,
280,Georgios E. Fainekos,Arizona State University,http://www.public.asu.edu/~gfaineko,WGRYgBEAAAAJ,6755.0,38.0
281,James S. Collofello,Arizona State University,https://cidse.engineering.asu.edu/directory/collofello-james,,,
282,Aviral Shrivastava,Arizona State University,http://www.public.asu.edu/~ashriva6,zlzK-v0AAAAJ,3176.0,32.0
283,Rida A. Bazzi,Arizona State University,http://bazzi.faculty.asu.edu,FrMOlk8AAAAJ,1525.0,20.0
284,Heni Ben Amor,Arizona State University,https://cidse.engineering.asu.edu/directory/ben-amor-heni,,,
285,Hassan Ghasemzadeh,Arizona State University,https://chs.asu.edu/hassan-ghasemzadeh,29Tc_lEAAAAJ,4760.0,36.0
286,Gail-Joon Ahn,Arizona State University,http://www.public.asu.edu/~gahn1,_dzO69sAAAAJ,14821.0,58.0
287,David A. Umphress,Auburn University,http://www.eng.auburn.edu/~umphress/David_Umphress/DavidUmphress.html,adnNt1IAAAAJ,1150.0,15.0
288,James H. Cross,Auburn University,http://www.eng.auburn.edu/~cross,qOHTo_oAAAAJ,4166.0,16.0
289,Levent Yilmaz,Auburn University,http://www.eng.auburn.edu/~yilmaz,uPBKJewAAAAJ,3732.0,27.0
290,Kai H. Chang,Auburn University,http://www.eng.auburn.edu/~kchang,,,
291,Cheryl D. Seals,Auburn University,http://www.eng.auburn.edu/~sealscd,,,
292,Daniela Marghitu,Auburn University,http://www.eng.auburn.edu/~daniela,d2w-SswAAAAJ,1826.0,15.0
293,Dean Hendrix,Auburn University,http://www.auburn.edu/~hendrtd,,,
294,Xiao Qin,Auburn University,http://www.eng.auburn.edu/~xqin,877mtdkAAAAJ,12844.0,59.0
295,Alvin S. Lim,Auburn University,http://www.eng.auburn.edu/~lim,8yA8n4sAAAAJ,1875.0,17.0
296,Sanjeev Baskiyar,Auburn University,http://www.eng.auburn.edu/~baskiyar,hrOiwPIAAAAJ,4739.0,31.0
297,Saad Biaz,Auburn University,http://www.eng.auburn.edu/users/sbiaz,B4fHhe0AAAAJ,2411.0,23.0
298,Wei-Shinn Ku,Auburn University,http://www.eng.auburn.edu/~weishinn,ZQ87sO4AAAAJ,3631.0,31.0
299,Jeffrey L. Overbey,Auburn University,http://jeff.over.bz,ot-erTIAAAAJ,2736.0,12.0
300,Richard Chapman,Auburn University,https://www.eng.auburn.edu/comp/faculty,Ncn4IvUAAAAJ,120.0,7.0
301,N. Hari Narayanan,Auburn University,http://www.eng.auburn.edu/~naraynh,,,
302,Anthony Skjellum,Auburn University,http://www.eng.auburn.edu/directory/skjellum.html,j74j55gAAAAJ,14090.0,35.0
303,Yang Zhou,Auburn University,http://eng.auburn.edu/users/yangzhou,yvE8Po0AAAAJ,2823.0,22.0
304,James N. Smith,Augusta University,https://www.augusta.edu/faculty/directory/view.php?id=JASMITH8,vktau2YAAAAJ,19.0,2.0
305,Jason Orlosky,Augusta University,https://www.jeoresearch.com,QLSRDi8AAAAJ,874.0,17.0
306,Clément Aubert,Augusta University,https://spots.augusta.edu/caubert,mV9zWOoAAAAJ,214.0,8.0
307,Paul York,Augusta University,https://www.augusta.edu/faculty/directory/view.php?id=pyork1,ucRxkp8AAAAJ,426.0,8.0
308,Onyeka Ezenwoye,Augusta University,https://www.augusta.edu/faculty/directory/view.php?id=oezenwoye,WzzzVvoAAAAJ,441.0,12.0
309,Michael Dowell,Augusta University,https://www.augusta.edu/faculty/directory/view.php?id=mdowell,NzpqwxEAAAAJ,51.0,4.0
310,Nisha Panwar,Augusta University,https://sites.google.com/view/panwar,,,
311,Reza Rahaeimehr,Augusta University,https://www.augusta.edu/faculty/directory/view.php?id=RRAHAEIMEHR,,,
312,Harley D. Eades III,Augusta University,https://metatheorem.org,Nbb0YZEAAAAJ,194.0,7.0
313,Ronald Martin,Augusta University,https://www.augusta.edu/faculty/directory/view.php?id=RMARTI16,,,
314,Weming Xiang,Augusta University,https://xiangweiming.github.io,Vm_7JP8AAAAJ,2821.0,27.0
315,Michael Nowatkowski,Augusta University,https://www.augusta.edu/faculty/directory/view.php?id=MNOWATKOWSKI,6pNrf1MAAAAJ,217.0,8.0
316,Sarbottam Bhagat,Augusta University,https://www.augusta.edu/ccs/faculty.php,XibMQWIAAAAJ,109.0,2.0
317,Jeffrey D. Morris,Augusta University,https://www.augusta.edu/ccs/faculty.php,VWQQYTcAAAAJ,93.0,5.0
318,Mohsen Jozani,Augusta University,https://www.augusta.edu/ccs/faculty.php,rBRM8HYAAAAJ,136.0,4.0
319,Costas Busch,Augusta University,https://www.augusta.edu/faculty/directory/view.php?id=KBUSCH,VxzBbI0AAAAJ,1690.0,24.0
320,Gagan Agrawal,Augusta University,https://www.augusta.edu/faculty/directory/view.php?id=GAGRAWAL,kOUPR1sAAAAJ,9527.0,56.0
321,Hoda Maleki,Augusta University,https://www.augusta.edu/faculty/directory/view.php?id=HMALEKI,MFf4T7oAAAAJ,142.0,5.0
322,Edward Tremel,Augusta University,https://edwardtremel.com,7zX-PdgAAAAJ,139.0,5.0
323,Mark A. Harris,Augusta University,https://www.augusta.edu/faculty/directory/view.php?id=MARHARRIS1,eo1oWjoAAAAJ,934.0,15.0
324,Richard DeFrancisco,Augusta University,https://www3.cs.stonybrook.edu/~rdefrancisco,tcGjTOoAAAAJ,47.0,3.0
325,Gokila Dorai,Augusta University,https://www.augusta.edu/faculty/directory/view.php?id=GDORAI,VME6RWsAAAAJ,50.0,4.0
326,Jason Williams,Augusta University,https://www.augusta.edu/faculty/directory/view.php?id=JWILLIAMS45,wgRoG-kAAAAJ,21.0,3.0
327,Dariusz R. Kowalski,Augusta University,https://www.augusta.edu/faculty/directory/view.php?id=DKOWALSKI,npq3yLIAAAAJ,3989.0,35.0
328,Bogdan Chlebus,Augusta University,https://www.augusta.edu/faculty/directory/view.php?id=BCHLEBUS,_JWhZSAAAAAJ,2468.0,27.0
329,Ahmed Aleroud,Augusta University,https://www.augusta.edu/faculty/directory/view.php?id=AALEROUD,vW6NVIQAAAAJ,794.0,15.0
330,John J. Heslen,Augusta University,https://www.augusta.edu/faculty/directory/view.php?id=JHESLEN,xOmATMMAAAAJ,9.0,1.0
331,Peter Robinson,Augusta University,https://pwrobinson.github.io,DsPjnMQAAAAJ,1068.0,20.0
332,Ahmad Jbara,Augusta University,https://www.augusta.edu/faculty/directory/view.php?id=AJBARA,58rYtv0AAAAJ,595.0,10.0
333,Bernardo Pereira Nunes,Australian National University,https://comp.anu.edu.au/people/bernardo-nunes/,bPVrW_UAAAAJ,1068.0,16.0
334,Michael Norrish,Australian National University,https://cecs.anu.edu.au/people/michael-norrish,Ymd4ZfYAAAAJ,5080.0,24.0
335,Bui Quang Minh,Australian National University,https://cecs.anu.edu.au/people/minh-bui,UI0xN_QAAAAJ,27616.0,26.0
336,Jennyfer Lawrence Taylor,Australian National University,https://comp.anu.edu.au/people/jennyfer-taylor/,YojqErAAAAAJ,208.0,9.0
337,Giuseppe M. J. Barca,Australian National University,https://comp.anu.edu.au/people/giuseppe-barca/,bdx0QCoAAAAJ,700.0,12.0
338,Alex Potanin,Australian National University,https://comp.anu.edu.au/people/alex-potanin/,NUl2HRkAAAAJ,1347.0,21.0
339,Patrik Haslum,Australian National University,https://cs.anu.edu.au/people/patrik-haslum,XqbCCJIAAAAJ,3832.0,30.0
340,Charles Martin,Australian National University,http://cs.anu.edu.au/people/charles-martin,mTlH4G8AAAAJ,324.0,10.0
341,Felipe Trevizan,Australian National University,https://comp.anu.edu.au/people/felipe-trevizan/,AG1PRG4AAAAJ,425.0,11.0
342,Zhenchang Xing,Australian National University,https://cecs.anu.edu.au/people/zhenchang-xing,0vCxuH4AAAAJ,5493.0,41.0
343,Genevieve Bell,Australian National University,https://cybernetics.anu.edu.au/people/genevieve-bell/,,,
344,Alexandra Zafiroglu,Australian National University,https://cybernetics.anu.edu.au/people/alex-zafiroglu/,,,
345,Melina C. Vidoni,Australian National University,https://comp.anu.edu.au/people/melina-vidoni/,Th-fldcAAAAJ,75.0,4.0
346,Bob McKay,Australian National University,https://cecs.anu.edu.au/people/robert-ian-mckay,BphNXV8AAAAJ,10805.0,51.0
347,Josh Andres,Australian National University,https://cybernetics.anu.edu.au/people/josh-andres/,,,
348,Peter Christen,Australian National University,https://cs.anu.edu.au/people/peter-christen,oz-2CXsAAAAJ,14054.0,47.0
349,Alwen Fernanto Tiu,Australian National University,https://cecs.anu.edu.au/people/alwen-tiu,92pa9z8AAAAJ,2336.0,27.0
350,Armin Haller,Australian National University,https://cs.anu.edu.au/people/armin-haller,BehUprAAAAAJ,2641.0,24.0
351,Nisansala Yatapanage,Australian National University,https://comp.anu.edu.au/people/nisansala-yatapanage/,_Kgwm9YAAAAJ,277.0,9.0
352,Penny Kyburz,Australian National University,https://cs.anu.edu.au/people/penny-kyburz,mrvBuvsAAAAJ,3978.0,18.0
353,Nick Barnes,Australian National University,https://comp.anu.edu.au/people/nick-barnes/,yMXs1WcAAAAJ,5589.0,35.0
354,Priscilla Kan John,Australian National University,https://cs.anu.edu.au/people/priscilla-kan-john,,,
355,Rajeev Goré,Australian National University,https://cs.anu.edu.au/people/rajeev-gore,2lWIhEgAAAAJ,2770.0,27.0
356,Thomas Haines,Australian National University,https://comp.anu.edu.au/people/thomas-haines/,bbt2PloAAAAJ,211.0,7.0
357,Peter Höfner,Australian National University,https://cs.anu.edu.au/people/peter-hoefner,JbCZr9sAAAAJ,1543.0,22.0
358,Katherine A. Daniel,Australian National University,https://cybernetics.anu.edu.au/people/katherine-daniell/,TIQVsWEAAAAJ,2511.0,23.0
359,Graham J. Williams,Australian National University,https://comp.anu.edu.au/people/graham-williams/,08HEV_kAAAAJ,7351.0,32.0
360,Yu Lin,Australian National University,https://cecs.anu.edu.au/people/yu-lin,KDwSQ0gAAAAJ,2429.0,20.0
361,Miaomiao Liu,Australian National University,https://comp.anu.edu.au/people/miaomiao-liu/,ptAR7tUAAAAJ,1490.0,17.0
362,Ranald Alexander Clouston,Australian National University,https://cs.anu.edu.au/people/ranald-clouston,_7YKlyMAAAAJ,502.0,11.0
363,Matthew Hole,Australian National University,https://comp.anu.edu.au/people/matthew-hole/,BoPimVUAAAAJ,1840.0,25.0
364,Qing Wang,Australian National University,http://users.cecs.anu.edu.au/~u5170295,,,
365,Charles Gretton,Australian National University,https://cecs.anu.edu.au/people/charles-gretton,C6mgJ_QAAAAJ,973.0,15.0
366,Sid Chi-Kin Chau,Australian National University,https://comp.anu.edu.au/people/sid-chau/,RBHNdYkAAAAJ,2154.0,27.0
367,Stephen Blackburn,Australian National University,http://users.cecs.anu.edu.au/~steveb,HgSTO7oAAAAJ,5498.0,32.0
368,Hanna Suominen,Australian National University,https://cs.anu.edu.au/people/hanna-suominen,o4qymo4AAAAJ,2499.0,26.0
369,Kee Siong Ng,Australian National University,https://cs.anu.edu.au/people/kee-siong-ng,4bL3ThUAAAAJ,1252.0,15.0
370,Kerry L. Taylor,Australian National University,https://cs.anu.edu.au/people/kerry-taylor,-0XaEQkAAAAJ,4890.0,26.0
371,Hanna Kurniawati,Australian National University,https://cs.anu.edu.au/people/hanna-kurniawati,JkjFXbAAAAAJ,2674.0,18.0
372,Dirk Pattinson,Australian National University,https://cs.anu.edu.au/people/dirk-pattinson,_QbFzhkAAAAJ,2302.0,24.0
373,Lexing Xie,Australian National University,https://cs.anu.edu.au/people/lexing-xie,u0xUDSoAAAAJ,8603.0,42.0
374,Pascal Bercher,Australian National University,https://cs.anu.edu.au/people/pascal-bercher,UuK7xYsAAAAJ,1436.0,23.0
375,Liang Zheng,Australian National University,https://cs.anu.edu.au/people/liang-zheng,vNHqr3oAAAAJ,23208.0,47.0
376,Amanda S. Barnard,Australian National University,https://cs.anu.edu.au/people/amanda-s-barnard,lGtwfOQAAAAJ,11507.0,54.0
377,Robert Ian McKay,Australian National University,https://cs.anu.edu.au/people/robert-ian-mckay,MVjWALEAAAAJ,3664.0,28.0
378,John K. Slaney,Australian National University,https://cs.anu.edu.au/people/john-slaney,5Cah4boAAAAJ,2905.0,27.0
379,Brendan D. McKay,Australian National University,https://cs.anu.edu.au/people/brendan-mckay,3nV4EKwAAAAJ,12386.0,57.0
380,Stephen Gould,Australian National University,http://users.cecs.anu.edu.au/~sgould,YvdzeM8AAAAJ,12370.0,42.0
381,Alban Grastien,Australian National University,https://cs.anu.edu.au/people/alban-grastien,87u0x6UAAAAJ,1579.0,19.0
382,Richard Hartley,Australian National University,http://axiom.anu.edu.au/~hartley,cHia5p0AAAAJ,65826.0,82.0
383,Hongdong Li,Australian National University,http://users.cecs.anu.edu.au/~hongdong,JrQxdmUAAAAJ,5344.0,33.0
384,Yoshihiro Maruyama,Australian National University,https://cs.anu.edu.au/people/youshihiro-maruyama,,,
385,Quanling Deng,Australian National University,https://comp.anu.edu.au/people/quanling-deng/,PBGaQ44AAAAJ,331.0,11.0
386,Jochen Trumpf,Australian National University,http://users.cecs.anu.edu.au/~trumpf,c-ZZKpAAAAAJ,2977.0,27.0
387,Richard P. Brent,Australian National University,http://wwwmaths.anu.edu.au/~brent,TRcAF4cAAAAJ,19968.0,56.0
388,John Lloyd,Australian National University,https://cs.anu.edu.au/people/john-lloyd,ko4eO0wAAAAJ,14106.0,32.0
389,Yuan-Sen Ting,Australian National University,https://comp.anu.edu.au/people/yuan-sen-ting/,FNvucsoAAAAJ,3996.0,35.0
390,Jochen Renz,Australian National University,http://users.cecs.anu.edu.au/~jrenz,YlsJH-IAAAAJ,4304.0,28.0
391,Ben Swift,Australian National University,https://cs.anu.edu.au/people/ben-swift,OQdYgLEAAAAJ,251.0,9.0
392,Brian Anderson,Australian National University,http://users.cecs.anu.edu.au/~briandoa,,,
393,Shoaib Akram,Australian National University,https://cs.anu.edu.au/people/shoaib-akram,vwB9Q54AAAAJ,334.0,11.0
394,Robert E. Mahony,Australian National University,http://users.cecs.anu.edu.au/Robert.Mahony,GbLX3cIAAAAJ,20030.0,55.0
395,Antony L. Hosking,Australian National University,https://cs.anu.edu.au/people/tony-hosking,5LINiuEAAAAJ,5199.0,30.0
396,Sylvie Thiébaux,Australian National University,http://users.cecs.anu.edu.au/~thiebaux,UliUD0gAAAAJ,3720.0,34.0
397,Pratik Narang,BITS Pilani,https://www.bits-pilani.ac.in/pilani/pratiknarang/profile,YyCGRO8AAAAJ,912.0,17.0
398,Sundaresan Raman,BITS Pilani,http://www.bits-pilani.ac.in/pilani/sundaresanraman/profile,,,
399,Sundar Balasubramaniam,BITS Pilani,http://www.bits-pilani.ac.in/pilani/sundarb/profile,2E9w-LgAAAAJ,1204.0,21.0
