Name,affiliation,homepage,scholar-id,citations,h-index
Bonnie MacKay,Dalhousie University,https://web.cs.dal.ca/~bmackay,fqtL2yMAAAAJ,472.0,12.0
Robert Beiko,Dalhousie University,https://www.dal.ca/faculty/computerscience/faculty-staff/robert-beiko.html,OmUy3vUAAAAJ,17083.0,45.0
Sampalli Srinivas,Dalhousie University,https://web.cs.dal.ca/~srini,UCVetfAAAAAJ,2282.0,23.0
Raghav Sampangi,Dalhousie University,https://www.dal.ca/academics/programs/graduate/computer-science/graduate-life/current-students/raghav-sampangi.html,x_Cy69EAAAAJ,169.0,6.0
Sergey Bratus,Dartmouth College,http://www.cs.dartmouth.edu/~sergey,mufO1rkAAAAJ,1854.0,25.0
Robert L. (Scot) Drysdale III,Dartmouth College,http://www.cs.dartmouth.edu/~scot,mn1QyYgAAAAJ,3358.0,27.0
Sean W. Smith,Dartmouth College,http://www.cs.dartmouth.edu/~sws,hjaMuwsAAAAJ,352.0,10.0
Soroush Vosoughi,Dartmouth College,https://web.cs.dartmouth.edu/people/soroush-vosoughi,45DAXkwAAAAJ,6448.0,20.0
Dan Rockmore,Dartmouth College,http://www.cs.dartmouth.edu/~rockmore,,,
Xia Zhou,Dartmouth College,http://www.cs.dartmouth.edu/~xia,t_DFZvgAAAAJ,4642.0,29.0
Bo Zhu,Dartmouth College,https://web.cs.dartmouth.edu/people/bo-zhu,,,
David F. Kotz,Dartmouth College,http://www.cs.dartmouth.edu/~dfk,s5QkqdcAAAAJ,22974.0,76.0
Alberto Quattrini Li,Dartmouth College,https://web.cs.dartmouth.edu/people/alberto-quattrini-li,06ldpDMAAAAJ,966.0,18.0
Wojciech Jarosz,Dartmouth College,https://www.cs.dartmouth.edu/~wjarosz,vrjL9p0AAAAJ,3851.0,39.0
Andrew T. Campbell,Dartmouth College,http://www.cs.dartmouth.edu/~campbell,rthco5oAAAAJ,38382.0,87.0
Prasad Jayanti,Dartmouth College,http://www.cs.dartmouth.edu/~prasad,hdn0Ln0AAAAJ,59375.0,72.0
Chris Bailey-Kellogg,Dartmouth College,http://www.cs.dartmouth.edu/~cbk,-cwEbxUAAAAJ,4347.0,35.0
Michael A. Casey,Dartmouth College,http://dartmouth.edu/faculty-directory/michael-casey,2dTrwzAAAAAJ,4851.0,32.0
Peter M. Winkler,Dartmouth College,https://math.dartmouth.edu/~pw,,,
Gevorg Grigoryan,Dartmouth College,http://dartmouth.edu/faculty-directory/gevorg-grigoryan,hJuusUEAAAAJ,2743.0,26.0
Robert L. Drysdale III,Dartmouth College,http://dartmouth.edu/faculty-directory/robert-lewis-scot-drysdale-iii,mn1QyYgAAAAJ,3358.0,27.0
Elizabeth L. Murnane,Dartmouth College,https://engineering.dartmouth.edu/community/faculty/elizabeth-murnane,dfy3siAAAAAJ,1373.0,22.0
Lorie Loeb,Dartmouth College,http://web.cs.dartmouth.edu/people/lorie-loeb,_kl2qQQAAAAJ,400.0,6.0
Xing-Dong Yang,Dartmouth College,https://www.cs.dartmouth.edu/~xingdong,9WfDSNwAAAAJ,2105.0,27.0
Shagufta Mehnaz,Dartmouth College,https://smehnaz.github.io,xG6n34gAAAAJ,366.0,9.0
V. S. Subrahmanian,Dartmouth College,https://faculty-directory.dartmouth.edu/vs-subrahmanian,PLt9wB8AAAAJ,24589.0,75.0
Hsien-Chih Chang,Dartmouth College,https://hcsoso.github.io,BI3CNzAAAAAJ,202.0,8.0
Amit Chakrabarti,Dartmouth College,http://www.cs.dartmouth.edu/~ac,LjP106QAAAAJ,2756.0,28.0
Deeparnab Chakrabarty,Dartmouth College,http://web.cs.dartmouth.edu/people/deeparnab-chakrabarty,JB1j474AAAAJ,2076.0,27.0
Devin J. Balkcom,Dartmouth College,http://www.cs.dartmouth.edu/~devin,w1OP2yAAAAAJ,1468.0,19.0
Arturo Caronongan,De La Salle University,https://www.dlsu.edu.ph/colleges/ccs/faculty-profile/single/?id=32742735361&command=GETPROFILE,XfZmeCYAAAAJ,23.0,2.0
Ann Franchesca B. Laguna,De La Salle University,https://www.dlsu.edu.ph/colleges/ccs/faculty-profile/single/?id=32665780648&command=GETPROFILE,LIFrnCUAAAAJ,267.0,7.0
Oya Aran,De La Salle University,http://www.oyaaran.com,dGXwrtEAAAAJ,2076.0,27.0
Anish M. S. Shrestha,De La Salle University,http://www.a-transposable-element.com,v0omOL4AAAAJ,207.0,7.0
Joanna Pauline Rivera,De La Salle University,https://www.dlsu.edu.ph/colleges/ccs/faculty-profile/single/?id=32665818331&command=GETPROFILE,m_VwacQAAAAJ,18.0,3.0
Neil Patrick Del Gallego,De La Salle University,https://www.dlsu.edu.ph/colleges/ccs/faculty-profile/single/?id=32665809300&command=GETPROFILE,m0pmYBcAAAAJ,28.0,3.0
Fritz Kevin Flores,De La Salle University,https://www.dlsu.edu.ph/colleges/ccs/faculty-profile/single/?id=32665778068&command=GETPROFILE,,,
Merlin Suarez,De La Salle University,https://www.dlsu.edu.ph/colleges/ccs/faculty-profile/single/?id=32742696320&command=GETPROFILE,pWgAanIAAAAJ,348.0,9.0
Christine Diane Lim,De La Salle University,https://www.dlsu.edu.ph/colleges/ccs/faculty-profile/single/?id=32742735307&command=GETPROFILE,,,
Katrina Ysabel Solomon,De La Salle University,https://www.dlsu.edu.ph/colleges/ccs/faculty-profile/single/?id=32665787950&command=GETPROFILE,2NoqTYcAAAAJ,3.0,1.0
Raymund C. Sison,De La Salle University,https://www.dlsu.edu.ph/colleges/ccs/faculty-profile/single/?id=32742700789&command=GETPROFILE,piWqzCYAAAAJ,742.0,14.0
Florante R. Salvador,De La Salle University,https://www.dlsu.edu.ph/colleges/ccs/faculty-profile/single/?id=32742700878&command=GETPROFILE,2waSM7YAAAAJ,27.0,3.0
Joel Ilao,De La Salle University,https://www.dlsu.edu.ph/colleges/ccs/faculty-profile/single/?id=32742738160&command=GETPROFILE,gd8W9ecAAAAJ,128.0,7.0
Marnel Peradilla,De La Salle University,https://www.dlsu.edu.ph/colleges/ccs/faculty-profile/single/?id=32665800576&command=GETPROFILE,Cc5_76kAAAAJ,104.0,5.0
Marivic S. Tangkeko,De La Salle University,https://www.dlsu.edu.ph/colleges/ccs/faculty-profile/single/?id=32742700894&command=GETPROFILE,BVk-h2YAAAAJ,28.0,3.0
Judith J. Azcarraga,De La Salle University,https://www.dlsu.edu.ph/colleges/ccs/faculty-profile/single/?id=32742696285&command=GETPROFILE,,,
Roger Luis Uy,De La Salle University,https://www.dlsu.edu.ph/colleges/ccs/faculty-profile/single/?id=32742701038&command=GETPROFILE,4l3OqhwAAAAJ,27.0,3.0
Jordan Aiko Deja,De La Salle University,https://www.dlsu.edu.ph/colleges/ccs/faculty-profile/single/?id=32665770604&command=GETPROFILE,kqH_ERUAAAAJ,69.0,5.0
Danny C. Cheng,De La Salle University,https://www.dlsu.edu.ph/colleges/ccs/faculty-profile/single/?id=32742667028&command=GETPROFILE,J1ri4YIAAAAJ,88.0,4.0
Daniel Stanley Tan,De La Salle University,https://www.dlsu.edu.ph/colleges/ccs/faculty-profile/single/?id=32665788710&command=GETPROFILE,YD0btrgAAAAJ,241.0,8.0
Mary Jane B. Arcilla,De La Salle University,https://www.dlsu.edu.ph/colleges/ccs/faculty-profile/single/?id=32742661729&command=GETPROFILE,ZfQToeoAAAAJ,29.0,2.0
Thomas James Z. Tiam-Lee,De La Salle University,https://www.dlsu.edu.ph/colleges/ccs/faculty-profile/single/?id=32665788831&command=GETPROFILE,_LmluKUAAAAJ,72.0,5.0
Rafael A. Cabredo,De La Salle University,https://www.dlsu.edu.ph/colleges/ccs/faculty-profile/single/?id=32742737579&command=GETPROFILE,3Fqol3cAAAAJ,128.0,6.0
Arnulfo P. Azcarraga,De La Salle University,https://www.dlsu.edu.ph/colleges/ccs/faculty-profile/single/?id=32742696277&command=GETPROFILE,dBYuhB4AAAAJ,440.0,12.0
Briane Paul Samson,De La Salle University,https://brianesamson.com,oUJrZ_sAAAAJ,87.0,5.0
Teresita Limoanco,De La Salle University,https://www.dlsu.edu.ph/colleges/ccs/faculty-profile/single/?id=32742696123&command=GETPROFILE,HzJ_T8QAAAAJ,27.0,2.0
Jennifer C. Ureta,De La Salle University,https://www.dlsu.edu.ph/colleges/ccs/faculty-profile/single/?id=32665818005&command=GETPROFILE,K263QzQAAAAJ,40.0,4.0
Jocelynn Cu,De La Salle University,https://www.dlsu.edu.ph/colleges/ccs/faculty-profile/single/?id=32742661694&command=GETPROFILE,vHVPmkgAAAAJ,54.0,4.0
Ethel Chua Joy Ong,De La Salle University,https://www.dlsu.edu.ph/colleges/ccs/faculty-profile/single/?id=32742696153&command=GETPROFILE,mssKyjgAAAAJ,297.0,9.0
Nathalie Rose Lim,De La Salle University,https://www.dlsu.edu.ph/colleges/ccs/faculty-profile/single/?id=32742667036&command=GETPROFILE,Y--J7f8AAAAJ,99.0,7.0
Edward P. Tighe,De La Salle University,https://www.dlsu.edu.ph/colleges/ccs/faculty-profile/single/?id=32665809537&command=GETPROFILE,_W85mMIAAAAJ,48.0,3.0
Shirley B. Chu,De La Salle University,https://www.dlsu.edu.ph/colleges/ccs/faculty-profile/single/?id=32742689439&command=GETPROFILE,y_VBFTMAAAAJ,17.0,2.0
Nelson Marcos,De La Salle University,https://www.dlsu.edu.ph/colleges/ccs/faculty-profile/single/?id=32742675245&command=GETPROFILE,,,
Charibeth Cheng,De La Salle University,https://www.dlsu.edu.ph/colleges/ccs/faculty-profile/single/?id=32742678866&command=GETPROFILE,wKwXbiUAAAAJ,274.0,10.0
Macario O. Cordel II,De La Salle University,https://www.dlsu.edu.ph/colleges/ccs/faculty-profile/single/?id=32742735838&command=GETPROFILE,A3iyOR0AAAAJ,201.0,5.0
Conrado R. Ruiz Jr.,De La Salle University,https://www.dlsu.edu.ph/colleges/ccs/faculty-profile/single/?id=32742689520&command=GETPROFILE,y91psfsAAAAJ,277.0,10.0
Craig Miller,DePaul University,http://facsrv.cdm.depaul.edu/~cmiller,XSUQ4A8AAAAJ,976.0,16.0
Peter Hastings,DePaul University,http://reed.cs.depaul.edu/peterh,r-U50JwAAAAJ,4349.0,27.0
Theresa Steinbach,DePaul University,http://www.cdm.depaul.edu/about/Pages/People/facultyinfo.aspx?fid=156,,,
Steven L. Lytinen,DePaul University,http://condor.depaul.edu/slytinen/papers/WS505SmithT.pdf,,,
Norma G. Sutcliffe,DePaul University,http://condor.depaul.edu/mnakayam/Nakayama%20IandM%202005.pdf,,,
Jacob D. Furst,DePaul University,https://www.cdm.depaul.edu/about/Pages/People/facultyinfo.aspx?fid=365,DtYNhI0AAAAJ,3667.0,27.0
Jonathan F. Gemmell,DePaul University,http://www.cdm.depaul.edu/about/Pages/People/facultyinfo.aspx?fid=494,RIhZrvIAAAAJ,1486.0,14.0
John McDonald,DePaul University,http://www.cdm.depaul.edu/about/Pages/People/facultyinfo.aspx?fid=643,,,
Noriko Tomuro,DePaul University,http://condor.depaul.edu/~ntomuro,,,
Massimo DiPierro,DePaul University,https://www.cdm.depaul.edu/about/Pages/People/facultyinfo.aspx?fid=343,,,
Ljubomir Perkovic,DePaul University,http://www.cdm.depaul.edu/about/Pages/People/facultyinfo.aspx?fid=188,6dwowIYAAAAJ,799.0,17.0
Radha Jagadeesan,DePaul University,http://reed.cs.depaul.edu/rjagadeesan,zh0DETsAAAAJ,5902.0,38.0
Hamed Qahri Saremi,DePaul University,https://www.cdm.depaul.edu/about/pages/people/facultyinfo.aspx?fid=1353,po2au14AAAAJ,1352.0,15.0
Amber Settle,DePaul University,http://www.cdm.depaul.edu/about/Pages/People/facultyinfo.aspx?fid=768,eB03rP4AAAAJ,1848.0,21.0
Rosalee Wolfe,DePaul University,http://www.cdm.depaul.edu/about/Pages/People/facultyinfo.aspx?fid=946,S-RYbV0AAAAJ,1094.0,18.0
Enid Montague,DePaul University,http://www.cdm.depaul.edu/about/pages/people/facultyinfo.aspx?fid=1294,y6yxBkEAAAAJ,2941.0,28.0
Eric J. Schwabe,DePaul University,http://www.cdm.depaul.edu/about/Pages/People/facultyinfo.aspx?fid=728,XNKO1TatGm4C,1084.0,15.0
James Yu,DePaul University,http://www.cdm.depaul.edu/about/Pages/People/FacultyInfo.aspx?fid=344,,,
Alex Rasin,DePaul University,http://www.cdm.depaul.edu/about/Pages/People/facultyinfo.aspx?fid=1041,FGs9EMwAAAAJ,10876.0,23.0
Lucia Dettori,DePaul University,https://www.cdm.depaul.edu/about/Pages/People/facultyinfo.aspx?fid=203,WPynrgsAAAAJ,922.0,13.0
Filipo Sharevski,DePaul University,https://www.cdm.depaul.edu/Faculty-and-Staff/Pages/faculty-info.aspx?fid=1341,tihGPGUAAAAJ,242.0,9.0
Xiaoping Jia,DePaul University,http://condor.depaul.edu/xjia,ac2IpoEAAAAJ,803.0,16.0
Anthony Chung,DePaul University,https://www.cdm.depaul.edu/about/Pages/People/facultyinfo.aspx?fid=260,,,
James Riely,DePaul University,http://fpl.cs.depaul.edu/jriely,P_76K3wAAAAJ,2194.0,21.0
Corin Pitcher,DePaul University,http://fpl.cs.depaul.edu/cpitcher,_9BDsmoAAAAJ,571.0,12.0
Makoto Nakayama,DePaul University,https://www.cdm.depaul.edu/about/Pages/People/FacultyInfo.aspx?fid=107,,,
Eric Sedgwick,DePaul University,https://www.cdm.depaul.edu/about/Pages/People/facultyinfo.aspx?fid=121,pKWxgxUAAAAJ,766.0,16.0
Eli T. Brown,DePaul University,https://www.cdm.depaul.edu/about/Pages/People/facultyinfo.aspx?fid=1311,8zeXprkAAAAJ,775.0,9.0
Bamshad Mobasher,DePaul University,http://facweb.cs.depaul.edu/mobasher,VxhX6sAAAAAJ,29205.0,78.0
Xiaowen Fang,DePaul University,http://www.cdm.depaul.edu/about/Pages/People/facultyinfo.aspx?fid=108,QIaogkEAAAAJ,2531.0,21.0
Cynthia Putnam,DePaul University,http://www.cdm.depaul.edu/about/Pages/People/FacultyInfo.aspx?fid=1001,,,
Clark Elliott,DePaul University,http://www.cdm.depaul.edu/about/Pages/People/facultyinfo.aspx?fid=320,,,
Marcus Schaefer,DePaul University,https://www.cdm.depaul.edu/about/Pages/People/facultyinfo.aspx?fid=101,8wQ3nCkAAAAJ,2293.0,27.0
GianMario Besana,DePaul University,http://www.cdm.depaul.edu/about/Pages/People/facultyinfo.aspx?fid=274,IPAFjd0AAAAJ,275.0,9.0
Tanu Malik,DePaul University,http://www.cdm.depaul.edu/Faculty-and-Staff/Pages/faculty-info.aspx?fid=1328,ZvYwdsUAAAAJ,1320.0,22.0
Adam Steele,DePaul University,http://facweb.cs.depaul.edu/asteele,hNimvy4AAAAJ,213.0,8.0
André Berthiaume,DePaul University,http://www.cdm.depaul.edu/about/Pages/People/facultyinfo.aspx?fid=138,,,
Wilfredo Marrero,DePaul University,http://www.cdm.depaul.edu/about/Pages/People/facultyinfo.aspx?fid=120,,,
I-Ping Chu,DePaul University,https://www.cdm.depaul.edu/Faculty-and-Staff/Pages/faculty-info.aspx?fid=249,,,
Evelyn Lulis,DePaul University,http://www.cdm.depaul.edu/about/Pages/People/facultyinfo.aspx?fid=219,,,
David Miller,DePaul University,http://www.depaul.edu/about/administration/Pages/miller.aspx,,,
Iyad A. Kanj,DePaul University,http://www.cdm.depaul.edu/about/Pages/People/facultyinfo.aspx?fid=272,,,
Daniela Raicu,DePaul University,http://facweb.cs.depaul.edu/Dstan,,,
Olayele Adelakun,DePaul University,https://www.cdm.depaul.edu/about/Pages/People/FacultyInfo.aspx?fid=193,qAjiE48AAAAJ,612.0,10.0
John Rogers,DePaul University,http://facweb.cs.depaul.edu/jrogers,,,
Kaidi Xu,Drexel University,https://kaidixu.com,lYK0wlsAAAAJ,1096.0,16.0
Shahin Jabbari,Drexel University,https://shahin-jabbari.github.io,h60zIiUAAAAJ,1530.0,10.0
Christopher W. Geib,Drexel University,http://drexel.edu/cci/contact/Faculty/Geib-Christopher,jF9nhWAAAAAJ,3897.0,32.0
Preetha Chatterjee,Drexel University,https://sites.udel.edu/preethac,5i170moAAAAJ,129.0,6.0
Bruce W. Char,Drexel University,http://drexel.edu/cci/contact/Faculty/Char-Bruce,SMGY4jUAAAAJ,3643.0,21.0
Dario D. Salvucci,Drexel University,http://www.mcs.drexel.edu/~salvucci,i1VJMhgAAAAJ,10406.0,41.0
Emmanouil Pountourakis,Drexel University,https://drexel.edu/cci/about/directory/P/Pountourakis-Emmanouil,gWygCaAAAAAJ,206.0,7.0
M. Brian Blake,Drexel University,http://drexel.edu/cci/contact/Faculty/Blake-MBrian,yviVLyIAAAAJ,5419.0,36.0
Spiros Mancoridis,Drexel University,http://drexel.edu/cci/contact/Faculty/Mancoridis-Spiros,bKGwUrQAAAAJ,5269.0,34.0
Santi Ontañón,Drexel University,http://drexel.edu/cci/contact/Faculty/Ontanon-Santiago,aS-DrOwAAAAJ,4935.0,34.0
David E. Breen,Drexel University,https://www.cs.drexel.edu/~david,d5PqNPgAAAAJ,6134.0,35.0
Jeremy Johnson,Drexel University,https://www.cs.drexel.edu/~jjohnson,0WqVazoAAAAJ,64786.0,52.0
Vasilis Gkatzelis,Drexel University,https://www.cs.drexel.edu/~gkatz,0VBRRRoAAAAJ,820.0,15.0
Ali Shokoufandeh,Drexel University,http://drexel.edu/cci/contact/Faculty/Shokoufandeh-Ali,YrsoRK0AAAAJ,5628.0,37.0
Yuanfang Cai,Drexel University,https://www.cs.drexel.edu/~yfcai,14rruLUAAAAJ,4865.0,36.0
Geoffrey Mainland,Drexel University,https://www.cs.drexel.edu/~mainland,jjWDm9wAAAAJ,3378.0,15.0
Jeffrey L. Popyack,Drexel University,https://www.cs.drexel.edu/~jpopyack,cEscX0cAAAAJ,330.0,11.0
Colin S. Gordon,Drexel University,https://www.cs.drexel.edu/~csgordon,Y9ek5GIAAAAJ,534.0,10.0
Edward Kim,Drexel University,http://edwardkim.net,1q-Fu6cAAAAJ,734.0,15.0
Anru R. Zhang,Duke University,https://anruzhang.github.io,H-PvgRsAAAAJ,2030.0,23.0
Brandon Fain,Duke University,https://sites.duke.edu/btfain/,ldd8O18AAAAJ,297.0,6.0
Lisa Wu,Duke University,https://www.lisawuwills.com,,,
Michael K. Reiter,Duke University,https://reitermk.github.io,vJEa5voAAAAJ,128.0,2.0
Maciej A. Mazurowski,Duke University,https://sites.duke.edu/mazurowski/,HlxjJPQAAAAJ,5451.0,32.0
Rebecca C. Steorts,Duke University,https://resteorts.github.io/,EdgSKFEAAAAJ,1930.0,14.0
Alberto Bartesaghi,Duke University,http://cryoem.cs.duke.edu/,vpf-lMkAAAAJ,6206.0,32.0
Bruce Randall Donald,Duke University,https://www.cs.duke.edu/brd,TkayRqQAAAAJ,13122.0,63.0
Allison J. B. Chaney,Duke University,http://ajbc.io/,EWlUGVcAAAAJ,786.0,7.0
Hai (Helen) Li,Duke University,http://cei.pratt.duke.edu/people/hai-li,E6Tpfq8AAAAJ,15175.0,56.0
Alicia Nicki Washington,Duke University,https://nickiwashington.com/,tMF4ixEAAAAJ,238.0,9.0
Fan Zhang,Duke University,https://www.fanzhang.me/,YTokrfkAAAAJ,2943.0,15.0
Scott C. Schmidler,Duke University,http://www2.stat.duke.edu/~scs/,,,
Katherine Heller,Duke University,http://www2.stat.duke.edu/~kheller,WOAlvmoAAAAJ,4584.0,35.0
Ashwin Machanavajjhala,Duke University,https://users.cs.duke.edu/~ashwin,A0hv6xwAAAAJ,12704.0,39.0
David E. Carlson,Duke University,http://carlson.pratt.duke.edu,R9FqK9cAAAAJ,2611.0,26.0
Alexander J. Hartemink,Duke University,https://users.cs.duke.edu/~amink,HLRZ3oAAAAAJ,11326.0,47.0
Bruce M. Maggs,Duke University,https://users.cs.duke.edu/~bmm,Gwrwxa0AAAAJ,13943.0,56.0
Maria Gorlatova,Duke University,https://ece.duke.edu/faculty/maria-gorlatova,h_DY5OQAAAAJ,1734.0,19.0
Benjamin Rossman,Duke University,https://users.cs.duke.edu/~br148/,,,
David Page,Duke University,https://scholars.duke.edu/person/david.page,z-P08tgAAAAJ,10797.0,44.0
Cynthia Rudin,Duke University,https://users.cs.duke.edu/~cynthia/home.html,mezKJyoAAAAJ,11939.0,48.0
Debmalya Panigrahi,Duke University,https://users.cs.duke.edu/~debmalya,syv4e-EAAAAJ,1809.0,26.0
Jun Yang,Duke University,https://users.cs.duke.edu/~junyang,,,
Kamesh Munagala,Duke University,https://users.cs.duke.edu/~kamesh,PJQPzgcAAAAJ,6690.0,43.0
Alex Volfovsky,Duke University,https://volfovsky.github.io/,9qHFzDoAAAAJ,1373.0,12.0
Jeffrey S. Chase,Duke University,https://users.cs.duke.edu/~chase,SOISrB0AAAAJ,17296.0,63.0
Alvin R. Lebeck,Duke University,https://users.cs.duke.edu/~alvy,6s2hs3oAAAAJ,7610.0,38.0
Neil Zhenqiang Gong,Duke University,http://people.duke.edu/~zg70,t6uCsYoAAAAJ,4403.0,33.0
Kartik Nayak,Duke University,https://users.cs.duke.edu/~kartik,JEyz8wEAAAAJ,2306.0,19.0
Pankaj K. Agarwal,Duke University,https://users.cs.duke.edu/~pankaj,xe0eVksAAAAJ,27215.0,80.0
Lawrence Carin,Duke University,http://people.ee.duke.edu/~lcarin,,,
Sam Wiseman,Duke University,https://swiseman.github.io/,SDavuPAAAAAJ,1961.0,14.0
Michael M. Zavlanos,Duke University,http://people.duke.edu/~mz61/,gqtM2HwAAAAJ,5394.0,35.0
Miroslav Pajic,Duke University,http://people.duke.edu/~mp275,Fbn21-8AAAAJ,3962.0,33.0
Jennifer M. Groh,Duke University,http://people.duke.edu/~jmgroh/,n_BMt9AAAAAJ,3183.0,29.0
Yiran Chen,Duke University,https://ece.duke.edu/faculty/yiran-chen,3G-nnjMAAAAJ,21157.0,71.0
Mary L. Cummings,Duke University,http://hal.pratt.duke.edu/,TqARAGcAAAAJ,6812.0,43.0
John Board,Duke University,https://ece.duke.edu/faculty/john-board,G4sm_HQAAAAJ,2674.0,20.0
A. Robert Calderbank,Duke University,https://ece.duke.edu/faculty/robert-calderbank,XtUBAtwAAAAJ,57084.0,77.0
Sina Farsiu,Duke University,http://people.duke.edu/~sf59/,mzcr92sAAAAJ,17065.0,61.0
Ronald E. Parr,Duke University,https://users.cs.duke.edu/~parr,b-GJ3QIAAAAJ,9878.0,43.0
Raluca Gordân,Duke University,http://gordanlab.cs.duke.edu/,SV2GPKwAAAAJ,3672.0,26.0
Guillermo Sapiro,Duke University,https://ece.duke.edu/faculty/guillermo-sapiro,ISRNX3gAAAAJ,74465.0,110.0
Krishnendu Chakrabarty,Duke University,http://people.ee.duke.edu/~krish,R_VPUyEAAAAJ,33404.0,86.0
Rong Ge,Duke University,https://users.cs.duke.edu/~rongge,MVxcjEoAAAAJ,10452.0,39.0
Daniel J. Sorin,Duke University,http://people.ee.duke.edu/~sorin,bsoRFLAAAAAJ,8279.0,43.0
Sudeepa Roy,Duke University,https://users.cs.duke.edu/~sudeepa,vzfO5TwAAAAJ,1330.0,18.0
Bhuwan Dhingra,Duke University,http://www.cs.cmu.edu/~bdhingra/,SLISZFAAAAAJ,3189.0,26.0
Sayan Mukherjee,Duke University,https://sayanmuk.github.io/,R94cBVgAAAAJ,54067.0,59.0
Xiaobai Sun,Duke University,http://www.cs.duke.edu/people/women/individual/sun.php,,,
Amanda Randles,Duke University,http://randleslab.pratt.duke.edu/,CSrcYkIAAAAJ,4342.0,31.0
Danyang Zhuo,Duke University,https://danyangzhuo.com,E3yOuvEAAAAJ,365.0,10.0
Matthew Lentz,Duke University,http://www.cs.umd.edu/~mlentz/,x0Mys0wAAAAJ,209.0,7.0
John H. Reif,Duke University,https://users.cs.duke.edu/~reif/,Er-gEaoAAAAJ,25762.0,74.0
Shivnath Babu,Duke University,https://users.cs.duke.edu/~shivnath,,,
Carlo Tomasi,Duke University,https://users.cs.duke.edu/~tomasi,xViwZ0QAAAAJ,53483.0,60.0
Xiaowei Yang,Duke University,https://users.cs.duke.edu/~xwy,cVTdh_sAAAAJ,6440.0,30.0
Kishor S. Trivedi,Duke University,https://ece.duke.edu/faculty/kishor-trivedi,fEVXhhAAAAAJ,50081.0,110.0
Sue Black,Durham University,https://www.dur.ac.uk/computer.science/staff/profile/?id=17774,wpkjKkgAAAAJ,990.0,15.0
George Alex Koulieris,Durham University,https://www.dur.ac.uk/computer.science/staff/profile/?id=17133,NWZ7UJUAAAAJ,442.0,10.0
Matthew Johnson,Durham University,https://www.dur.ac.uk/computer.science/staff/profile/?id=2387,4kDHz9AAAAAJ,1225.0,18.0
Alexandra I. Cristea,Durham University,https://www.dur.ac.uk/computer.science/staff/profile/?id=17167,jQMxCKYAAAAJ,5151.0,38.0
Suncica Hadzidedic,Durham University,https://www.dur.ac.uk/computer.science/staff/profile/?id=18580,RYJDV5cAAAAJ,139.0,5.0
Lawrence Mitchell,Durham University,https://www.dur.ac.uk/computer.science/staff/profile/?id=17243,GfzjtHEAAAAJ,1499.0,19.0
Gordon D. Love,Durham University,https://www.dur.ac.uk/computer.science/staff/profile/?id=246,3xJXtlwAAAAJ,4399.0,35.0
Lei Shi,Durham University,https://www.dur.ac.uk/computer.science/staff/profile/?id=18349,t6vecXsAAAAJ,862.0,16.0
Barnaby Martin,Durham University,https://www.dur.ac.uk/computer.science/staff/profile/?id=15258,,,
Craig D. Stewart,Durham University,https://www.dur.ac.uk/computer.science/staff/profile/?id=18474,r9qFr3kAAAAJ,1690.0,22.0
George B. Mertzios,Durham University,https://www.dur.ac.uk/computer.science/staff/profile/?id=9703,61cu4UMAAAAJ,1435.0,24.0
Eleni C. Akrida,Durham University,https://www.dur.ac.uk/computer.science/staff/profile/?id=18445,pjlwmS8AAAAJ,229.0,9.0
Robert Powell,Durham University,https://www.dur.ac.uk/computer.science/staff/profile/?id=8278,24NxejMAAAAJ,60.0,3.0
Noura Al Moubayed,Durham University,https://www.dur.ac.uk/computer.science/staff/profile/?id=14675,GHecv14AAAAJ,685.0,13.0
Toby P. Breckon,Durham University,https://www.dur.ac.uk/computer.science/staff/profile/?id=11955,9hpHb44AAAAJ,6540.0,37.0
Stefan S. Dantchev,Durham University,https://www.dur.ac.uk/computer.science/staff/profile/?id=2378,,,
Yang Long,Durham University,https://www.dur.ac.uk/computer.science/staff/profile/?id=18350,IrkuknEAAAAJ,956.0,17.0
Steven Bradley,Durham University,https://www.dur.ac.uk/computer.science/staff/profile/?id=106,cia3XYoAAAAJ,349.0,10.0
Boguslaw Obara,Durham University,https://www.dur.ac.uk/computer.science/staff/profile/?id=10591,lg9xfisAAAAJ,1808.0,19.0
Daniël Paulusma,Durham University,https://www.dur.ac.uk/computer.science/staff/profile/?id=2380,y1osNKIAAAAJ,3347.0,33.0
Andrei A. Krokhin,Durham University,https://www.dur.ac.uk/computer.science/staff/profile/?id=2381,QhiPV08AAAAJ,3059.0,27.0
Magnus Bordewich,Durham University,https://www.dur.ac.uk/computer.science/staff/profile/?id=3328,rHYx-PMAAAAJ,1154.0,18.0
Hubert P. H. Shum,Durham University,http://hubertshum.com,pkPLCEYAAAAJ,2103.0,26.0
Chris G. Willcocks,Durham University,https://www.dur.ac.uk/computer.science/staff/profile/?id=13966,F5QdeesAAAAJ,375.0,8.0
Maximilien Gadouleau,Durham University,https://www.dur.ac.uk/computer.science/staff/profile/?id=10305,tOHXfZgAAAAJ,825.0,18.0
Ioannis P. Ivrissimtzis,Durham University,https://www.dur.ac.uk/computer.science/staff/profile/?id=4507,7FuCYU0AAAAJ,1175.0,19.0
Tobias Weinzierl,Durham University,https://www.dur.ac.uk/computer.science/staff/profile/?id=12329,pRrvub4AAAAJ,998.0,17.0
Iain A. Stewart,Durham University,https://www.dur.ac.uk/computer.science/staff/profile/?id=1151,pYwb1nMAAAAJ,1481.0,20.0
Thomas Friedetzky,Durham University,https://www.dur.ac.uk/computer.science/staff/profile/?id=1163,,,
Frederick W. B. Li,Durham University,https://www.dur.ac.uk/computer.science/staff/profile/?id=4509,V9XyRX8AAAAJ,2477.0,24.0
Pooya Farshim,Durham University,https://farshim.github.io,w_Pjc6MAAAAJ,1300.0,18.0
David Budgen,Durham University,https://www.dur.ac.uk/computer.science/staff/profile/?id=2826,CTtHu1UAAAAJ,14943.0,39.0
Donald Sturgeon,Durham University,https://www.dur.ac.uk/computer.science/staff/profile/?id=18378,CqGM9kcAAAAJ,148.0,6.0
Rüdiger L. Urbanke,EPFL,https://people.epfl.ch/rudiger.urbanke,vFWw1NoAAAAJ,27781.0,56.0
Devis Tuia,EPFL,https://people.epfl.ch/devis.tuia,p3iJiLIAAAAJ,13271.0,55.0
Martin Odersky,EPFL,http://lampwww.epfl.ch/~odersky,LbRD9tEAAAAJ,13833.0,57.0
Emmanuel Abbe,EPFL,https://people.epfl.ch/emmanuel.abbe,,,
Pierre Dillenbourg,EPFL,https://people.epfl.ch/pierre.dillenbourg,,,
Babak Falsafi,EPFL,http://parsa.epfl.ch/~falsafi,LaNEuBUAAAAJ,16911.0,63.0
Wenzel Jakob,EPFL,https://people.epfl.ch/wenzel.jakob,J4SmwaQAAAAJ,5607.0,26.0
Patrick Thiran,EPFL,https://people.epfl.ch/patrick.thiran,7Ek7pqgAAAAJ,15255.0,58.0
Dimitri Van De Ville,EPFL,https://miplab.epfl.ch,kFz4LNMAAAAJ,15808.0,57.0
Giovanni De Micheli,EPFL,http://si2.epfl.ch/~demichel,,,
Amir Roshan Zamir,EPFL,https://cs.stanford.edu/~amirz,RKjEFukAAAAJ,12071.0,31.0
Sanidhya Kashyap,EPFL,https://sanidhya.github.io,rJTH4mYAAAAJ,1124.0,18.0
George Candea,EPFL,http://dslab.epfl.ch/people/candea,Yd-SGH8AAAAJ,8585.0,46.0
Volkan Cevher,EPFL,https://people.epfl.ch/volkan.cevher,hlWhzU8AAAAJ,10977.0,52.0
Pierre Vandergheynst,EPFL,https://people.epfl.ch/pierre.vandergheynst,1p9NOFEAAAAJ,34290.0,73.0
Pascal Frossard,EPFL,https://people.epfl.ch/pascal.frossard,,,
Karl Aberer,EPFL,http://lsir.epfl.ch/aberer,ifU81ikAAAAJ,22044.0,71.0
Mika Göös,EPFL,https://theory.stanford.edu/~mika,E1U3GIcAAAAJ,1181.0,19.0
Paolo Ienne,EPFL,https://people.epfl.ch/101954,oB0wsDcAAAAJ,7919.0,43.0
Amin Shokrollahi,EPFL,https://people.epfl.ch/amin.shokrollahi,ho_asq8AAAAJ,26950.0,69.0
Alain Wegmann,EPFL,https://people.epfl.ch/alain.wegmann,,,
François Fleuret,EPFL,https://people.epfl.ch/francois.fleuret,Bj1tRlsAAAAJ,9312.0,43.0
Alcherio Martinoli,EPFL,https://people.epfl.ch/alcherio.martinoli,uVTR_eoAAAAJ,10322.0,50.0
Alessandro Chiesa,EPFL,https://people.epfl.ch/alessandro.chiesa,rW1Bio0AAAAJ,6499.0,27.0
Florent Krzakala,EPFL,https://people.epfl.ch/florent.krzakala,3jDeUlMAAAAJ,10495.0,54.0
Ali H. Sayed,EPFL,https://people.epfl.ch/ali.sayed,uDG9sXQAAAAJ,45722.0,86.0
Anne-Marie Kermarrec,EPFL,https://people.epfl.ch/anne-marie.kermarrec,aIAy-qcAAAAJ,22937.0,55.0
Damir Filipovic,EPFL,https://people.epfl.ch/damir.filipovic,9HXRjPkAAAAJ,6556.0,39.0
Ailamaki Natassa,EPFL,https://people.epfl.ch/anastasia.ailamaki,YdrkeNwAAAAJ,16156.0,64.0
Arjen K. Lenstra,EPFL,https://people.epfl.ch/arjen.lenstra,rVqdVR4AAAAJ,17153.0,52.0
Auke Jan Ijspeert,EPFL,https://people.epfl.ch/auke.ijspeert,ViYx9vMAAAAJ,23260.0,74.0
Bixio Rimoldi,EPFL,https://people.epfl.ch/bixio.rimoldi,SsEHa6cAAAAJ,3971.0,23.0
Pascal Fua,EPFL,https://people.epfl.ch/pascal.fua/bio?lang=en,kzFmAkYAAAAJ,61871.0,108.0
Robert West,EPFL,https://people.epfl.ch/robert.west,ZiFn598AAAAJ,2991.0,23.0
Marcel Salathé,EPFL,http://salathelab.epfl.ch,_wHMGkUAAAAJ,11413.0,41.0
Christoph E. Koch,EPFL,https://people.epfl.ch/christoph.koch,JYt9T_sAAAAJ,138618.0,158.0
Lenka Zdeborová,EPFL,https://people.epfl.ch/lenka.zdeborova,gkCjy_UAAAAJ,9938.0,49.0
Martin Jaggi,EPFL,https://people.epfl.ch/martin.jaggi,r1TJBr8AAAAJ,10623.0,39.0
Andreas Burg,EPFL,https://people.epfl.ch/andreas.burg,Uf6DIFMAAAAJ,8737.0,46.0
Viktor Kuncak,EPFL,http://lara.epfl.ch/~kuncak,kmoklesAAAAJ,5299.0,41.0
Rachid Guerraoui,EPFL,http://lpdwww.epfl.ch/rachid,_TR-7CEAAAAJ,28200.0,74.0
Michael Kapralov,EPFL,http://theory.epfl.ch/kapralov,,,
Emre Telatar,EPFL,https://people.epfl.ch/emre.telatar,8fiH7UkAAAAJ,20763.0,33.0
Nicolas Flammarion,EPFL,https://people.epfl.ch/nicolas.flammarion,7nVGYfgAAAAJ,1386.0,18.0
Serge Vaudenay,EPFL,http://lasecwww.epfl.ch/~vaudenay,ub25b48AAAAJ,10232.0,52.0
Wulfram Gerstner,EPFL,http://lcn.epfl.ch/~gerstner,,,
Negar Kiyavash,EPFL,https://people.epfl.ch/negar.kiyavash,7tBDvOwAAAAJ,3672.0,35.0
Michael C. Gastpar,EPFL,https://people.epfl.ch/michael.gastpar,IQ3hcw4AAAAJ,13582.0,45.0
Martin Rohrmeier,EPFL,https://people.epfl.ch/martin.rohrmeier,rsGh_pAAAAAJ,2949.0,25.0
Friedrich Eisenbrand,EPFL,https://people.epfl.ch/friedrich.eisenbrand,nnifvacAAAAJ,2617.0,31.0
Edouard Bugnion,EPFL,https://people.epfl.ch/edouard.bugnion,8ztj2yEAAAAJ,8268.0,34.0
Martin Vetterli,EPFL,http://lcav.epfl.ch/martin.vetterli,YQcU3NYAAAAJ,76089.0,115.0
Katerina J. Argyraki,EPFL,https://people.epfl.ch/katerina.argyraki,TvV_SVwAAAAJ,3256.0,29.0
Nicolas Boumal,EPFL,https://people.epfl.ch/nicolas.boumal,o6tPrZAAAAAJ,3273.0,27.0
Jeffrey Huang,EPFL,https://people.epfl.ch/jeffrey.huang,Ehxp2YIAAAAJ,1353.0,17.0
Boi Faltings,EPFL,http://liawww.epfl.ch/~faltings,,,
Jean-Pierre Hubaux,EPFL,https://people.epfl.ch/jean-pierre.hubaux,W7YBLlEAAAAJ,43966.0,90.0
James R. Larus,EPFL,https://people.epfl.ch/james.larus,xWZTGPUAAAAJ,23985.0,69.0
Ola Svensson,EPFL,http://theory.epfl.ch/osven,Nc2RiF4AAAAJ,2534.0,28.0
Eduardo del Castillo-Sánchez,EPFL,https://people.epfl.ch/eduardo.sanchez,,,
Markus Pauly,EPFL,http://lgg.epfl.ch/publications.php,TSGyT-EAAAAJ,15303.0,69.0
Mark Pauly,EPFL,http://lgg.epfl.ch/people.php,bY63wY8AAAAJ,18599.0,63.0
Antoine Bosselut,EPFL,https://atcbosselut.github.io,tK9K1D4AAAAJ,2055.0,20.0
Bryan Ford,EPFL,http://www.brynosaurus.com,TwyzQP4AAAAJ,10417.0,49.0
Carmela Troncoso,EPFL,http://carmelatroncoso.com,sMkt3SgAAAAJ,3855.0,31.0
Alexandre Alahi,EPFL,https://people.epfl.ch/alexandre.alahi,UIhXQ64AAAAJ,17832.0,36.0
Mathias Payer,EPFL,https://nebelwelt.net,9cFCY5wAAAAJ,6396.0,37.0
Jean-Yves Le Boudec,EPFL,https://people.epfl.ch/jean-yves.leboudec,hLj70l8AAAAJ,32392.0,79.0
Sabine Süsstrunk,EPFL,http://ivrl.epfl.ch/people/susstrunk,EX3OYP4AAAAJ,24983.0,50.0
Matthias Grossglauser,EPFL,http://icapeople.epfl.ch/grossglauser,0PNdFHcAAAAJ,12415.0,42.0
Siyu Tang,ETH Zurich,https://vlg.inf.ethz.ch/people/person-detail.siyutang.html,BUDh_4wAAAAJ,4023.0,23.0
Torsten Hoefler,ETH Zurich,https://htor.inf.ethz.ch,DdBvcBEAAAAJ,12125.0,58.0
Peter Arbenz,ETH Zurich,https://www.inf.ethz.ch/personal/arbenz,o1KTLm8AAAAJ,88.0,7.0
Srdjan Capkun,ETH Zurich,http://www.syssec.ethz.ch/people/capkun,VtkPBNsAAAAJ,25145.0,69.0
Ce Zhang,ETH Zurich,https://www.inf.ethz.ch/personal/ce.zhang,GkXqbmMAAAAJ,7776.0,46.0
Ryan Cotterell,ETH Zurich,https://ryancotterell.github.io,DexOqtoAAAAJ,3665.0,35.0
Peter Widmayer,ETH Zurich,https://www.inf.ethz.ch/personal/widmayer,,,
Christian Holz,ETH Zurich,https://www.christianholz.net,OfXP9jMAAAAJ,4542.0,37.0
Valentina Boeva,ETH Zurich,http://boevalab.inf.ethz.ch,f196u4IAAAAJ,4028.0,29.0
Emo Welzl,ETH Zurich,https://www.inf.ethz.ch/personal/emo,,,
David A. Basin,ETH Zurich,https://www.inf.ethz.ch/personal/basin,-BA-kHYAAAAJ,16382.0,61.0
Thomas Hofmann,ETH Zurich,http://www.da.inf.ethz.ch/people/ThomasHofmann,T3hAyLkAAAAJ,41210.0,65.0
Peter Müller,ETH Zurich,http://www.pm.inf.ethz.ch/people/personal/pmueller-pers.html,iJ0qZckAAAAJ,15362.0,55.0
Angelika Steger,ETH Zurich,http://www.as.inf.ethz.ch/people/prof,Kzeoyq8AAAAJ,5242.0,38.0
Andreas Krause,ETH Zurich,https://las.inf.ethz.ch/krausea,eDHv58AAAAAJ,32197.0,87.0
Markus Püschel,ETH Zurich,https://www.inf.ethz.ch/personal/markusp,az9ZryAAAAAJ,8801.0,51.0
Gunnar Rätsch,ETH Zurich,http://bmi.inf.ethz.ch/personnel/gunnar-ratsch,tQuQ1FwAAAAJ,42202.0,81.0
Onur Mutlu,ETH Zurich,https://people.inf.ethz.ch/omutlu,7XyGUGkAAAAJ,42077.0,113.0
Laurent Vanbever,ETH Zurich,https://nsg.ee.ethz.ch,uyCsSAEAAAAJ,3904.0,29.0
Juraj Hromkovic,ETH Zurich,https://www.inf.ethz.ch/department/faculty-profs/person-detail.html?persid=102124,xG2VV1UAAAAJ,11684.0,36.0
Roger Wattenhofer,ETH Zurich,https://disco.ethz.ch,EG3VPm4AAAAJ,32406.0,90.0
Olga Sorkine,ETH Zurich,http://igl.ethz.ch/people/sorkine,GBU568oAAAAJ,16772.0,63.0
Ueli M. Maurer,ETH Zurich,https://www.crypto.ethz.ch/~maurer,TSsq3GMAAAAJ,18559.0,65.0
Thomas R. Gross,ETH Zurich,http://www.lst.inf.ethz.ch/people/personal-pages/trg.html,,,
Fisher Yu,ETH Zurich,https://www.yf.io,,,
Joachim M. Buhmann,ETH Zurich,http://www.ml.inf.ethz.ch,zQWbCzYAAAAJ,24140.0,78.0
David Steurer,ETH Zurich,http://dsteurer.org,ThJ-Ju4AAAAJ,4067.0,33.0
Moira C. Norrie,ETH Zurich,https://globis.ethz.ch/person/moira-c-norrie,,,
Luc J. Van Gool,ETH Zurich,http://www.vision.ee.ethz.ch/en/members/get_member.cgi?id=1,TwMib_QAAAAJ,164502.0,165.0
Otmar Hilliges,ETH Zurich,http://ait.ethz.ch/people/hilliges,,,
Lothar Thiele,ETH Zurich,https://www.tec.ee.ethz.ch,OaAKHewAAAAJ,67301.0,88.0
Rasmus Kyng,ETH Zurich,http://rasmuskyng.com,DHHVA9IAAAAJ,852.0,13.0
Kaveh Razavi,ETH Zurich,https://comsec.ethz.ch/people/kaveh-razavi,bWBN3cwAAAAJ,2672.0,25.0
Adrian Perrig,ETH Zurich,http://www.netsec.ethz.ch/people/aperrig,n-Oret4AAAAJ,71741.0,98.0
Stelian Coros,ETH Zurich,http://crl.ethz.ch/coros.html,,,
Ankit Singla,ETH Zurich,http://people.inf.ethz.ch/asingla,pIoPb7sAAAAJ,3509.0,23.0
Timothy Roscoe,ETH Zurich,http://people.inf.ethz.ch/troscoe,,,
Zhendong Su,ETH Zurich,http://web.cs.ucdavis.edu/~su,RivxoIcAAAAJ,14026.0,57.0
Bernd Gärtner,ETH Zurich,http://people.inf.ethz.ch/gaertner,,,
Markus Gross,ETH Zurich,https://graphics.ethz.ch/~grossm,uxk0GmUAAAAJ,43189.0,104.0
Gustavo Alonso,ETH Zurich,https://people.inf.ethz.ch/alonso,fkNjVcIAAAAJ,25734.0,81.0
Kenneth G. Paterson,ETH Zurich,https://appliedcrypto.ethz.ch/people/kenny-paterson.html,NkuWcH0AAAAJ,14881.0,56.0
Martin T. Vechev,ETH Zurich,http://www.srl.inf.ethz.ch/vechev.php,aZ1Rh50AAAAJ,8988.0,50.0
Niao He,ETH Zurich,http://niaohe.ise.illinois.edu/index.html,iNcA81MAAAAJ,1783.0,21.0
Mrinmaya Sachan,ETH Zurich,http://www.mrinmaya.io,Tpp9ZjoAAAAJ,1239.0,19.0
Mohsen Ghaffari,ETH Zurich,http://people.csail.mit.edu/ghaffari,MHLyZY4AAAAJ,2899.0,32.0
Dennis Hofheinz,ETH Zurich,https://people.inf.ethz.ch/dhofheinz,sDT93s0AAAAJ,5954.0,40.0
Shweta Shinde,ETH Zurich,https://n.ethz.ch/~sshivaji,KYumLGkAAAAJ,1467.0,14.0
Luca Benini,ETH Zurich,https://www.ee.ethz.ch/the-department/people-a-z/person-detail.html?persid=194234,8riq3sYAAAAJ,58964.0,115.0
Friedemann Mattern,ETH Zurich,https://people.inf.ethz.ch/mattern,rIdxtXsAAAAJ,16499.0,52.0
Ismail Ben Ayed,ETS Montreal,https://profs.etsmtl.ca/ibenayed,29vyUccAAAAJ,5598.0,42.0
Marco Pedersoli,ETS Montreal,https://profs.etsmtl.ca/mpedersoli,aVfyPAoAAAAJ,2462.0,20.0
Alessandro L. Koerich,ETS Montreal,http://etsmtl.ca/Professeurs/akoerich/Home,kaUy9GEAAAAJ,3833.0,34.0
Eric Granger,ETS Montreal,https://etsmtl.ca/Professeurs/egranger/Accueil?lang=en-CA,TmfbdagAAAAJ,5466.0,39.0
Matthew Toews,ETS Montreal,http://www.matthewtoews.com,CebI4YoAAAAJ,1615.0,23.0
Patrick Cardinal,ETS Montreal,https://etsmtl.ca/Professeurs/pcardinal,23rIjfwAAAAJ,1053.0,17.0
Carlos Vázquez,ETS Montreal,https://www.etsmtl.ca/Professeurs/cvazquez,66PEu_YAAAAJ,1556.0,18.0
Sheldon Andrews,ETS Montreal,http://profs.etsmtl.ca/sandrews,aoAfWEQAAAAJ,478.0,11.0
Christian Desrosiers,ETS Montreal,https://etsmtl.ca/Professeurs/cdesrosiers,XJ0jF3gAAAAJ,4332.0,29.0
Mohamed Cheriet,ETS Montreal,http://www.synchromedia.ca,oG89PhIAAAAJ,11377.0,53.0
Samira Ebrahimi Kahou,ETS Montreal,https://saebrahimi.github.io,F99FuaAAAAAJ,6210.0,19.0
Robert Sabourin,ETS Montreal,https://www.etsmtl.ca/Unites-de-recherche/LIVIA,l33dD0wAAAAJ,15027.0,62.0
Jose Dolz,ETS Montreal,https://www.etsmtl.ca/Professeurs/jdolz,yHQIFFMAAAAJ,2831.0,28.0
Jacques A. de Guise,ETS Montreal,http://www.etsmtl.ca/Recherche/Chaires-unites-rech/Chaires/CRC-imagerie-3D,JMQcz58AAAAJ,13703.0,62.0
Herve Lombaert,ETS Montreal,https://profs.etsmtl.ca/hlombaert,KQbyRzIAAAAJ,1926.0,21.0
Refik Molva,EURECOM,http://www.eurecom.fr/en/people/molva-refik,KufrHlgAAAAJ,9794.0,44.0
Nicholas Evans,EURECOM,http://www.eurecom.fr/~evans,-_Ch8uoAAAAJ,7930.0,44.0
Dirk Slock,EURECOM,http://www.eurecom.fr/en/people/slock-dirk,xV6lEzEAAAAJ,10130.0,44.0
Paolo Papotti,EURECOM,http://www.eurecom.fr/en/people/papotti-paolo,YwoezYX7JVgJ,4037.0,32.0
Jean-luc Dugelay,EURECOM,http://www.eurecom.fr/~dugelay,VGK3IyUAAAAJ,8786.0,44.0
David Gesbert,EURECOM,http://www.eurecom.fr/cm/gesbert,WJPjaDgAAAAJ,27685.0,66.0
Marios Kountouris,EURECOM,http://www.eurecom.fr/en/people/kountouris-marios,QG9iXtUAAAAJ,11974.0,48.0
Raja Appuswamy,EURECOM,http://www.eurecom.fr/en/people/appuswamy-raja,47beUDAAAAAJ,758.0,15.0
Raymond Knopp,EURECOM,http://www.eurecom.fr/en/people/knopp-raymond,jE-78dsAAAAJ,8399.0,36.0
Marc Dacier,EURECOM,http://www.eurecom.fr/en/people/dacier-marc,V62JMEYAAAAJ,6712.0,38.0
Christian Bonnet,EURECOM,http://www.eurecom.fr/en/people/bonnet-christian,ACeJK4AAAAAJ,8632.0,41.0
Adlen Ksentini,EURECOM,http://www.eurecom.fr/en/people/ksentini-adlen,U6YFwO4AAAAJ,9108.0,47.0
Navid Nikaein,EURECOM,http://www.eurecom.fr/~nikaeinn,uNoaxDIAAAAJ,6242.0,40.0
Maurizio Filippone,EURECOM,http://www.eurecom.fr/~filippon,ILUeAloAAAAJ,3405.0,28.0
Raphaël Troncy,EURECOM,http://www.eurecom.fr/~troncy,1BxhcigAAAAJ,6165.0,38.0
Bernard Merialdo,EURECOM,http://www.eurecom.fr/en/people/merialdo-bernard,GhCcwsoAAAAJ,4118.0,30.0
Pietro Michiardi,EURECOM,http://www.eurecom.fr/~michiard,mlx1eCgAAAAJ,6671.0,34.0
Florian Kaltenberger,EURECOM,http://www.eurecom.fr/~kaltenbe,R1R9668AAAAJ,2319.0,25.0
Davide Balzarotti,EURECOM,http://www.s3.eurecom.fr/~balzarot,ZhQ0CxsAAAAJ,9610.0,49.0
Maria A. Zuluaga,EURECOM,http://www.eurecom.fr/~zuluaga,0SaJdxQAAAAJ,2256.0,21.0
Aurelien Francillon,EURECOM,http://www.s3.eurecom.fr/~aurel,2nKaJagAAAAJ,5411.0,30.0
Thrasyvoulos Spyropoulos,EURECOM,http://www.eurecom.fr/~spyropou,WVLr6NYAAAAJ,12861.0,41.0
Motonobu Kanagawa,EURECOM,https://sites.google.com/site/motonobukanagawa,9G-g30IAAAAJ,401.0,9.0
Petros Elia,EURECOM,http://www.eurecom.fr/~elia,VZAKIt4AAAAJ,2715.0,24.0
Jerome Harri,EURECOM,http://www.eurecom.fr/~haerri,QSAclH8AAAAJ,6539.0,35.0
Melek Onen,EURECOM,http://www.eurecom.fr/~onen,mnvnoK8AAAAJ,1542.0,22.0
Claire Kenyon,Ecole Normale Superieure,http://www.di.ens.fr/ClaireMathieu.html,iLJcSEsAAAAJ,6339.0,40.0
Jean Vuillemin,Ecole Normale Superieure,http://www.di.ens.fr/~jv,tPVtuMwAAAAJ,473.0,10.0
Duong Hieu Phan,Ecole Normale Superieure,http://www.di.ens.fr/users/phan,,,
Ana Busic,Ecole Normale Superieure,http://www.di.ens.fr/~busic,627OFsIAAAAJ,1144.0,17.0
Hoeteck Wee,Ecole Normale Superieure,http://www.di.ens.fr/~wee,lG7aUrkAAAAJ,6190.0,43.0
Alexandre d'Aspremont,Ecole Normale Superieure,http://www.di.ens.fr/~aspremon,JEEwSlQAAAAJ,6936.0,28.0
Timothy Bourke,Ecole Normale Superieure,http://www.di.ens.fr/~bourke,XOi6VWwAAAAJ,1311.0,12.0
Marc Pouzet,Ecole Normale Superieure,https://www.di.ens.fr/~pouzet,,,
Jean Ponce,Ecole Normale Superieure,http://www.di.ens.fr/~ponce,vC2vywcAAAAJ,54598.0,77.0
Jérôme Feret,Ecole Normale Superieure,http://www.di.ens.fr/~feret,TcO5mvwAAAAJ,4958.0,30.0
David Pointcheval,Ecole Normale Superieure,http://www.di.ens.fr/~pointche,GzBaxPMAAAAJ,22714.0,67.0
Damien Vergnaud,Ecole Normale Superieure,http://www.di.ens.fr/~vergnaud,dt96T_wAAAAJ,3704.0,33.0
Jacques Stern,Ecole Normale Superieure,http://www.di.ens.fr/users/stern,,,
Céline Chevalier,Ecole Normale Superieure,http://www.di.ens.fr/~ccheval,-joBmRwAAAAJ,682.0,13.0
Phong Nguyen,Ecole Normale Superieure,http://www.di.ens.fr/~pnguyen,hnS8fnUAAAAJ,12759.0,51.0
Michel Abdalla,Ecole Normale Superieure,http://www.di.ens.fr/~mabdalla,ZxxJGJsAAAAJ,7456.0,42.0
François Baccelli,Ecole Normale Superieure,http://www.di.ens.fr/~baccelli,,,
Francis Bach,Ecole Normale Superieure,http://www.di.ens.fr/~fbach,6PJWcFEAAAAJ,54744.0,103.0
Xavier Rival,Ecole Normale Superieure,http://www.di.ens.fr/~rival,YGy_zroAAAAJ,3991.0,24.0
Marc Lelarge,Ecole Normale Superieure,http://www.di.ens.fr/~lelarge,cLGOIdMAAAAJ,3634.0,32.0
David Naccache,Ecole Normale Superieure,https://www.di.ens.fr/DavidNaccache.html,-xVFaGMAAAAJ,9712.0,44.0
Ivan Laptev,Ecole Normale Superieure,https://www.di.ens.fr/~laptev,-9ifK0cAAAAJ,37115.0,63.0
Zhentao Li,Ecole Normale Superieure,http://www.di.ens.fr/~zhentao,,,
Anne Bouillard,Ecole Normale Superieure,http://www.di.ens.fr/~bouillar,,,
Cezara Dragoi,Ecole Normale Superieure,http://www.di.ens.fr/~cezarad,,,
Gilles Wainrib,Ecole Normale Superieure,https://www.di.ens.fr/GillesWainrib.html.en,VZWiNvEAAAAJ,1762.0,21.0
Albert Cohen,Ecole Normale Superieure,https://who.rocq.inria.fr/Albert.Cohen,MkKZKAMAAAAJ,18980.0,60.0
Bartek Blaszczyszyn,Ecole Normale Superieure,http://www.di.ens.fr/~blaszczy,by4SLKIAAAAJ,6169.0,33.0
Caterina Urban,Ecole Normale Superieure,https://caterinaurban.github.io,4-u1_HIAAAAJ,427.0,12.0
Stéphane Mallat,Ecole Normale Superieure,https://www.di.ens.fr/~mallat,g_YTmSgAAAAJ,113505.0,66.0
Vincent Danos,Ecole Normale Superieure,http://www.di.ens.fr/~danos,Q0aaJVUAAAAJ,7553.0,42.0
Francois Berenger,Ecole Normale Superieure,http://www.di.ens.fr/AntiqueTeam.html.fr,IyncpOsAAAAJ,300.0,11.0
Luc Segoufin,Ecole Normale Superieure de Cachan,http://www.lsv.ens-cachan.fr/~segoufin/Papers,,,
Frédéric Blanqui,Ecole Normale Superieure de Cachan,http://www.lsv.ens-cachan.fr/People,PHpAzZ8AAAAJ,1279.0,20.0
David Baelde,Ecole Normale Superieure de Cachan,http://www.lsv.ens-cachan.fr/~baelde,,,
Dietmar Berwanger,Ecole Normale Superieure de Cachan,http://www.lsv.ens-cachan.fr/~dwb,VWEg9YQAAAAJ,996.0,18.0
Stefan Schwoon,Ecole Normale Superieure de Cachan,http://www.lsv.ens-cachan.fr/~schwoon,,,
Gilles Dowek,Ecole Normale Superieure de Cachan,http://lsv.fr/~dowek,,,
Stéphane Demri,Ecole Normale Superieure de Cachan,http://www.lsv.ens-cachan.fr/~demri,,,
Thomas Chatain,Ecole Normale Superieure de Cachan,http://www.lsv.ens-cachan.fr/~chatain,,,
Claudine Picaronny,Ecole Normale Superieure de Cachan,http://www.lsv.ens-cachan.fr/~picaro,Ve3L4jYAAAAJ,447.0,10.0
Laurent Fribourg,Ecole Normale Superieure de Cachan,http://www.lsv.ens-cachan.fr/~fribourg,ivNbnaYAAAAJ,73911.0,136.0
Alain Finkel,Ecole Normale Superieure de Cachan,http://www.lsv.ens-cachan.fr/~finkel,jq7H21IAAAAJ,6406.0,33.0
Laurent Doyen,Ecole Normale Superieure de Cachan,http://www.lsv.ens-cachan.fr/~doyen/publications.html,t77pcVUAAAAJ,991.0,12.0
Sylvain Schmitz,Ecole Normale Superieure de Cachan,http://www.lsv.ens-cachan.fr/~schmitz,mMktcHwAAAAJ,1352.0,21.0
Benedikt Bollig,Ecole Normale Superieure de Cachan,http://www.lsv.ens-cachan.fr/~bollig,dhayPjwAAAAJ,1459.0,20.0
Stéphanie Delaune,Ecole Normale Superieure de Cachan,http://www.lsv.ens-cachan.fr/~delaune,ktzXIEEAAAAJ,3566.0,33.0
Michel Bidoit,Ecole Normale Superieure de Cachan,http://www.lsv.ens-cachan.fr/~bidoit/?l=fr,strTWMwAAAAJ,3982.0,29.0
Jean Goubault,Ecole Normale Superieure de Cachan,http://www.lsv.ens-cachan.fr/~goubault/?l=fr,-18V_JUAAAAJ,2901.0,28.0
Stefan Haar,Ecole Normale Superieure de Cachan,http://www.lsv.ens-cachan.fr/~haar,MgeEaDozUI8C,2295.0,22.0
Patricia Bouyer,Ecole Normale Superieure de Cachan,http://www.lsv.ens-cachan.fr/~bouyer,sgKO-H4AAAAJ,5105.0,44.0
Serge Abiteboul,Ecole Normale Superieure de Cachan,http://abiteboul.com,lk_jn24AAAAJ,34830.0,83.0
Serge Haddad,Ecole Normale Superieure de Cachan,http://www.lsv.ens-cachan.fr/~haddad,caR0mbkAAAAJ,4712.0,35.0
Nicolas Markey,Ecole Normale Superieure de Cachan,http://www.lsv.ens-cachan.fr/~markey,wWzobj4AAAAJ,3796.0,37.0
Paul Gastin,Ecole Normale Superieure de Cachan,http://www.lsv.ens-cachan.fr/~gastin,LJNfnhgAAAAJ,3741.0,28.0
Philippe Schnoebelen,Ecole Normale Superieure de Cachan,http://www.lsv.ens-cachan.fr/~phs,,,
Hubert Comon,Ecole Normale Superieure de Cachan,http://www.lsv.ens-cachan.fr/~comon,ypoy8WoAAAAJ,6875.0,43.0
Laurent Thévenoux,Ecole Normale Superieure de Lyon,http://www.ens-lyon.fr/annuaire/m-thevenoux-laurent-261284.kjsp?RH=ENS-LYON,,,
Frédéric Suter,Ecole Normale Superieure de Lyon,http://www.ens-lyon.fr/annuaire/m-suter-frederic-136989.kjsp?RH=ENS-LYON,taujrLoAAAAJ,1928.0,23.0
Denis Kuperberg,Ecole Normale Superieure de Lyon,http://www.ens-lyon.fr/m-denis-kuperberg--318136.kjsp?RH=ENS-LYON-FR-CHERCHEU,Mop92PwAAAAJ,404.0,11.0
Thierry Gautier,Ecole Normale Superieure de Lyon,http://www.ens-lyon.fr/lecole/nous-connaitre/annuaire/thierry-gautier,ecU8PLEAAAAJ,1968.0,22.0
Paola Boito,Ecole Normale Superieure de Lyon,http://www.ens-lyon.fr/en/english-ens-de-lyon-269761.kjsp,OYBSJuIAAAAJ,2416.0,29.0
Théo Mary,Ecole Normale Superieure de Lyon,http://www.ens-lyon.fr/annuaire/m-theo-mary--300431.kjsp?RH=ENS-LYON,pHWyVsAAAAAJ,1424.0,17.0
Jean-Christophe Mignot,Ecole Normale Superieure de Lyon,http://perso.ens-lyon.fr/jean-christophe.mignot,xQda7H8AAAAJ,439.0,10.0
Guillaume Hanrot,Ecole Normale Superieure de Lyon,http://perso.ens-lyon.fr/guillaume.hanrot,,,
Fabien Laguillaumie,Ecole Normale Superieure de Lyon,http://perso.ens-lyon.fr/fabien.laguillaumie,,,
Benoît Libert,Ecole Normale Superieure de Lyon,http://perso.ens-lyon.fr/benoit.libert,kRpKU4IAAAAJ,8080.0,48.0
Jean-Michel Muller,Ecole Normale Superieure de Lyon,http://perso.ens-lyon.fr/jean-michel.muller,q6Be-msAAAAJ,5983.0,34.0
Filippo Bonchi,Ecole Normale Superieure de Lyon,http://perso.ens-lyon.fr/filippo.bonchi,RMy4gDsAAAAJ,2285.0,27.0
Gilles Villard,Ecole Normale Superieure de Lyon,http://perso.ens-lyon.fr/gilles.villard,,,
Russ Harmer,Ecole Normale Superieure de Lyon,http://perso.ens-lyon.fr/russell.harmer,PuVvSkAAAAAJ,1870.0,17.0
Jean-Patrick Gelas,Ecole Normale Superieure de Lyon,http://perso.ens-lyon.fr/jean-patrick.gelas,NMd2LuIAAAAJ,1047.0,14.0
Eric Fleury,Ecole Normale Superieure de Lyon,http://perso.ens-lyon.fr/eric.fleury,NoSE0UIAAAAJ,4834.0,36.0
Damien Stehlé,Ecole Normale Superieure de Lyon,http://perso.ens-lyon.fr/damien.stehle,1qab5koAAAAJ,8781.0,40.0
Christophe Alias,Ecole Normale Superieure de Lyon,http://perso.ens-lyon.fr/christophe.alias,,,
Frédéric Prost,Ecole Normale Superieure de Lyon,http://perso.ens-lyon.fr/frederic.prost,3ENh1PIAAAAJ,327.0,9.0
Yongjun Liao,Ecole Normale Superieure de Lyon,http://www.ens-lyon.fr/annuaire/mme-yongjun-liao--269058.kjsp?RH=ENS-LYON-FR-ANNUAIRE,,,
Patrick Baillot,Ecole Normale Superieure de Lyon,http://perso.ens-lyon.fr/patrick.baillot,,,
S. A. Puzynina,Ecole Normale Superieure de Lyon,http://math.nsc.ru/~puzynina,,,
Laure Gonnord,Ecole Normale Superieure de Lyon,http://laure.gonnord.org/pro,DmA3SakAAAAJ,815.0,14.0
Yves-Stan Le Cornec,Ecole Normale Superieure de Lyon,http://www.ens-lyon.fr/m-yves-stan-le-cornec--318140.kjsp?RH=ENS-LYON-FR-CHERCHEU,,,
Shi Bai,Ecole Normale Superieure de Lyon,https://maths-people.anu.edu.au/~bai,ALMl7w4AAAAJ,748.0,13.0
Bora Uçar,Ecole Normale Superieure de Lyon,http://www.siam.org/meetings/csc14,lIthkfMAAAAJ,2319.0,27.0
Arnaud Lefray,Ecole Normale Superieure de Lyon,http://ens-lyon.academia.edu/ArnaudLeveau,RSqq_fIAAAAJ,102.0,7.0
Philippe Nain,Ecole Normale Superieure de Lyon,http://www-sop.inria.fr/members/Philippe.Nain,rMGIECUAAAAJ,6098.0,38.0
Nicolas Louvet,Ecole Normale Superieure de Lyon,http://perso.ens-lyon.fr/nicolas.louvet,,,
Jean-Yves L'Excellent,Ecole Normale Superieure de Lyon,http://perso.ens-lyon.fr/jean-yves.l.excellent,,,
Nicolas Trotignon,Ecole Normale Superieure de Lyon,http://perso.ens-lyon.fr/nicolas.trotignon/indexFr.html,,,
Anupam Das,Ecole Normale Superieure de Lyon,http://www.anupamdas.com,Y8t29XcAAAAJ,277.0,11.0
Omar Fawzi,Ecole Normale Superieure de Lyon,http://perso.ens-lyon.fr/omar.fawzi,eAHAxi0AAAAJ,3971.0,23.0
Paul Feautrier,Ecole Normale Superieure de Lyon,http://perso.ens-lyon.fr/paul.feautrier,DZkIPlIAAAAJ,7302.0,31.0
Christian Pérez,Ecole Normale Superieure de Lyon,http://www.ens-lyon.fr/annuaire/m-perez-christian-144203.kjsp?RH=ENS-LYON,PHpSuswAAAAJ,3314.0,13.0
Frederic Desprez,Ecole Normale Superieure de Lyon,http://www.inria.fr/institut/organisation/adjoints-au-directeur-scientifique/frederic-desprez,9KkV5HAAAAAJ,4897.0,31.0
Olga Kupriianova,Ecole Normale Superieure de Lyon,http://kupriianova.info,,,
Pascal Koiran,Ecole Normale Superieure de Lyon,http://perso.ens-lyon.fr/pascal.koiran,EQwChR4AAAAJ,2837.0,31.0
Alain Darte,Ecole Normale Superieure de Lyon,http://perso.ens-lyon.fr/alain.darte,_ZLsV6QAAAAJ,3830.0,33.0
Paulo Goncalves,Ecole Normale Superieure de Lyon,http://perso.ens-lyon.fr/paulo.goncalves,DGSLs7oAAAAJ,10090.0,32.0
Pierre Clairambault,Ecole Normale Superieure de Lyon,http://perso.ens-lyon.fr/pierre.clairambault,hEYmcxwAAAAJ,589.0,14.0
Eric Thierry,Ecole Normale Superieure de Lyon,http://perso.ens-lyon.fr/eric.thierry,,,
