Name,affiliation,homepage,scholar-id,citations,h-index
Wajdi Al Jedaibi,King Abdulaziz University,http://waljedaibi.kau.edu.sa/Default.aspx?Site_ID=0005903&lng=EN,,,
Sahar S. Shabanah,King Abdulaziz University,http://sshabana.kau.edu.sa/Default.aspx?Site_ID=0003166&lng=EN,,,
Hana Abdullah Al-Nuaim,King Abdulaziz University,http://hnuaim.kau.edu.sa/Default.aspx?Site_ID=0002344&lng=EN,,,
Emad Sami Jaha,King Abdulaziz University,http://ejaha.kau.edu.sa/CVEn.aspx?Site_ID=0009137&Lng=EN,,,
Nadine Akkari,King Abdulaziz University,https://www.intechopen.com/profiles/122512/Nadine%20Akkari-Adra,GOL8WHoAAAAJ,1240.0,16.0
Wafaa El-Haweet,King Abdulaziz University,http://www.kau.edu.sa/Content.aspx?Site_ID=61117&lng=EN&cid=60829,,,
Michael W. Spratling,King's College London,https://www.kcl.ac.uk/people/michael-spratling,A2tJIE4AAAAJ,4219.0,24.0
Helen Yannakoudakis,King's College London,https://www.kcl.ac.uk/people/helen-yannakoudakis,B3WGvRsAAAAJ,1709.0,18.0
Jeffery Raphael,King's College London,https://www.kcl.ac.uk/people/jeffery-raphael,xaZeEVsAAAAJ,37.0,3.0
Laurence Robert Tratt,King's College London,https://www.kcl.ac.uk/people/laurence-tratt,_iWWkmIAAAAJ,2061.0,22.0
Maria Polukarov,King's College London,https://www.kcl.ac.uk/people/maria-polukarov,nL-zXO4AAAAJ,1249.0,19.0
Kevin Lano,King's College London,https://www.kcl.ac.uk/people/kevin-lano,JL7C3nMAAAAJ,4972.0,36.0
Carmine Ventre,King's College London,https://www.kcl.ac.uk/people/carmine-ventre,kx8cKycAAAAJ,836.0,19.0
Steffen Zschaler,King's College London,https://www.kcl.ac.uk/people/steffen-zschaler,MwQDdX4AAAAJ,2114.0,23.0
Katie Bentley,King's College London,https://www.kcl.ac.uk/people/katie-bentley,vCDdIT4AAAAJ,3552.0,22.0
Amanda Jane Coles,King's College London,https://www.kcl.ac.uk/people/amanda-coles,EArg5moAAAAJ,1812.0,21.0
Jeroen Keppens,King's College London,https://www.kcl.ac.uk/people/jeroen-keppens,6uEtmfoAAAAJ,949.0,17.0
Simon Parsons,King's College London,https://www.kcl.ac.uk/people/professor-simon-parsons,L9z6PakAAAAJ,16889.0,60.0
Grigorios Loukides,King's College London,https://www.kcl.ac.uk/people/grigorios-loukides,OtmncdQAAAAJ,1908.0,26.0
Bart de Keijzer,King's College London,https://www.kcl.ac.uk/people/bart-de-keijzer,JnVqd-oAAAAJ,836.0,15.0
Andrew Coles,King's College London,https://www.kcl.ac.uk/people/andrew-coles,EMiUE40AAAAJ,2031.0,22.0
Odinaldo Rodrigues,King's College London,https://www.kcl.ac.uk/people/odinaldo-rodrigues,oWihRAoAAAAJ,550.0,14.0
Peter John McBurney,King's College London,https://www.kcl.ac.uk/people/peter-mcburney,mInKMwYAAAAJ,10154.0,49.0
Petr Slovák,King's College London,https://www.kcl.ac.uk/people/petr-slovak,E7fLCOMAAAAJ,938.0,16.0
Alfie Abdul-Rahman,King's College London,https://www.kcl.ac.uk/people/alfie-abdul-rahman,odURYTkAAAAJ,515.0,10.0
Natalia Criado,King's College London,https://www.kcl.ac.uk/people/natalia-criado,9TL1eM4AAAAJ,1077.0,19.0
Josh Murphy,King's College London,https://www.kcl.ac.uk/people/josh-murphy,ao4psAsAAAAJ,64.0,4.0
Kathleen Steinhöfel,King's College London,https://www.kcl.ac.uk/people/kathleen-steinhofel,,,
Michael Luck,King's College London,https://www.kcl.ac.uk/people/professor-michael-luck,mKVcy8sAAAAJ,13550.0,54.0
Luc Moreau,King's College London,https://www.kcl.ac.uk/people/luc-moreau,q6JskukAAAAJ,10935.0,51.0
Solon P. Pissis,King's College London,https://www.kcl.ac.uk/people/solon-pissis,,,
Luca Viganò,King's College London,https://www.kcl.ac.uk/people/luca-vigano,LFcIRfAAAAAJ,5061.0,27.0
Enrico Malizia,King's College London,https://www.kcl.ac.uk/people/enrico-malizia,bWxAXwYAAAAJ,371.0,13.0
Frederik Mallmann-Trenn,King's College London,https://www.kcl.ac.uk/people/frederik-mallman-trenn,b0VTWqMAAAAJ,570.0,12.0
Maribel Fernández,King's College London,https://www.kcl.ac.uk/people/maribel-fernandez,dfag-lkAAAAJ,2187.0,25.0
Costas S. Iliopoulos,King's College London,https://www.kcl.ac.uk/people/costas-iliopoulos,,,
Daniele Magazzini,King's College London,https://www.kcl.ac.uk/people/daniele-magazzeni,IWXDluMAAAAJ,2463.0,25.0
Dimitrios Letsios,King's College London,https://www.kcl.ac.uk/people/dimitrios-letsios,2vpL9fUAAAAJ,407.0,13.0
Simon Miles,King's College London,https://www.kcl.ac.uk/people/simon-miles,dLsbI7AAAAAJ,6671.0,39.0
Sanjay Modgil,King's College London,https://www.kcl.ac.uk/people/sanjay-modgil,JSARf0MAAAAJ,4501.0,30.0
Jose M. Such,King's College London,https://www.kcl.ac.uk/people/jose-such,xNr_IMUAAAAJ,2019.0,27.0
Elizabeth Black,King's College London,https://www.kcl.ac.uk/people/elizabeth-black,bS_k3fUAAAAJ,991.0,16.0
Steve Phelps,King's College London,https://www.kcl.ac.uk/people/steve-phelps,lKgfiRYAAAAJ,1847.0,20.0
Sophia Tsoka,King's College London,https://www.kcl.ac.uk/people/sophia-tsoka,LUU0EFgAAAAJ,5424.0,34.0
Derek Long,King's College London,https://www.kcl.ac.uk/people/derek-long,lsk6TF4AAAAJ,10247.0,45.0
Rita Borgo,King's College London,https://www.kcl.ac.uk/people/rita-borgo,OtAll0cAAAAJ,1280.0,18.0
Colin Cooper,King's College London,https://www.kcl.ac.uk/people/colin-cooper,RMHT4oAAAAAJ,80757.0,119.0
Miaojing Shi,King's College London,https://www.kcl.ac.uk/people/miaojing-shi,aj2XHWoAAAAJ,1087.0,14.0
Elena Paslaru Bontas,King's College London,https://www.kcl.ac.uk/people/elena-simperl,xB7s3wgAAAAJ,5756.0,39.0
Tasmina Islam,King's College London,https://www.kcl.ac.uk/people/tasmina-islam,,,
Christopher Hampson,King's College London,https://www.kcl.ac.uk/people/christopher-hampson,7tPU6cQAAAAJ,69.0,5.0
Christian Urban,King's College London,https://www.kcl.ac.uk/people/christian-urban,7kaRg68AAAAJ,2627.0,25.0
Tomasz Radzik,King's College London,https://www.kcl.ac.uk/people/tomasz-radzik,7yAUDgoAAAAJ,4442.0,34.0
Hana Chockler,King's College London,https://www.kcl.ac.uk/informatics/about/people?role=Academics,ilfbuooAAAAJ,1834.0,21.0
Vasa Curcin,King's College London,https://www.kcl.ac.uk/people/vasa-curcin,X9VrDxkAAAAJ,3514.0,30.0
Sahar Al-Sudani,King's College London,https://www.kcl.ac.uk/people/sahar-al-sudani,6Y4cGQsAAAAJ,39.0,2.0
Fabio Pierazzi,King's College London,https://www.kcl.ac.uk/people/fabio-pierazzi,rAGRBOAAAAAJ,875.0,14.0
Joon-Kyung Seong,Korea University,http://brein.korea.ac.kr/lab,Q1owmj0AAAAJ,2308.0,28.0
Chang-Hun Kim,Korea University,http://kucg.korea.ac.kr/new/about/people.php,,,
Gyungho Lee,Korea University,http://arch.korea.ac.kr,,,
Taeweon Suh,Korea University,http://esca.korea.ac.kr,,,
HeuiSeok Lim,Korea University,http://blp.korea.ac.kr/?page_id=2707,HMTkz7oAAAAJ,2240.0,23.0
Sung Woo Chung,Korea University,http://smrl.korea.ac.kr/bbs/professor_biographical_sketch.php,njN9VcoAAAAJ,1578.0,20.0
Sungdeok Cha,Korea University,http://dependable.korea.ac.kr/professor,,,
Chuck Yoo,Korea University,https://os.korea.ac.kr/?page_id=184,,,
Tae-Eui	Kam,Korea University,http://mailab.korea.ac.kr,y7B2OsUAAAAJ,263.0,7.0
Gunjae Koo,Korea University,http://gunjaekoo.com,mjxNeSAAAAAJ,440.0,9.0
Juseop Lee,Korea University,https://sites.google.com/site/juseoplee,UqYPZsYAAAAJ,755.0,14.0
Won-Ki Jeong,Korea University,http://hvcl.korea.ac.kr,bnyKqkwAAAAJ,2848.0,27.0
Hyogon Kim,Korea University,https://widen.korea.ac.kr/wiki/index.php/%EA%B9%80%ED%9A%A8%EA%B3%A4,,,
SangKeun Lee,Korea University,http://dilab.korea.ac.kr/?page_id=658,BGSUpLgAAAAJ,1154.0,18.0
Heung-Il Suk,Korea University,https://milab.korea.ac.kr,dl_oZLwAAAAJ,8368.0,34.0
Sung-Gi Min,Korea University,http://hcl.korea.ac.kr/index.php/people,,,
Hyeoncheol Kim,Korea University,https://ini.korea.ac.kr/professor,MnqNdkoAAAAJ,5375.0,35.0
Wonzoo Chung,Korea University,http://spl.korea.ac.kr/professor,uqTgfIMAAAAJ,819.0,18.0
Heon-Chang Yu,Korea University,http://ds.korea.ac.kr/index.php/professor,dwvceYUAAAAJ,2754.0,30.0
Dongsuk Yook,Korea University,http://ai.korea.ac.kr/index.php/professor,,,
Gerard J. Kim,Korea University,https://dxp.korea.ac.kr/index.php?mid=page_QEGJ80,7UCco8IAAAAJ,5872.0,36.0
Changhee Joo,Korea University,https://slowlab.korea.ac.kr,ZTvziRoAAAAJ,2395.0,26.0
Won-Gyu Lee,Korea University,https://inc.korea.ac.kr/menu/4?lang=en,,,
Sungjoon Choi,Korea University,https://sites.google.com/view/sungjoon-choi/home,T3-0OQ8AAAAJ,560.0,12.0
Jaewoo Kang,Korea University,http://dmis.korea.ac.kr/people,,,
Seong-Whan Lee,Korea University,http://pr.korea.ac.kr,,,
Seung Jun Baek,Korea University,https://singkru.github.io,,,
Hakjoo Oh,Korea University,http://prl.korea.ac.kr/~pronto/home,3dX_cckAAAAJ,1194.0,18.0
Christian Wallraven,Korea University,http://cogsys.korea.ac.kr/Cognitive_Systems.html,VJuuzLwAAAAJ,4389.0,37.0
Heejo Lee,Korea University,https://ccs.korea.ac.kr/people/heejo,lsKlsJ8AAAAJ,7855.0,39.0
Engin Erzin,Koç University,http://mysite.ku.edu.tr/eerzin,8Bkxdx4AAAAJ,2437.0,26.0
Oznur Ozkasap,Koç University,http://home.ku.edu.tr/~oozkasap,v2WiJeIAAAAJ,3992.0,27.0
Yucel Yemez,Koç University,http://network.ku.edu.tr/~yyemez,12csu04AAAAJ,2773.0,29.0
T. Metin Sezgin,Koç University,http://portal.ku.edu.tr/~mtsezgin,54PfvHMAAAAJ,2610.0,24.0
Didem Unat,Koç University,http://home.ku.edu.tr/~dunat,,,
Deniz Yuret,Koç University,http://www.denizyuret.com,EJurXJ4AAAAJ,4592.0,30.0
Attila Gürsoy,Koç University,http://mysite.ku.edu.tr/agursoy,XDcZ2DQAAAAJ,10998.0,46.0
Baris Akgun,Koç University,https://mysite.ku.edu.tr/baakgun,5sL0xZ4AAAAJ,931.0,12.0
Alptekin Küpçü,Koç University,http://home.ku.edu.tr/~akupcu,lr806D4AAAAJ,3377.0,23.0
Aykut Erdem,Koç University,https://aykuterdem.github.io,,,
Takeyuki Tamura,Kyoto University,http://sunflower.kuicr.kyoto-u.ac.jp/~tamura/index.html.en,OfCjNzEAAAAJ,843.0,18.0
Shuichi Miyazaki,Kyoto University,http://www.lab2.kuis.kyoto-u.ac.jp/~shuichi,6rzcMYwAAAAJ,1971.0,22.0
Shin-ichi Minato,Kyoto University,http://www.lab2.kuis.kyoto-u.ac.jp/minato/index-e.html,REcGeeQAAAAJ,4391.0,28.0
Akihiro Yamamoto,Kyoto University,http://www.iip.ist.i.kyoto-u.ac.jp/member/akihiro/index-e.html,,,
Hisashi Kashima,Kyoto University,http://www.ml.ist.i.kyoto-u.ac.jp/en,bkTB0t8AAAAJ,8424.0,44.0
Naofumi Takagi,Kyoto University,http://www.lab3.kuis.kyoto-u.ac.jp/~ntakagi/ntakagi.html,,,
Shohei Nobuhara,Kyoto University,https://shohei.nobuhara.org/index.en.html,keXiLQ0AAAAJ,1599.0,16.0
Ken Umeno,Kyoto University,http://chaosken.amp.i.kyoto-u.ac.jp/index_eng.html,,,
Naoshi Nishimura,Kyoto University,http://www.cs.kyoto-u.ac.jp/en/profile/naoshi-nishimura,,,
Kazuyuki Yagasaki,Kyoto University,http://yang.amp.i.kyoto-u.ac.jp/~yagasaki/index_e.html,,,
Makoto Yamada,Kyoto University,https://riken-yamada.github.io,1cKNu1gAAAAJ,3314.0,30.0
Hiroshi Nagamochi,Kyoto University,https://www-or.amp.i.kyoto-u.ac.jp/members/nag/index-e.html,,,
Shigeo Matsubara,Kyoto University,https://kyouindb.iimc.kyoto-u.ac.jp/e/yU9jT,,,
Toyoaki Nishida,Kyoto University,https://www.ii.ist.i.kyoto-u.ac.jp/?page_id=181&lang=en,yBpGoLMAAAAJ,4969.0,31.0
Daisuke Kawahara,Kyoto University,http://nlp.ist.i.kyoto-u.ac.jp/member/kawahara/index-en.html,Cfp1XmUAAAAJ,3285.0,28.0
Toru Ishida,Kyoto University,http://www.ai.soc.i.kyoto-u.ac.jp/~ishida,x11Wp_sAAAAJ,13239.0,56.0
Tatsuya Akutsu,Kyoto University,http://www.bic.kyoto-u.ac.jp/takutsu/members/takutsu,IwippccAAAAJ,13297.0,55.0
Yukiyasu Kamitani,Kyoto University,http://kamitani-lab.ist.i.kyoto-u.ac.jp,m5wNiJ4AAAAJ,9140.0,32.0
Hiroyuki Masuyama,Kyoto University,http://infosys.sys.i.kyoto-u.ac.jp/masuyama/index-en.html,8ZRlqyIAAAAJ,891.0,16.0
Kenji Kashima,Kyoto University,http://www.bode.amp.i.kyoto-u.ac.jp/~kashima,bCRWekMAAAAJ,1135.0,18.0
Yasuo Okabe,Kyoto University,https://www.net.ist.i.kyoto-u.ac.jp/ja,Y4AUoowAAAAJ,1553.0,20.0
Qiang Ma,Kyoto University,https://www.db.soc.i.kyoto-u.ac.jp/~qiang/index-e.html,h4AD-WQAAAAJ,1049.0,17.0
Masaaki Iiyama,Kyoto University,http://www.iiyama-lab.org,MI-yYJYAAAAJ,365.0,8.0
Hitoshi Yoshikawa,Kyoto University,https://kyouindb.iimc.kyoto-u.ac.jp/e/uZ6fQ,,,
Atsushi Nakazawa,Kyoto University,http://www.design.kyoto-u.ac.jp/faculty/a-nakazawa,vsAumE0AAAAJ,3391.0,26.0
Sadao Kurohashi,Kyoto University,http://nlp.ist.i.kyoto-u.ac.jp/member/kuro/index.html,gpKS5P0AAAAJ,6400.0,38.0
Takatsune Kumada,Kyoto University,http://www.genome.ist.i.kyoto-u.ac.jp/index.en.html,,,
Hidetoshi Shimodaira,Kyoto University,http://stat.sys.i.kyoto-u.ac.jp,LvoIaIsAAAAJ,15835.0,26.0
Kazuyoshi Takagi,Kyoto University,http://kyouindb.iimc.kyoto-u.ac.jp/e/hU7zC,,,
Takayuki Kanda,Kyoto University,http://www.robot.soc.i.kyoto-u.ac.jp/~kanda,BL9EACgAAAAJ,20920.0,76.0
Satoshi Tsujimoto,Kyoto University,http://www-is.amp.i.kyoto-u.ac.jp/lab/en/tujimoto,,,
Yoshito Ohta,Kyoto University,http://www.bode.amp.i.kyoto-u.ac.jp/member/yoshito_ohta/research-en.html,,,
Ko Nishino,Kyoto University,https://vision.ist.i.kyoto-u.ac.jp/people,SXXEZhYAAAAJ,7218.0,41.0
Toshio Aoyagi,Kyoto University,http://wwwfs.acs.i.kyoto-u.ac.jp/~aoyagi/DATA/TOP.html,,,
Shinsuke Mori,Kyoto University,http://www.ar.media.kyoto-u.ac.jp/mori/author/main-e.html,,,
Toshiyuki Tanaka,Kyoto University,http://www-adsys.sys.i.kyoto-u.ac.jp/tt/Tanaka-e.html,J_bqd7EAAAAJ,4943.0,34.0
Akihiro Sato,Kyoto University,http://ssuopt.amp.i.kyoto-u.ac.jp/akihiro/wiki_eng,,,
Kazuyoshi Yoshii,Kyoto University,http://sap.ist.i.kyoto-u.ac.jp/members/yoshii,QaNTClUAAAAJ,3144.0,30.0
Hiroaki Mizuhara,Kyoto University,https://researchmap.jp/mizuhara/?lang=english,iSI_3FgAAAAJ,1326.0,12.0
Yoshimasa Nakamura,Kyoto University,http://www-is.amp.i.kyoto-u.ac.jp/ynaka/index-e.html,jemlrzoAAAAJ,16254.0,68.0
Hiroaki Kawashima,Kyoto University,https://vision.kuee.kyoto-u.ac.jp/~hiroaki/index-e.html,,,
Nobuo Yamashita,Kyoto University,http://www-optima.amp.i.kyoto-u.ac.jp/~nobuo/soran.html,,,
Kohei Suenaga,Kyoto University,https://www.fos.kuis.kyoto-u.ac.jp/~ksuenaga,rwSrOdwAAAAJ,369.0,10.0
Keishi Tajima,Kyoto University,http://www.dl.soc.i.kyoto-u.ac.jp/~tajima/index.html,,,
Atsushi Igarashi,Kyoto University,https://www.fos.kuis.kyoto-u.ac.jp/~igarashi/index.html.en,OupExl8AAAAJ,3692.0,27.0
Tatsuya Kawahara,Kyoto University,http://sap.ist.i.kyoto-u.ac.jp/members/kawahara,o3AmlFYAAAAJ,8834.0,45.0
Masatoshi Yoshikawa,Kyoto University,https://www.db.soc.i.kyoto-u.ac.jp/~yoshikawa/index-en.html,yMFHG7wAAAAJ,6596.0,32.0
Mitsuru Shibayama,Kyoto University,http://yang.amp.i.kyoto-u.ac.jp/~shibayama/top_e.html,UGGjzjEAAAAJ,113.0,7.0
Seong Tae Kim,Kyung Hee University,https://sites.google.com/site/sseongtaekim,DEQbVOwAAAAJ,464.0,12.0
Eui-Nam Huh,Kyung Hee University,http://icnslab.net/#/introduction,0ATpZl0AAAAJ,7737.0,40.0
Gyeong-Moon Park,Kyung Hee University,https://agilabs.github.io/html/members.html,Sz6rfOMAAAAJ,116.0,7.0
Choong Seon Hong,Kyung Hee University,http://networking.khu.ac.kr/layouts/net/members/mem01.htm,oKANWloAAAAJ,16093.0,57.0
Jinwoo Choi,Kyung Hee University,https://sites.google.com/site/jchoivision,WcCMuIEAAAAJ,2171.0,9.0
Lok-won Kim,Kyung Hee University,http://ce.khu.ac.kr/eng/blog/blog_page.php?r_Idx=28&b_menuNum=2,Df1_a_4AAAAJ,456.0,12.0
Sung-Ho Kim,Kyungpook National University,http://mmlab.knu.ac.kr,idJ2jfUAAAAJ,6675.0,42.0
Seokin Hong,Kyungpook National University,https://sites.google.com/view/seokinhong,RdB0pDUAAAAJ,324.0,11.0
Byung Chul Tak,Kyungpook National University,http://sites.google.com/view/knudiscolab,-wM1-88AAAAJ,1057.0,17.0
Sang-hyo Park,Kyungpook National University,http://sites.google.com/view/knuvi,ZG8REuYAAAAJ,348.0,7.0
Anand Paul,Kyungpook National University,https://connectedcomputing.weebly.com,QrOVUgwAAAAJ,5871.0,39.0
Eunjoo Lee,Kyungpook National University,http://zorba.knu.ac.kr,qktG3K8AAAAJ,168.0,8.0
Dong-Sun Kim,Kyungpook National University,http://www.darkrsw.net,Rmzs0QIAAAAJ,2246.0,22.0
Soon Ki Jung,Kyungpook National University,http://vr.knu.ac.kr,Y4a0vmsAAAAJ,2856.0,28.0
Nakhoon Baek,Kyungpook National University,http://mobilegraphicslab.knu.ac.kr,WRNPbNoAAAAJ,482.0,11.0
Jeonghong Kim,Kyungpook National University,http://sites.google.com/view/msp-lab,,,
Jae-il Kim,Kyungpook National University,https://sites.google.com/view/ipalab,L8cMLmEAAAAJ,391.0,10.0
Sungkee Lee,Kyungpook National University,http://devicesw.knu.ac.kr/front,xqEqhtEAAAAJ,1024.0,10.0
Kyong Hoon Kim,Kyungpook National University,http://rtc.knu.ac.kr,CoYSI0MAAAAJ,20894.0,79.0
Il Kon Kim,Kyungpook National University,http://www.ihis.or.kr,aCgpEqcAAAAJ,591.0,13.0
Woo Jin Lee,Kyungpook National University,http://selab.knu.ac.kr,mu0cyK8AAAAJ,497.0,10.0
Yongju Lee,Kyungpook National University,http://dbms.knu.ac.kr,Eo7HrZEAAAAJ,262.0,8.0
Inuk Jung,Kyungpook National University,http://cobi.knu.ac.kr,zVRA_KsAAAAJ,492.0,11.0
Yongtae Kim,Kyungpook National University,https://scholar.google.com/citations?user=Nhfl_i8AAAAJ,Nhfl_i8AAAAJ,590.0,12.0
Hyeyoung Park,Kyungpook National University,http://bclab.knu.ac.kr,rP8xQqYAAAAJ,979.0,14.0
Sihyung Lee,Kyungpook National University,http://goo.gl/jNjBj,,,
Jae-Soo Kim,Kyungpook National University,http://computer.knu.ac.kr,,,
Li-Mei Peng,Kyungpook National University,http://ican.knu.ac.kr,OujN4S0AAAAJ,1399.0,17.0
Sangwook Kim,Kyungpook National University,http://media.knu.ac.kr,yt_Sl6oAAAAJ,24786.0,77.0
Kyungshik Lim,Kyungpook National University,http://wicom.knu.ac.kr,,,
Young-Woo Kwon,Kyungpook National University,http://sslab.knu.ac.kr,ld-VWe8AAAAJ,896.0,13.0
Dongkyun Kim,Kyungpook National University,https://monet.knu.ac.kr/m_professor,IsKrxuwAAAAJ,5222.0,38.0
Seyoung Park,Kyungpook National University,http://nlp.knu.ac.kr,TPBJpLQAAAAJ,1947.0,20.0
Kwan Woo Ryu,Kyungpook National University,http://isaac.knu.ac.kr,5H3CirEAAAAJ,1862.0,23.0
Young-Kyoon Suh,Kyungpook National University,https://sites.google.com/view/yksuh,MTygvIsAAAAJ,176.0,8.0
Ki Jun Han,Kyungpook National University,http://netopia.knu.ac.kr,QI61sTgAAAAJ,4879.0,30.0
Ku-Jin Kim,Kyungpook National University,http://bh.knu.ac.kr/~kujinkim,yD2zLvYAAAAJ,679.0,15.0
Yunja Choi,Kyungpook National University,http://sselab.dothome.co.kr/wordpress/index.php/yunjachoi,_m9BfuwAAAAJ,502.0,14.0
Seok Joo Koh,Kyungpook National University,https://iot.knu.ac.kr,DAbaxjEAAAAJ,1869.0,22.0
Susan Fife Dorchak,LIU Post,http://www.liu.edu/CWPost/Academics/Faculty/Faculty/D/Susan-Fife-Dorchak?rn=Faculty,,,
Christopher Malinowski,LIU Post,http://www.liu.edu/CWPost/Academics/Faculty/Faculty/M/Christopher-Malinowski,,,
John J. Regazzi,LIU Post,http://liu-post.academia.edu/JohnRegazzi,uzY6ciAAAAAJ,421.0,11.0
Steven Heim,LIU Post,http://www.liu.edu/CWPost/Academics/Faculty/Faculty/H/Steven-Heim?rn=Faculty,,,
François Bry,LMU Munich,https://www.pms.ifi.lmu.de/mitarbeiter/derzeitige/francois-bry,uERnzWQAAAAJ,6330.0,38.0
Claudia Linnhoff,LMU Munich,http://www.mobile.ifi.lmu.de/team/claudia-linnhoff-popien,bJBAUu8AAAAJ,4928.0,26.0
Helmut Küchenhoff,LMU Munich,https://www.stablab.stat.uni-muenchen.de,MIHbY4UAAAAJ,8743.0,50.0
Mila E. Majster-Cederbaum,LMU Munich,https://www.sosy-lab.org/people/majster-cederbaum,,,
Gitta Kutyniok,LMU Munich,https://www.math.lmu.de/~kutyniok,JHs9LssAAAAJ,13333.0,52.0
Alexander Fraser,LMU Munich,https://www.cis.uni-muenchen.de/~fraser,4ZIZK08AAAAJ,3109.0,29.0
Rolf Hennicker,LMU Munich,https://www.sosy-lab.org/people/hennicker,,,
Volker Tresp,LMU Munich,http://www.dbs.ifi.lmu.de/~tresp,xIJHTUwAAAAJ,16415.0,58.0
Göran Kauermann,LMU Munich,https://www.en.wisostat.statistik.uni-muenchen.de,b4tlea0AAAAJ,3900.0,33.0
Volker Heun,LMU Munich,https://www.bio.ifi.lmu.de/mitarbeiter/volker-heun/index.html,,,
Martin Hofmann,LMU Munich,https://www.tcs.ifi.lmu.de/people/martin-hofmann,,,
Dirk Beyer,LMU Munich,https://www.sosy-lab.org/people/beyer,AFOIl1IAAAAJ,8146.0,46.0
Hinrich Schütze,LMU Munich,https://www.cis.uni-muenchen.de/schuetze,qIL9dWUAAAAJ,63128.0,68.0
Christian Böhm,LMU Munich,http://dmm.dbs.ifi.lmu.de/cms/team/professoren/christian_boehm/index.html,T9OSNwkAAAAJ,15174.0,64.0
Alexander Wiethoff,LMU Munich,http://www.mmi.ifi.lmu.de/team/alexander.wiethoff,i4x6QwkAAAAJ,683.0,14.0
Klaus U. Schulz,LMU Munich,https://www.cis.uni-muenchen.de/people/schulz.html,,,
Peer Kröger,LMU Munich,http://www.dbs.ifi.lmu.de/cms/personen/professoren/kroeger/index.html,o_OWGOwAAAAJ,9098.0,43.0
Thomas Seidl,LMU Munich,http://www.dbs.ifi.lmu.de/cms/personen/professoren/seidl/index.html,0fOi9KkAAAAJ,11920.0,51.0
Martin Wirsing,LMU Munich,https://www.sosy-lab.org/people/wirsing,QonRHo8AAAAJ,7230.0,42.0
Eyke Hüllermeier,LMU Munich,https://www.kiml.ifi.lmu.de,usVJeNN3xFAC,15943.0,62.0
Caroline C. Friedel,LMU Munich,https://www.bio.ifi.lmu.de/mitarbeiter/caroline-friedel/index.html,FcW0DAUAAAAJ,4943.0,35.0
Wolfgang Hesse,LMU Munich,https://www.sosy-lab.org/people/hesse,,,
Matthias Schubert,LMU Munich,http://www.dbs.ifi.lmu.de/cms/personen/professoren/schubert/index.html,GEnUYjQAAAAJ,3344.0,28.0
Andreas Butz,LMU Munich,http://www.medien.ifi.lmu.de/team/andreas.butz,8_z5YpQAAAAJ,6146.0,41.0
Bernd Bischl,LMU Munich,https://www.slds.stat.uni-muenchen.de,s34UckkAAAAJ,6154.0,38.0
Dieter August Kranzlmüller,LMU Munich,http://www.nm.ifi.lmu.de/~kranzlm,,,
Albrecht Schmidt,LMU Munich,https://www.en.um.informatik.uni-muenchen.de/people/professors/schmidt/index.html,qM5jR7YAAAAJ,25789.0,72.0
Hans-Peter Kriegel,LMU Munich,http://www.dbs.ifi.lmu.de/cms/personen/professoren/kriegel/index.html,DBf9LC4AAAAJ,89935.0,102.0
Ralf Martin Zimmer,LMU Munich,https://www.bio.ifi.lmu.de/mitarbeiter/ralf-zimmer/index.html,lJd_PUwAAAAJ,12002.0,57.0
Heinrich Hussmann,LMU Munich,http://www.medien.ifi.lmu.de/team/heinrich.hussmann,kwha-i8AAAAJ,7725.0,45.0
Humaira Kamal,LUMS,https://lums.edu.pk/lums_employee/506,gkEcZSgAAAAJ,255.0,6.0
Fareed Zaffar,LUMS,https://lums.edu.pk/lums_employee/422,,,
Junaid Haroon Siddiqui,LUMS,https://www.junaidharoonsiddiqui.com,dvKylVEAAAAJ,435.0,12.0
Shafay Shamail,LUMS,https://lums.edu.pk/lums_employee/533,LEWgqDAAAAAJ,765.0,15.0
Imdadullah Khan,LUMS,https://lums.edu.pk/lums_employee/4100,aMwi6UwAAAAJ,458.0,14.0
Murtaza Taj,LUMS,https://lums.edu.pk/lums_employee/2860,Gk3G9N0AAAAJ,968.0,14.0
Yasir Mehmood,LUMS,https://lums.edu.pk/lums_employee/4841,,,
Mobin Javed,LUMS,http://web.lums.edu.pk/~mobin,jVAQ9IAAAAAJ,759.0,15.0
Mian M. Awais,LUMS,https://lums.edu.pk/lums_employee/516,wkxlfFAAAAAJ,1065.0,16.0
Asim Karim,LUMS,http://web.lums.edu.pk/~akarim,NXFekJ4AAAAJ,3010.0,24.0
Naveed Arshad,LUMS,https://lums.edu.pk/lums_employee/1352,jDcSbQYAAAAJ,1169.0,15.0
Muhammad Hamad Alizai,LUMS,http://web.lums.edu.pk/~alizai,L4lhO6AAAAAJ,1341.0,15.0
Ihsan Ayyub Qazi,LUMS,http://web.lums.edu.pk/~ihsan,lVzlcmUAAAAJ,818.0,12.0
Basit Shafiq,LUMS,http://web.lums.edu.pk/~basit,ImR86jUAAAAJ,1807.0,21.0
Suleman Shahid,LUMS,https://lums.edu.pk/lums_employee/4407,,,
Zafar Ayyub Qazi,LUMS,https://lums.edu.pk/lums_employee/2408,O5uXfioAAAAJ,1720.0,9.0
Keith Cheverst,Lancaster University,https://www.lancaster.ac.uk/scc/about-us/people/keith-cheverst,XElVSIEAAAAJ,8431.0,42.0
Yehia El-khatib,Lancaster University,https://www.lancaster.ac.uk/scc/about-us/people/yehia-elkhatib,ZDbuOE4AAAAJ,2246.0,21.0
Elisa Rubegni,Lancaster University,https://www.lancaster.ac.uk/scc/about-us/people/elisa-rubegni,jzBGorIAAAAJ,943.0,14.0
Emma D. Wilson,Lancaster University,https://www.lancaster.ac.uk/scc/about-us/people/emma-wilson,bd5arcQAAAAJ,219.0,10.0
Plamen Angelov,Lancaster University,https://www.lancaster.ac.uk/scc/about-us/people/plamen-angelov,CCW8PwkAAAAJ,12457.0,59.0
John A. Mariani,Lancaster University,https://www.lancaster.ac.uk/scc/about-us/people/john-mariani,ke0ClnoAAAAJ,1985.0,23.0
Gerald Kotonya,Lancaster University,https://www.lancaster.ac.uk/scc/about-us/people/gerald-kotonya,d5AUHbgAAAAJ,4857.0,21.0
Paul Edward Rayson,Lancaster University,https://www.lancaster.ac.uk/scc/about-us/people/paul-rayson,DACFB-kAAAAJ,11371.0,46.0
David Hutchison,Lancaster University,https://www.lancaster.ac.uk/scc/about-us/people/david-hutchison,MhO-WSIAAAAJ,10030.0,47.0
Nigel Davies,Lancaster University,https://www.lancaster.ac.uk/scc/about-us/people/nigel-davies,EXDIpGkAAAAJ,25286.0,57.0
Amit K. Chopra,Lancaster University,https://www.lancaster.ac.uk/scc/about-us/people/amit-chopra,xXhZVgwAAAAJ,2437.0,29.0
David Bowes,Lancaster University,https://www.lancaster.ac.uk/scc/about-us/people/david-bowes,GTLr8esAAAAJ,2878.0,22.0
Qiang Ni,Lancaster University,https://www.lancaster.ac.uk/scc/about-us/people/qiang-ni,Pg3lkkgAAAAJ,12788.0,58.0
Richard H. R. Harper,Lancaster University,https://www.lancaster.ac.uk/scc/about-us/people/richard-harper,RGVGixkAAAAJ,16404.0,62.0
Barry Porter,Lancaster University,https://www.lancaster.ac.uk/scc/about-us/people/barry-porter,,,
Antonios Gouglidis,Lancaster University,https://www.lancaster.ac.uk/scc/about-us/people/antonios-gouglidis,7uyHR-kAAAAJ,717.0,13.0
Angelos K. Marnerides,Lancaster University,https://www.lancaster.ac.uk/scc/about-us/people/angelos-marnerides,y-lCslsAAAAJ,953.0,15.0
Richard M. Jiang,Lancaster University,https://www.lancaster.ac.uk/scc/about-us/people/richard-jiang,NuyoNc4AAAAJ,1003.0,19.0
Christopher Edwards,Lancaster University,https://www.lancaster.ac.uk/scc/about-us/people/christopher-edwards,tAjM8bEAAAAJ,736.0,14.0
Scott Piao,Lancaster University,https://www.lancaster.ac.uk/scc/about-us/people/scott-piao,qSTTL6MAAAAJ,1710.0,23.0
Steven Houben,Lancaster University,https://www.lancaster.ac.uk/scc/about-us/people/steven-houben,0V_WyBkAAAAJ,1261.0,19.0
Yue Cao,Lancaster University,https://www.lancaster.ac.uk/scc/about-us/people/yue-cao,,,
Charalampos Rotsos,Lancaster University,https://www.lancaster.ac.uk/scc/about-us/people/charalampos-rotsos,nv7kXNAAAAAJ,1421.0,13.0
Corina Sas,Lancaster University,https://www.lancaster.ac.uk/scc/about-us/people/corina-sas,7N5gDEoAAAAJ,4140.0,37.0
Alistair Baron,Lancaster University,https://www.lancaster.ac.uk/scc/about-us/people/alistair-baron,TbzxWckAAAAJ,1215.0,17.0
Haris Pervaiz,Lancaster University,https://www.lancaster.ac.uk/scc/about-us/people/haris-bin-pervaiz,QvgEF8sAAAAJ,1918.0,24.0
Nicholas J. P. Race,Lancaster University,https://www.lancaster.ac.uk/scc/about-us/people/nicholas-race,pr6amF4AAAAJ,1830.0,22.0
Tracy Hall,Lancaster University,https://www.lancaster.ac.uk/scc/about-us/people/tracy-hall,TPQhlqgAAAAJ,7945.0,41.0
Joe Finney,Lancaster University,https://www.lancaster.ac.uk/scc/about-us/people/joe-finney,,,
Lynne Blair,Lancaster University,https://www.lancaster.ac.uk/scc/about-us/people/lynne-blair,h8gpGz0AAAAJ,2106.0,24.0
Jiangtao Wang,Lancaster University,https://www.lancaster.ac.uk/scc/about-us/people/jiangtao-wang,9uIhuHkAAAAJ,897.0,17.0
Peter Garraghan,Lancaster University,https://www.lancaster.ac.uk/scc/about-us/people/peter-garraghan,lkP_Zd8AAAAJ,1931.0,21.0
Mahmoud El-Haj,Lancaster University,https://www.lancaster.ac.uk/scc/about-us/people/mahmoud-el-haj,diBeuuEAAAAJ,1059.0,20.0
Daniel David Campbell Prince,Lancaster University,https://www.lancaster.ac.uk/scc/about-us/people/daniel-prince,aDfoLUUAAAAJ,545.0,10.0
Mike Hazas,Lancaster University,https://www.lancaster.ac.uk/scc/about-us/people/mike-hazas,nM7PcvIAAAAJ,4106.0,30.0
Adrian Friday,Lancaster University,https://www.lancaster.ac.uk/scc/about-us/people/adrian-friday,co0YRmIAAAAJ,9033.0,44.0
Hossein Rahmani,Lancaster University,https://www.lancaster.ac.uk/scc/about-us/people/hossein-rahmani,zFyT_gwAAAAJ,2095.0,17.0
Matt Broadbent,Lancaster University,https://www.lancaster.ac.uk/scc/about-us/people/matthew-broadbent,qfxb4ssAAAAJ,765.0,14.0
Hans Gellersen,Lancaster University,https://www.lancaster.ac.uk/scc/about-us/people/hans-gellersen,wmpvU_YAAAAJ,17394.0,65.0
Leandro Soriano Marcolino,Lancaster University,https://www.lancaster.ac.uk/scc/about-us/people/leandro-soriano-marcolino,PBzg9G4AAAAJ,504.0,10.0
Vasileios Giotsas,Lancaster University,https://www.lancaster.ac.uk/scc/about-us/people/vasileios-giotsas,p6TW1tEAAAAJ,1208.0,16.0
Keivan Navaie,Lancaster University,https://www.lancaster.ac.uk/scc/about-us/people/keivan-navaie,bWDRdFoAAAAJ,5591.0,33.0
Mark Rouncefield,Lancaster University,https://www.lancaster.ac.uk/scc/about-us/people/mark-rouncefield,ycuiwg8AAAAJ,11044.0,51.0
Jean Petric,Lancaster University,https://www.lancaster.ac.uk/scc/about-us/people/jean-petric,gfAm1nkAAAAJ,328.0,8.0
Gordon S. Blair,Lancaster University,https://www.lancaster.ac.uk/scc/about-us/people/gordon-blair,TQj5qo0AAAAJ,19126.0,56.0
Ioannis Chatzigeorgiou,Lancaster University,https://www.lancaster.ac.uk/scc/about-us/people/ioannis-chatzigeorgiou,FQWAqR8AAAAJ,891.0,17.0
Maria Angela Ferrario,Lancaster University,https://www.lancaster.ac.uk/scc/about-us/people/maria-angela-ferrario,iyusNrsAAAAJ,1111.0,19.0
Dani Tannir,Lebanese American University,http://soe.lau.edu.lb/ece/faculty-staff/dani_tannir.php,Gtan3J4AAAAJ,129.0,7.0
Faisal N. Abu-Khzam,Lebanese American University,http://www.csm.lau.edu.lb/fabukhzam,,,
Nashat Mansour,Lebanese American University,http://www.lau.edu.lb/about/governance-policies/executive-officers/nashat-mansour.php,F0bsq18AAAAJ,1874.0,22.0
Iyad Ouaiss,Lebanese American University,http://services.sea.lau.edu.lb/faculty/iouaiss,Bs47qDUAAAAJ,520.0,11.0
Joe Tekli,Lebanese American University,http://soe.lau.edu.lb/ece/faculty-staff/joe_m_tekli.php,1YQgsckAAAAJ,1032.0,19.0
George E. Nasr,Lebanese American University,http://www.lau.edu.lb/about/governance-policies/executive-officers/george-nasr.php,S9yBpOMAAAAJ,21662.0,56.0
Danielle Azar,Lebanese American University,http://sas.lau.edu.lb/csm/people/danielle-azar.php,lcd1FHgAAAAJ,430.0,12.0
Sanaa Sharafeddine,Lebanese American University,http://sas.lau.edu.lb/csm/people/sanaa-sharafeddine.php,a9_xXAwAAAAJ,1489.0,19.0
Azzam Mourad,Lebanese American University,http://sas.lau.edu.lb/csm/people/azzam-mourad.php,p3DTnQQAAAAJ,2311.0,27.0
Ramzi A. Haraty,Lebanese American University,http://sas.lau.edu.lb/csm/people/rharaty.php,yHGvAkYAAAAJ,1268.0,18.0
Haidar Harmanani,Lebanese American University,http://sas.lau.edu.lb/csm/people/haidar.php,QeKSIXEAAAAJ,1063.0,16.0
Samer S. Habre,Lebanese American University,http://sas.lau.edu.lb/csm/people/shabre.php,rY1x32oAAAAJ,499.0,9.0
Wissam Fawaz,Lebanese American University,http://soe.lau.edu.lb/ece/faculty-staff/wissam_fawaz.php,3o50cnIAAAAJ,1471.0,16.0
Mooi Choo Chuah,Lehigh University,http://www.cse.lehigh.edu/~chuah,SZBKvksAAAAJ,12768.0,59.0
Eric Baumer,Lehigh University,http://ericbaumer.com,rnLD7z0AAAAJ,3770.0,28.0
Liang Cheng,Lehigh University,http://liangcheng.info,,,
Jeff Trinkle,Lehigh University,http://www.cse.lehigh.edu/~trink,Dl0vAp8AAAAJ,6416.0,37.0
Brian D. Davison,Lehigh University,http://www.cse.lehigh.edu/~brian,wk3PBXn5pgoJ,9978.0,45.0
Sihong Xie,Lehigh University,http://www.cse.lehigh.edu/~sxie,qRp1xZwAAAAJ,2143.0,18.0
Hector Muñoz-Avila,Lehigh University,http://www.cse.lehigh.edu/~munoz,I2wo9-MAAAAJ,5124.0,41.0
Arielle Carr,Lehigh University,https://engineering.lehigh.edu/faculty/arielle-carr,,,
Daniel Lopresti,Lehigh University,http://www.cse.lehigh.edu/~lopresti,dFCu3gMAAAAJ,7404.0,46.0
Roberto Palmieri,Lehigh University,http://www.cse.lehigh.edu/~palmieri,iipJ5hsAAAAJ,1055.0,21.0
Dominic DiFranzo,Lehigh University,https://difranzo.com,33gQbMEAAAAJ,938.0,14.0
David Saldana,Lehigh University,http://davidsaldana.co,VU1s_Z8AAAAJ,548.0,12.0
Michael F. Spear,Lehigh University,http://www.cse.lehigh.edu/~spear,xEZlTrIAAAAJ,5636.0,30.0
Yu Yang,Lehigh University,https://www.yyang.site,,,
Lichao Sun,Lehigh University,https://www.cs.uic.edu/~lsun/,WhGUE7AAAAAJ,1705.0,19.0
Brian Y. Chen,Lehigh University,http://www.cse.lehigh.edu/~chen,CrqkG-4AAAAJ,958.0,17.0
Lifang He,Lehigh University,https://engineering.lehigh.edu/faculty/lifang-he,obgTcyoAAAAJ,2401.0,29.0
John R. Spletzer,Lehigh University,http://www.cse.lehigh.edu/~spletzer,mWhnaCkAAAAJ,4116.0,27.0
Aparna Bharati,Lehigh University,https://sites.google.com/view/aparna-bharati,3SuzNJ4AAAAJ,323.0,11.0
Jeff Heflin,Lehigh University,http://www.cse.lehigh.edu/~heflin,IKKQHqkAAAAJ,6653.0,28.0
Hank Korth,Lehigh University,http://www.cse.lehigh.edu/~korth,4VLZdawAAAAJ,17023.0,50.0
Andrea Soltoggio,Loughborough University,https://www.lboro.ac.uk/departments/compsci/staff/academic-teaching/andrea-soltoggio,mlt7uksAAAAJ,875.0,15.0
Posco Tso,Loughborough University,https://www.lboro.ac.uk/departments/compsci/staff/academic-teaching/tsoposco,,,
Ana Salagean,Loughborough University,https://www.lboro.ac.uk/departments/compsci/staff/academic-teaching/ana-salagean,XxVc2Q0AAAAJ,937.0,12.0
Asma Adnane,Loughborough University,https://www.lboro.ac.uk/departments/compsci/staff/academic-teaching/asma-adnane,yNx6iUwAAAAJ,1374.0,16.0
Robert George Mercas,Loughborough University,https://www.lboro.ac.uk/departments/compsci/staff/academic-teaching/robert-mercas,HJ0ZXFIAAAAJ,478.0,13.0
Haibin Cai,Loughborough University,https://www.lboro.ac.uk/departments/compsci/staff/academic-teaching/caihaibin,D7UbzUgAAAAJ,513.0,11.0
Manfred Kufleitner,Loughborough University,https://www.lboro.ac.uk/departments/compsci/staff/academic-teaching/manfred-kufleitner,xH8W8jEAAAAJ,740.0,15.0
Qinggang Meng,Loughborough University,https://www.lboro.ac.uk/departments/compsci/staff/academic-teaching/qinggang-meng,OWGXbooAAAAJ,2744.0,27.0
Amitabh Trehan,Loughborough University,https://www.lboro.ac.uk/departments/compsci/staff/academic-teaching/amitabh-trehan,DN_F0ekAAAAJ,575.0,11.0
Lin Guan,Loughborough University,https://www.lboro.ac.uk/departments/compsci/staff/academic-teaching/lin-guan,NwT42zkAAAAJ,746.0,18.0
Georgina Cosma,Loughborough University,https://www.lboro.ac.uk/departments/compsci/staff/academic-teaching/georgina-cosma,OpHkDDIAAAAJ,1412.0,20.0
Russell Lock,Loughborough University,https://www.lboro.ac.uk/departments/compsci/staff/academic-teaching/russell-lock,iMlCZkIAAAAJ,972.0,15.0
Daniel Reidenbach,Loughborough University,https://www.lboro.ac.uk/departments/compsci/staff/academic-teaching/daniel-reidenbach,indWnyoAAAAJ,467.0,12.0
Iain Phillips,Loughborough University,https://www.lboro.ac.uk/departments/compsci/staff/academic-teaching/iain-phillips,vn5m6QgAAAAJ,1266.0,20.0
S. Shaheen Fatima,Loughborough University,https://www.lboro.ac.uk/departments/compsci/staff/academic-teaching/shaheen-fatima,KqRKHv4AAAAJ,2898.0,24.0
Baihua Li,Loughborough University,https://www.lboro.ac.uk/departments/compsci/staff/academic-teaching/baihua-li,,,
Gerald Schaefer,Loughborough University,https://www.lboro.ac.uk/departments/compsci/staff/academic-teaching/gerald-schaefer,,,
Dominik D. Freydenberger,Loughborough University,https://www.lboro.ac.uk/departments/compsci/staff/academic-teaching/dominik-freydenberger,GV4Cji0AAAAJ,433.0,13.0
Hui Fang,Loughborough University,https://www.lboro.ac.uk/departments/compsci/staff/academic-teaching/hui-fang,TyMf2lYAAAAJ,819.0,15.0
Eran A. Edirishinghe,Loughborough University,https://www.lboro.ac.uk/departments/compsci/staff/academic-teaching/eran-edirisinghe,HQKsg3oAAAAJ,1638.0,20.0
Lars Nagel,Loughborough University,https://www.lboro.ac.uk/departments/compsci/staff/academic-teaching/lars-nagel,9z7L6NQAAAAJ,399.0,12.0
Tao Chen,Loughborough University,https://www.lboro.ac.uk/departments/compsci/staff/academic-teaching/tao-chen,K4teyvoAAAAJ,994.0,20.0
Christian W. Dawson,Loughborough University,https://www.lboro.ac.uk/departments/compsci/staff/academic-teaching/christian-dawson,QGP7CAsAAAAJ,7750.0,26.0
Sukhamay Kundu,Louisiana State University,https://www.lsu.edu/eng/cse/people/faculty/kundu.php,,,
Supratik Mukhopadhyay,Louisiana State University,https://www.lsu.edu/eng/cse/people/faculty/mukhopadhyay.php,,,
Ming-xuan Sun,Louisiana State University,http://www.csc.lsu.edu/~msun,,,
Rahul Shah,Louisiana State University,http://www.csc.lsu.edu/~rahul,ZpkdT2UAAAAJ,2897.0,26.0
Jian-Hua Chen,Louisiana State University,https://www.lsu.edu/eng/cse/people/faculty/chen.j.php,,,
Robert Kooima,Louisiana State University,http://csc.lsu.edu/~kooima,OcIwjtEAAAAJ,836.0,15.0
Golden G. Richard III,Louisiana State University,http://cct.lsu.edu/~golden,gq8-LJ8AAAAJ,3247.0,28.0
Seung-Jong Park,Louisiana State University,https://www.lsu.edu/eng/cse/people/faculty/park.sj.php,AEJSH4UAAAAJ,2183.0,22.0
Brygg Ullmer,Louisiana State University,https://www.lsu.edu/eng/cse/people/faculty/ullmer.php,JxG7a6sAAAAJ,16369.0,31.0
Doris L. Carver,Louisiana State University,https://www.lsu.edu/eng/cse/people/faculty/carver.php,,,
Gerald B. Baumgartner,Louisiana State University,https://www.lsu.edu/eng/cse/people/faculty/baumgartner.php,pno6BrMAAAAJ,1934.0,25.0
Kisung Lee,Louisiana State University,https://www.lsu.edu/eng/cse/people/faculty/lee.k.php,,,
Anas Mahmoud,Louisiana State University,https://www.lsu.edu/eng/cse/people/faculty/mahmoud.php,t6_z3zYAAAAJ,1242.0,21.0
Jian Zhang,Louisiana State University,https://www.lsu.edu/eng/cse/people/faculty/zhang.php,,,
Bijaya Karki,Louisiana State University,https://www.lsu.edu/science/geology/people/faculty/karki.php,PVKPY-IAAAAJ,6191.0,38.0
Evangelos Triantaphyllou,Louisiana State University,https://www.lsu.edu/eng/cse/people/faculty/triantaphyllou.php,kZDreZsAAAAJ,10651.0,32.0
Michael O'Neal,Louisiana Tech University,https://www.latech.edu/faculty-staff/single-entry/name/michael-oneal,,,
Ben Choi,Louisiana Tech University,http://www2.latech.edu/~choi,,,
Sumeet Dua,Louisiana Tech University,http://dmrl.latech.edu,5d9uBZwAAAAJ,2085.0,20.0
Jean Gourd,Louisiana Tech University,https://www.latech.edu/faculty-staff/single-entry/name/jean-gourd,zgSNPHMAAAAJ,73.0,5.0
Klas Nilsson,Lund University,http://cs.lth.se/klas_nilsson,,,
Martin Höst,Lund University,http://www.lunduniversity.lu.se/lucat/user/78d0f2fe1123024a5c3000141a36af85,9HNtvo0AAAAJ,19725.0,33.0
Christin Lindholm,Lund University,http://cs.lth.se/christin_lindholm,,,
Anders Robertsson,Lund University,http://www.control.lth.se/Staff/AndersRobertsson.html,YZNvXjAAAAAJ,4939.0,35.0
Flavius Gruian,Lund University,http://www.lunduniversity.lu.se/lucat/user/2b6e0dd31045e02d96f26f40904362d9,SafG-QUAAAAJ,1172.0,15.0
Jörn Janneck,Lund University,http://www.lunduniversity.lu.se/lucat/user/6d94f235ba6e4b38f5fbc1a7b0ed0c00,acaDIH8AAAAJ,4089.0,29.0
Krzysztof Kuchcinski,Lund University,http://cs.lth.se/krzysztof_kuchcinski,,,
Karl-Erik Årzen,Lund University,http://www.control.lth.se/Staff/KarlErikArzen.html,OZIadUUAAAAJ,9985.0,40.0
Christoph Reichenbach,Lund University,https://creichen.net,xRdVrfAAAAAJ,434.0,12.0
Per Andersson,Lund University,http://www.svet.lu.se/en/per-andersson,38DogacAAAAJ,5901.0,47.0
Amir Aminifar,Lund University,https://www.eit.lth.se/staff/amir.aminifar,4eSC97MAAAAJ,813.0,17.0
Björn Regnell,Lund University,http://cs.lth.se/bjorn-regnell,W37CtAwAAAAJ,18350.0,44.0
Maria Kihl,Lund University,http://www.eit.lth.se/staff/maria.kihl,a8CP0V8AAAAJ,3065.0,26.0
Per Runeson,Lund University,http://cs.lth.se/per_runeson,7B58FysAAAAJ,23915.0,47.0
Muhammad Haris Khan,MBZUAI,https://mbzuai.ac.ae/pages/muhammad-haris,ZgERfFwAAAAJ,2904.0,11.0
Salman H. Khan,MBZUAI,https://salman-h-khan.github.io,M59O9lkAAAAJ,6172.0,42.0
Tim Baldwin,MBZUAI,https://mbzuai.ac.ae/study/faculty/professor-timothy-baldwin,wjBD1dkAAAAJ,18724.0,65.0
Mohsen Guizani,MBZUAI,https://mbzuai.ac.ae/study/faculty/professor-mohsen-guizani,RigrYkcAAAAJ,45345.0,92.0
Abdulmotaleb El-Saddik,MBZUAI,http://www.site.uottawa.ca/~elsaddik,VcOjgngAAAAJ,16775.0,58.0
Qirong Ho,MBZUAI,https://mbzuai.ac.ae/study/faculty/dr-qirong-ho,tR3AZbwAAAAJ,3586.0,24.0
Kun Zhang,MBZUAI,https://mbzuai.ac.ae/study/faculty/dr-kun-zhang,RGoypN4AAAAJ,8948.0,40.0
Rao Muhammad Anwer,MBZUAI,https://mbzuai.ac.ae/pages/rao-anwer,_KlvMVoAAAAJ,1702.0,19.0
Zhiqiang Xu,MBZUAI,https://mbzuai.ac.ae/pages/zhiqiang-xu,,,
Bin Gu,MBZUAI,https://mbzuai.ac.ae/study/faculty/bin-gu,Vo8OgCgAAAAJ,3131.0,24.0
Le Song,MBZUAI,http://www.cc.gatech.edu/~lsong,Xl4E0CsAAAAJ,21756.0,75.0
Fahad Shahbaz Khan,MBZUAI,https://sites.google.com/view/fahadkhans/home,,,
Shangsong Liang,MBZUAI,https://sites.google.com/site/shangsongliang/home,4uggVcIAAAAJ,1632.0,23.0
Hisham Cholakkal,MBZUAI,https://mbzuai.ac.ae/pages/hisham-cholakkal,bZ3YBRcAAAAJ,839.0,15.0
Martin Takác,MBZUAI,http://mtakac.com,qKQD-2cAAAAJ,5601.0,32.0
Karthik Nandakumar,MBZUAI,https://mbzuai.ac.ae/biomedia/dr-karthik-nandakumar,2qx0RnEAAAAJ,14193.0,36.0
Mohammad Yaqub,MBZUAI,https://mbzuai.ac.ae/biomedia/mohammad,9dfn5GkAAAAJ,962.0,17.0
Eric P. Xing,MBZUAI,http://www.cs.cmu.edu/~epxing,5pKTRxEAAAAJ,43663.0,104.0
Fakhreddine Karray,MBZUAI,https://uwaterloo.ca/scholar/karray,9_Hpd5kAAAAJ,16054.0,55.0
Huan Xiong,MBZUAI,https://mbzuai.ac.ae/pages/huan-xiong,l4hm14MAAAAJ,241.0,9.0
Hang Dai,MBZUAI,https://sites.google.com/view/3d-vision-lab/home,6yvjpQQAAAAJ,453.0,9.0
Hao Li,MBZUAI,https://mbzuai.ac.ae/study/faculty/hao-li,NFeigSoAAAAJ,9578.0,47.0
Stelios Asteriadis,Maastricht University,https://dke.maastrichtuniversity.nl/stelios.asteriadis,MzZME8sAAAAJ,1796.0,20.0
Gerasimos Spanakis,Maastricht University,https://dke.maastrichtuniversity.nl/jerry.spanakis,LiUXYVgAAAAJ,535.0,14.0
Siamak Mehrkanoon,Maastricht University,https://sites.google.com/view/siamak-mehrkanoon/homepage,sOSxU7sAAAAJ,991.0,20.0
Joël M. H. Karel,Maastricht University,https://dke.maastrichtuniversity.nl/joel.karel,QDYgJMEAAAAJ,690.0,12.0
Steven Kelk,Maastricht University,http://skelk.sdf-eu.org,Eoays_KFyQsC,1478.0,22.0
Pieter Collins,Maastricht University,https://dke.maastrichtuniversity.nl/pieter.collins,0p5ZVqsAAAAJ,1766.0,22.0
Katerina Stankova,Maastricht University,http://www.stankova.net,wYupkOAAAAAJ,590.0,14.0
Gijs Schoenmakers,Maastricht University,https://dke.maastrichtuniversity.nl/gm.schoenmakers,OnuIOdgAAAAJ,284.0,9.0
Jos Uiterwijk,Maastricht University,https://dke.maastrichtuniversity.nl/jos.uiterwijk,qK2Jwm0AAAAJ,3036.0,26.0
Ronald L. Westra,Maastricht University,https://dke.maastrichtuniversity.nl/ronald.westra,aL1iCW4AAAAJ,882.0,13.0
Nico Roos,Maastricht University,https://dke.maastrichtuniversity.nl/nico.roos,jvZueK0AAAAJ,1141.0,18.0
Alexia Briasouli,Maastricht University,https://sites.google.com/view/alexiab,t7KC74oAAAAJ,1309.0,19.0
Rachel Cavill,Maastricht University,https://www.maastrichtuniversity.nl/rachel.cavill,H56EnEYAAAAJ,2088.0,18.0
Matús Mihalák,Maastricht University,https://dke.maastrichtuniversity.nl/matus.mihalak,MQH1BVEAAAAJ,1653.0,22.0
Michel Dumontier,Maastricht University,https://www.maastrichtuniversity.nl/michel.dumontier,vyofzOcAAAAJ,15723.0,51.0
Frank Thuijsman,Maastricht University,https://dke.maastrichtuniversity.nl/f.thuijsman/site,OxPUGmwAAAAJ,1263.0,16.0
Cameron Browne,Maastricht University,http://cambolbro.com,e6dyku8AAAAJ,5233.0,19.0
Dimitrios Rafailidis,Maastricht University,http://www.drafail.eu,0aMmyHgAAAAJ,1313.0,21.0
Jan Paredis,Maastricht University,https://www.maastrichtuniversity.nl/j.paredis,hJqMjHYAAAAJ,1401.0,14.0
Kurt Driessens,Maastricht University,https://www.maastrichtuniversity.nl/kurt.driessens,rlUZtakAAAAJ,2392.0,23.0
Christof Seiler,Maastricht University,http://christofseiler.github.io,fxMt84EAAAAJ,543.0,14.0
Pietro Bonizzi,Maastricht University,https://www.maastrichtuniversity.nl/pietro.bonizzi,Y-zKXgsAAAAJ,608.0,10.0
Evgueni N. Smirnov,Maastricht University,https://www.maastrichtuniversity.nl/smirnov,zEfk244AAAAJ,408.0,11.0
Ralf L. M. Peeters,Maastricht University,https://www.maastrichtuniversity.nl/ralf.peeters,4gv6c1sAAAAJ,1521.0,20.0
Rico Möckel,Maastricht University,https://www.maastrichtuniversity.nl/rico.mockel,57dQcbgAAAAJ,1005.0,16.0
Gerhard Weiss,Maastricht University,http://www.weiss-gerhard.info,3TofHnIAAAAJ,17011.0,34.0
Mark H. M. Winands,Maastricht University,https://dke.maastrichtuniversity.nl/m.winands,5S6bWAwAAAAJ,2977.0,26.0
Young Choon Lee,Macquarie University,http://web.science.mq.edu.au/~yclee,Kuno2i4AAAAJ,5485.0,29.0
Deborah Richards,Macquarie University,http://web.science.mq.edu.au/~richards,p0BxAfAAAAAJ,4754.0,35.0
Yan Wang,Macquarie University,http://web.science.mq.edu.au/~yanwang,3h6_oVEAAAAJ,4635.0,38.0
Anthony M. Sloane,Macquarie University,https://researchers.mq.edu.au/en/persons/anthony-sloane,Rje58OMAAAAJ,3526.0,15.0
Alireza Jolfaei,Macquarie University,https://researchers.mq.edu.au/en/persons/alireza-jolfaei,i9FJ-icAAAAJ,3028.0,28.0
Michael Johnson,Macquarie University,http://web.science.mq.edu.au/~mike,wFYpEDAAAAAJ,5537.0,37.0
Jian Yang,Macquarie University,http://web.science.mq.edu.au/~jian,r5jS8eYAAAAJ,5936.0,40.0
Bernard Mans,Macquarie University,https://researchers.mq.edu.au/en/persons/bernard-mans,SAbvfFYAAAAJ,2171.0,28.0
Mark Dras,Macquarie University,http://web.science.mq.edu.au/~madras,r1gJsmAAAAAJ,2773.0,31.0
James Xi Zheng,Macquarie University,http://web.science.mq.edu.au/~jxzheng,SNfRGJoAAAAJ,2168.0,24.0
Hassan Jameel Asghar,Macquarie University,https://researchers.mq.edu.au/en/persons/hassan-asghar,qAW2S9rkzfMC,1310.0,16.0
Mark Johnson,Macquarie University,http://web.science.mq.edu.au/~mjohnson,Z_kok3sAAAAJ,20360.0,65.0
Mehmet A. Orgun,Macquarie University,http://web.science.mq.edu.au/~mehmet,FpZlwKUAAAAJ,6270.0,39.0
Dali Kaafar,Macquarie University,https://dali-kaafar.github.io,9DR87DQAAAAJ,5533.0,42.0
Muhammad Ikram,Macquarie University,https://researchers.mq.edu.au/en/persons/muhammad-ikram,vkSaUFwAAAAJ,827.0,15.0
Michael Hitchens,Macquarie University,https://researchers.mq.edu.au/en/persons/michael-hitchens,5-MmwxEAAAAJ,3488.0,32.0
Stephen Smith,Macquarie University,https://researchers.mq.edu.au/en/persons/stephen-smith,ZfOBLxUAAAAJ,767.0,11.0
Diego Mollá,Macquarie University,http://web.science.mq.edu.au/~diego,FZhJRQUAAAAJ,1895.0,21.0
Peter A. Busch,Macquarie University,http://web.science.mq.edu.au/~busch,2GoS_DUAAAAJ,1346.0,17.0
Zhu Sun,Macquarie University,https://researchers.mq.edu.au/en/persons/zhu-sun,kJy0fd8AAAAJ,918.0,16.0
Yipeng Zhou,Macquarie University,https://researchers.mq.edu.au/en/persons/yipeng-zhou,uv95RgUAAAAJ,1594.0,20.0
Jia Wu,Macquarie University,http://web.science.mq.edu.au/~jiawu/index.html,kbnFw94AAAAJ,5072.0,41.0
Steve Cassidy,Macquarie University,http://web.science.mq.edu.au/~cassidy,uUa7GZsAAAAJ,1698.0,21.0
Xuyun Zhang,Macquarie University,https://researchers.mq.edu.au/en/persons/xuyun-zhang,wbF6HL8AAAAJ,6203.0,42.0
Guanfeng Liu,Macquarie University,http://web.science.mq.edu.au/~gliu,6P6EnQkAAAAJ,2538.0,26.0
Malcolm Ryan,Macquarie University,https://researchers.mq.edu.au/en/persons/malcolm-ryan,zETJIuoAAAAJ,865.0,14.0
Michael Sheng,Macquarie University,http://web.science.mq.edu.au/~qsheng,lwy2C5YAAAAJ,15986.0,57.0
Amin Beheshti,Macquarie University,https://researchers.mq.edu.au/en/persons/amin-beheshti,Uw1OLAgAAAAJ,2211.0,27.0
Tao Gu,Macquarie University,https://taogu.site,YfeWvwYAAAAJ,10764.0,44.0
A. K. McIver,Macquarie University,https://researchers.mq.edu.au/en/persons/annabelle-mciver,9fvUO9QAAAAJ,3757.0,31.0
Pavel Celeda,Masaryk University,https://www.muni.cz/en/people/206086,19TG5q8AAAAJ,2095.0,22.0
Jozef Gruska,Masaryk University,https://www.muni.cz/en/people/3026,,,
Ivana Cerna,Masaryk University,https://www.muni.cz/en/people/1419,ktCv0pkAAAAJ,2055.0,24.0
Vaclav Prenosil,Masaryk University,https://www.muni.cz/en/people/169249,BPGmx7YAAAAJ,1259.0,22.0
Jirí Zlatuska,Masaryk University,https://www.muni.cz/en/people/1777,,,
Ludek Matyska,Masaryk University,https://www.muni.cz/en/people/1904,XA85OFQAAAAJ,1413.0,20.0
Lubomír Popelínský,Masaryk University,https://www.muni.cz/en/people/1945,,,
Eva Hladká,Masaryk University,https://www.muni.cz/en/people/2053,8cg5zgYAAAAJ,355.0,10.0
Michal Kozubek,Masaryk University,https://www.muni.cz/en/people/3740,y-Vc8W4AAAAJ,4233.0,35.0
Petr Sojka,Masaryk University,https://www.muni.cz/en/people/2378,9piza88AAAAJ,5557.0,19.0
Michal Brandejs,Masaryk University,https://www.muni.cz/en/people/2116,,,
Petr Holub,Masaryk University,https://www.muni.cz/en/people/3248,,,
Jan Bouda,Masaryk University,https://www.muni.cz/en/people/3717,To23LQMAAAAJ,1306.0,11.0
Jan Strejcek,Masaryk University,https://www.muni.cz/en/people/3366,2Bdz-iAAAAAJ,1057.0,18.0
Vashek Matyas,Masaryk University,https://www.muni.cz/en/people/344,x6uv-rkAAAAJ,2266.0,19.0
Pavel Rychlý,Masaryk University,https://www.muni.cz/en/people/3692,AQJK5pMAAAAJ,5661.0,24.0
Fotis Liarokapis,Masaryk University,https://www.muni.cz/en/people/235197,snY7XXkAAAAJ,5273.0,36.0
David Smahel,Masaryk University,https://www.muni.cz/en/people/3068,LKs73BQAAAAJ,5919.0,29.0
Achim Blumensath,Masaryk University,https://www.muni.cz/en/people/237782,AycsmlQAAAAJ,968.0,14.0
Lubos Brim,Masaryk University,https://www.muni.cz/en/people/197,-EvkffIAAAAJ,3671.0,34.0
Antonín Kucera,Masaryk University,https://www.muni.cz/en/people/2508,HxIvytQAAAAJ,2689.0,29.0
Jiri Barnat,Masaryk University,https://www.muni.cz/en/people/3496,Z9ZkOdcAAAAJ,3113.0,33.0
Barbora Kozlíková,Masaryk University,https://www.muni.cz/en/people/60850,0hMZracAAAAJ,1986.0,16.0
Jiri Sochor,Masaryk University,https://www.muni.cz/en/people/2446,kd3m5-4AAAAJ,2243.0,15.0
Tomás Pitner,Masaryk University,https://www.muni.cz/en/people/94,bX-cpaoAAAAJ,1004.0,16.0
Vojtech Rehák,Masaryk University,https://www.fi.muni.cz/~xrehak,ecYKcckAAAAJ,510.0,11.0
Hana Rudová,Masaryk University,https://www.muni.cz/en/people/3840,wuykjtQAAAAJ,1780.0,22.0
Petr Matula,Masaryk University,https://www.muni.cz/en/people/3019,_J1EjksAAAAJ,2207.0,20.0
Ales Horák,Masaryk University,https://www.muni.cz/en/people/1648,lBJuYA8AAAAJ,1212.0,17.0
Jan Obdrzálek,Masaryk University,https://www.muni.cz/en/people/1552,x9S-uaAAAAAJ,1350.0,21.0
Petr Svenda,Masaryk University,https://crocs.fi.muni.cz/people/svenda,sAA8_ysAAAAJ,617.0,12.0
Mojmír Kretínský,Masaryk University,https://www.muni.cz/en/people/631,CcXNE7YAAAAJ,485.0,12.0
Petr Hlinený,Masaryk University,https://www.muni.cz/en/people/168881,6gR2tBkAAAAJ,2507.0,28.0
Pavel Zezula,Masaryk University,https://www.muni.cz/en/people/47485,EHIdRAYAAAAJ,7501.0,33.0
David Svoboda,Masaryk University,https://www.muni.cz/en/people/2824,PsOjZrUAAAAJ,1461.0,15.0
Bara Buhnova,Masaryk University,https://www.muni.cz/en/people/39394,3J7jHK4AAAAJ,1984.0,20.0
Tomás Brázdil,Masaryk University,https://www.muni.cz/en/people/4074,4Mp6OSYAAAAJ,1682.0,23.0
Vlastislav Dohnal,Masaryk University,https://www.muni.cz/en/people/2952,Vmj26i4AAAAJ,1880.0,13.0
Pavel Matula,Masaryk University,https://www.muni.cz/en/people/2927,_J1EjksAAAAJ,2247.0,20.0
Daniel Král,Masaryk University,https://www.muni.cz/en/people/44742,crv1hRwAAAAJ,3695.0,31.0
Karel Pala,Masaryk University,https://www.muni.cz/en/people/455,BMgQNWMAAAAJ,1361.0,16.0
Radek Pelánek,Masaryk University,https://www.muni.cz/en/people/4297,Q5pgzoUAAAAJ,3114.0,30.0
Khaled M. Elbassioni,Masdar Institute,https://www.masdar.ac.ae/aboutus/management/faculty-directory/item/5982-khaled-elbassioni,Z2AxaZYAAAAJ,353.0,10.0
Chi-Kin Chau,Masdar Institute,https://www.masdar.ac.ae/component/k2/item/5718-sid-chi-kin-chau,RBHNdYkAAAAJ,2192.0,28.0
Mahmoud Rasras,Masdar Institute,https://www.masdar.ac.ae/aboutus/management/faculty-directory/item/5980-mahmoud-s-rasras,O4yH6_cAAAAJ,3400.0,28.0
Talal Rahwan,Masdar Institute,https://www.masdar.ac.ae/component/k2/item/6281-talal-rahwan,eoBU6GwAAAAJ,3287.0,31.0
Ammar Nayfeh,Masdar Institute,https://www.masdar.ac.ae/aboutus/management/faculty-directory/item/6269-ammar-nayfeh,skuHLHgAAAAJ,2288.0,24.0
Aamena Al Shamsi,Masdar Institute,https://www.masdar.ac.ae/aboutus/management/faculty-directory/item/6602-aamena-ali-al-shamsi,45uuU3gAAAAJ,413.0,9.0
Majid Khonji,Masdar Institute,https://www.masdar.ac.ae/aboutus/management/faculty-directory/item/6707-majid-khonji,Z2AxaZYAAAAJ,343.0,10.0
Mohamed Elmoursi,Masdar Institute,https://www.masdar.ac.ae/component/k2/item/5703-mohamed-shawky-elmoursi,--y-03QAAAAJ,5163.0,38.0
Mihai A. T. Sanduleanu,Masdar Institute,https://www.masdar.ac.ae/aboutus/management/faculty-directory/item/5662-mihai-sanduleanu,paPk6boAAAAJ,1535.0,22.0
Zeyar Aung,Masdar Institute,https://www2.masdar.ac.ae/aboutus/management/faculty-directory/item/5734-zeyar-aung,FPTI7B4AAAAJ,1805.0,23.0
Davor Svetinovic,Masdar Institute,https://www.masdar.ac.ae/aboutus/management/faculty-directory/item/5669-davor-svetinovic,LpV-B0IAAAAJ,3775.0,31.0
Ibrahim Abe M. Elfadel,Masdar Institute,https://www.masdar.ac.ae/aboutus/management/faculty-directory/item/5680-ibrahim-elfadel,KPNo8hIAAAAJ,24276.0,47.0
Mohamed Al Hosani,Masdar Institute,https://www2.masdar.ac.ae/aboutus/management/faculty-directory/item/6318-mohamed-al-hosani,uB5LmJoAAAAJ,999.0,16.0
Jaime Viegas,Masdar Institute,https://www.masdar.ac.ae/aboutus/management/faculty-directory/item/5686-jaime-viegas,R97KDQ0AAAAJ,1278.0,20.0
Marcus Dahlem,Masdar Institute,https://www.masdar.ac.ae/aboutus/management/faculty-directory/item/5693-marcus-dahlem,1ioM-GYAAAAJ,2378.0,28.0
Wei Lee Woon,Masdar Institute,https://www.masdar.ac.ae/aboutus/management/faculty-directory/item/5730-wei-lee-woon,cmHsRGoAAAAJ,2828.0,25.0
Andreas Henschel,Masdar Institute,https://www2.masdar.ac.ae/aboutus/management/faculty-directory/item/5665-andreas-henschel,jenl24IAAAAJ,1219.0,15.0
Vassilevska Williams,Massachusetts Institute of Technology,http://theory.stanford.edu/~virgi,Wph6P_IAAAAJ,5735.0,36.0
Hal Abelson,Massachusetts Institute of Technology,http://groups.csail.mit.edu/mac/users/hal/hal.html,,,
Jonathan Ragan-Kelley,Massachusetts Institute of Technology,https://people.eecs.berkeley.edu/~jrk,nBcay4oAAAAJ,4135.0,26.0
Wojciech Matusik,Massachusetts Institute of Technology,http://people.csail.mit.edu/wojciech,wbIMbL8AAAAJ,21225.0,76.0
Stefanie Mueller,Massachusetts Institute of Technology,https://www.csail.mit.edu/user/4778,ki5wlPEAAAAJ,1864.0,21.0
Anant Agarwal,Massachusetts Institute of Technology,https://www.csail.mit.edu/user/723,E6XXUFcAAAAJ,24894.0,74.0
Tomás Lozano-Pérez,Massachusetts Institute of Technology,http://people.csail.mit.edu/tlp,gQOKAggAAAAJ,30923.0,62.0
Alan S. Willsky,Massachusetts Institute of Technology,http://ssg.mit.edu/~willsky,XYy_Nm4AAAAJ,54664.0,99.0
Randall Davis,Massachusetts Institute of Technology,https://www.csail.mit.edu/user/805,G-HM2ikAAAAJ,21852.0,62.0
Andrew Lo,Massachusetts Institute of Technology,http://alo.mit.edu,4M-iGXMAAAAJ,191.0,7.0
Gregory W. Wornell,Massachusetts Institute of Technology,http://allegro.mit.edu/~gww,bSpGhYcAAAAJ,41854.0,66.0
Tim Kraska,Massachusetts Institute of Technology,http://cs.brown.edu/~kraskat,biuxbRsAAAAJ,10483.0,51.0
R. Ryan Williams,Massachusetts Institute of Technology,http://web.stanford.edu/~rrwill,Wp38QQYAAAAJ,7517.0,25.0
Nir Shavit,Massachusetts Institute of Technology,http://people.csail.mit.edu/shanir,,,
Erik D. Demaine,Massachusetts Institute of Technology,http://erikdemaine.org,6Ff2c8wAAAAJ,22979.0,74.0
Daniel Sánchez,Massachusetts Institute of Technology,http://people.csail.mit.edu/sanchez,gzIKHjIAAAAJ,29417.0,59.0
Daniela Rus,Massachusetts Institute of Technology,https://www.csail.mit.edu/user/876,910z20QAAAAJ,55818.0,125.0
Caroline Uhler,Massachusetts Institute of Technology,https://www.carolineuhler.com,dIJFcaoAAAAJ,3244.0,29.0
Saman P. Amarasinghe,Massachusetts Institute of Technology,http://people.csail.mit.edu/saman,cF6i_goAAAAJ,25181.0,71.0
Ronitt Rubinfeld,Massachusetts Institute of Technology,http://people.csail.mit.edu/ronitt,pZhZndYAAAAJ,9225.0,45.0
Martin C. Rinard,Massachusetts Institute of Technology,http://people.csail.mit.edu/rinard,hxlxVEUAAAAJ,20972.0,72.0
Yury Polyanskiy,Massachusetts Institute of Technology,http://www.mit.edu/~ypol,,,
Collin M. Stultz,Massachusetts Institute of Technology,https://imes.mit.edu/people/faculty/stultz-collin,,,
Patrick H. Winston,Massachusetts Institute of Technology,http://people.csail.mit.edu/phw,,,
Marzyeh Ghassemi,Massachusetts Institute of Technology,http://www.marzyehghassemi.com,9RyeFYwAAAAJ,4442.0,34.0
V. Vinod,Massachusetts Institute of Technology,http://www.mit.edu/~vinodv,a8jIPIkAAAAJ,23715.0,60.0
Tamara Broderick,Massachusetts Institute of Technology,http://www.tamarabroderick.com,dPX0wQcAAAAJ,2298.0,24.0
Pablo A. Parrilo,Massachusetts Institute of Technology,http://www.mit.edu/~parrilo,s_IPfEYAAAAJ,24189.0,59.0
Qing Hu,Massachusetts Institute of Technology,http://www.rle.mit.edu/thz/people/qing-hu,wYOf7YQAAAAJ,10498.0,59.0
Jacob K. White,Massachusetts Institute of Technology,http://www.rle.mit.edu/cpg/people_faculty.htm,4lpSV-8AAAAJ,197.0,8.0
Patrick Jaillet,Massachusetts Institute of Technology,http://web.mit.edu/jaillet/www,ND0FM6EAAAAJ,9816.0,48.0
Marvin Minsky,Massachusetts Institute of Technology,http://web.media.mit.edu/~minsky,,,
Fadel Adib,Massachusetts Institute of Technology,http://www.mit.edu/~fadel,OxKLBqwAAAAJ,4803.0,21.0
Vivienne Sze,Massachusetts Institute of Technology,http://www.rle.mit.edu/eems,hNWGC5QAAAAJ,13888.0,45.0
Luca Daniel,Massachusetts Institute of Technology,http://www.mit.edu/~dluca,JtPNrS8AAAAJ,10998.0,27.0
Joel Voldman,Massachusetts Institute of Technology,http://www.rle.mit.edu/biomicro,,,
John L. Wyatt,Massachusetts Institute of Technology,http://www.rle.mit.edu/bio-wyatt,Xzaz7iwAAAAJ,4.0,1.0
Adam Chlipala,Massachusetts Institute of Technology,http://adam.chlipala.net,Imh0w3AAAAAJ,3672.0,29.0
Asuman E. Ozdaglar,Massachusetts Institute of Technology,https://asu.mit.edu,GcuxcLYAAAAJ,28424.0,68.0
Arvind,Massachusetts Institute of Technology,http://csg.csail.mit.edu/Users/arvind,P0hz-8UAAAAJ,43316.0,99.0
Erich P. Ippen,Massachusetts Institute of Technology,http://web.mit.edu/physics/people/faculty/ippen_erich.html,5RfBYzcAAAAJ,50290.0,115.0
Stefanie Jegelka,Massachusetts Institute of Technology,http://people.csail.mit.edu/stefje,gTWUZlsAAAAJ,9937.0,41.0
Phillip Isola,Massachusetts Institute of Technology,http://web.mit.edu/phillipi,ROILf3EAAAAJ,43577.0,37.0
Muriel Médard,Massachusetts Institute of Technology,http://www.rle.mit.edu/ncrc,6_oL_9IAAAAJ,36785.0,79.0
Antonio Torralba,Massachusetts Institute of Technology,http://web.mit.edu/torralba/www,8cxDHS4AAAAJ,93276.0,124.0
Ankur Moitra,Massachusetts Institute of Technology,http://people.csail.mit.edu/moitra,umFQktIAAAAJ,5612.0,37.0
Jing Kong,Massachusetts Institute of Technology,http://www.rle.mit.edu/nmeg,w0iKa2kAAAAJ,86133.0,132.0
John N. Tsitsiklis,Massachusetts Institute of Technology,http://www.mit.edu/~jnt/home.html,bWTPrLEAAAAJ,61298.0,93.0
William T. Peake,Massachusetts Institute of Technology,http://www.rle.mit.edu/peake,,,
Jae S. Lim,Massachusetts Institute of Technology,http://www.rle.mit.edu/people/directory/jae-lim,ClH0XTsAAAAJ,1282.0,18.0
David J. Perreault,Massachusetts Institute of Technology,http://www.rle.mit.edu/perreault,DGqqwrQAAAAJ,12868.0,62.0
Michael J. Watts,Massachusetts Institute of Technology,http://www.rle.mit.edu/pmg/people,tlFJkmYAAAAJ,37580.0,75.0
Rob Miller,Massachusetts Institute of Technology,http://www.mit.edu/~rcm,1MK2_tMAAAAJ,32548.0,44.0
Rajeev J. Ram,Massachusetts Institute of Technology,http://www.rle.mit.edu/sclaser,KSukVvIAAAAJ,13252.0,58.0
Collin Stultz,Massachusetts Institute of Technology,http://www.rle.mit.edu/stultz,,,
Dirk Englund,Massachusetts Institute of Technology,http://www.rle.mit.edu/qp,ZFpENKoAAAAJ,26374.0,82.0
Peter Szolovits,Massachusetts Institute of Technology,http://groups.csail.mit.edu/medg/people/psz,1LuGqFQAAAAJ,19980.0,65.0
Ron Rivest,Massachusetts Institute of Technology,http://people.csail.mit.edu/rivest,6qE0tdAAAAAJ,152265.0,105.0
Charles E. Leiserson,Massachusetts Institute of Technology,http://people.csail.mit.edu/cel,gWBoNCsAAAAJ,91798.0,65.0
Rahul Sarpeshkar,Massachusetts Institute of Technology,http://www.rle.mit.edu/acbs,1UbzzQcAAAAJ,12674.0,54.0
Russ Tedrake,Massachusetts Institute of Technology,https://groups.csail.mit.edu/locomotion/russt.html,nxNkEiYAAAAJ,15820.0,66.0
Albert R. Meyer,Massachusetts Institute of Technology,http://people.csail.mit.edu/meyer,yRTPMIUAAAAJ,15712.0,51.0
Regina Barzilay,Massachusetts Institute of Technology,http://people.csail.mit.edu/regina,,,
Leslie Pack Kaelbling,Massachusetts Institute of Technology,http://people.csail.mit.edu/lpk,IcasIiwAAAAJ,35229.0,65.0
Jeffrey H. Lang,Massachusetts Institute of Technology,http://eecsfacweb.mit.edu/facpages/lang.html,rQf4yDAAAAAJ,3972.0,32.0
Mohammad Alizadeh,Massachusetts Institute of Technology,https://people.csail.mit.edu/alizadeh,6_cxCKQAAAAJ,12897.0,52.0
Michael Carbin,Massachusetts Institute of Technology,http://people.csail.mit.edu/mcarbin,mtejbKYAAAAJ,5625.0,25.0
Robert Tappan Morris,Massachusetts Institute of Technology,https://pdos.csail.mit.edu/~rtm,in6eBIwAAAAJ,73182.0,81.0
Seth J. Teller,Massachusetts Institute of Technology,https://people.csail.mit.edu/teller,I6sTssIAAAAJ,17305.0,61.0
Manolis Kellis,Massachusetts Institute of Technology,http://mit.edu/manoli,lsYXBx8AAAAJ,134946.0,131.0
Silvio Micali,Massachusetts Institute of Technology,https://people.csail.mit.edu/silvio,,,
Nickolai Zeldovich,Massachusetts Institute of Technology,https://people.csail.mit.edu/nickolai,DJ6--hMAAAAJ,13702.0,54.0
Barbara H. Liskov,Massachusetts Institute of Technology,https://www.csail.mit.edu/user/971,,,
Daniel Jackson,Massachusetts Institute of Technology,http://people.csail.mit.edu/dnj,_hAP7BgAAAAJ,16272.0,29.0
Elfar Adalsteinsson,Massachusetts Institute of Technology,http://www.rle.mit.edu/adalsteinsson,,,
Nancy A. Lynch,Massachusetts Institute of Technology,https://people.csail.mit.edu/lynch,LPTkkxUAAAAJ,41202.0,78.0
Srinivas Devadas,Massachusetts Institute of Technology,https://people.csail.mit.edu/devadas,y80AokkAAAAJ,41208.0,100.0
Robert C. Berwick,Massachusetts Institute of Technology,https://lids.mit.edu/people/facultypi/robert-berwick,7xH1C7IAAAAJ,12915.0,48.0
Dan Huttenlocher,Massachusetts Institute of Technology,https://web.mit.edu/hutt/www,q16KVs0AAAAJ,44873.0,71.0
Bonnie Berger,Massachusetts Institute of Technology,https://people.csail.mit.edu/bab,bYjKaowAAAAJ,26077.0,72.0
John V. Guttag,Massachusetts Institute of Technology,http://nms.csail.mit.edu/~guttag,TvyZkdwAAAAJ,23769.0,68.0
Alexandre Megretski,Massachusetts Institute of Technology,https://lids.mit.edu/people/facultypi/alexandre-megretski,ZO8UTIUAAAAJ,5792.0,32.0
Frédo Durand,Massachusetts Institute of Technology,http://people.csail.mit.edu/fredo,NJ9c4ygAAAAJ,41311.0,94.0
Manya Ghobadi,Massachusetts Institute of Technology,http://people.csail.mit.edu/ghobadi,M78g4SAAAAAJ,2548.0,24.0
Julian Shun,Massachusetts Institute of Technology,http://people.csail.mit.edu/jshun,BGh9WU4AAAAJ,3241.0,26.0
Aleksander Madry,Massachusetts Institute of Technology,https://people.csail.mit.edu/madry,SupjsEUAAAAJ,14808.0,37.0
Steven B. Leeb,Massachusetts Institute of Technology,http://meche.mit.edu/people/faculty/SBLEEB@Massachusetts Institute of Technology.EDU,,,
Bruce Tidor,Massachusetts Institute of Technology,http://mit.edu/tidor,0YlwI5MAAAAJ,21085.0,62.0
Constantinos Daskalakis,Massachusetts Institute of Technology,http://people.csail.mit.edu/costis,iTv2cOgAAAAJ,8225.0,50.0
Piotr Indyk,Massachusetts Institute of Technology,https://people.csail.mit.edu/indyk,oOwNKsAAAAAJ,39125.0,81.0
Berthold K. P. Horn,Massachusetts Institute of Technology,http://people.csail.mit.edu/bkph,uWsBKQ0AAAAJ,53473.0,61.0
M. Frans Kaashoek,Massachusetts Institute of Technology,https://pdos.csail.mit.edu/archive/kaashoek,YCoLskoAAAAJ,60615.0,95.0
Hari Balakrishnan,Massachusetts Institute of Technology,http://nms.lcs.mit.edu/~hari,Qf4bw4UAAAAJ,137383.0,124.0
Joel Moses,Massachusetts Institute of Technology,https://esd.mit.edu/Faculty_Pages/moses/moses.htm,,,
Jacob Andreas,Massachusetts Institute of Technology,https://web.mit.edu/jda/www,dnZ8udEAAAAJ,5266.0,30.0
Armando Solar-Lezama,Massachusetts Institute of Technology,https://people.csail.mit.edu/asolar,8BX3BokAAAAJ,7071.0,39.0
David A. Sontag,Massachusetts Institute of Technology,http://cs.nyu.edu/~dsontag,LfcroyAAAAAJ,12527.0,44.0
David Gifford,Massachusetts Institute of Technology,http://cgs.csail.mit.edu,,,
Justin M. Solomon,Massachusetts Institute of Technology,http://people.csail.mit.edu/jsolomon,pImSVwoAAAAJ,7050.0,34.0
Sam Madden,Massachusetts Institute of Technology,http://db.csail.mit.edu/madden,a1ngrCIAAAAJ,58719.0,106.0
Julie A. Shah,Massachusetts Institute of Technology,http://people.csail.mit.edu/julie_a_shah,-fPI9LgAAAAJ,6476.0,39.0
Bill Freeman,Massachusetts Institute of Technology,https://billf.mit.edu,0zZnyMEAAAAJ,87032.0,123.0
Devavrat Shah,Massachusetts Institute of Technology,http://www.mit.edu/~devavrat,3qPiYJoAAAAJ,18813.0,61.0
Dina Katabi,Massachusetts Institute of Technology,http://people.csail.mit.edu/dina,nst5fHgAAAAJ,32520.0,79.0
Duane S. Boning,Massachusetts Institute of Technology,https://www-mtl.mit.edu/wpmu/researchgroupsboning/boning,oIdI_PcAAAAJ,7453.0,45.0
David R. Karger,Massachusetts Institute of Technology,http://people.csail.mit.edu/karger,2vQRGrYAAAAJ,69088.0,96.0
Ron Weiss,Massachusetts Institute of Technology,https://be.mit.edu/directory/ron-weiss,_VhMIOIAAAAJ,69986.0,45.0
Victor W. Zue,Massachusetts Institute of Technology,https://www.csail.mit.edu/user/1522,uvsx5WUAAAAJ,10.0,2.0
Max M. Shulaker,Massachusetts Institute of Technology,https://www.eecs.mit.edu/people/faculty/max-shulaker,ac1SojMAAAAJ,3871.0,26.0
Tommi S. Jaakkola,Massachusetts Institute of Technology,https://people.csail.mit.edu/tommi,Ao4gtsYAAAAJ,42199.0,91.0
Stephen A. Ward,Massachusetts Institute of Technology,https://www.csail.mit.edu/user/1517,0iSggMcAAAAJ,9319.0,49.0
Christina Delimitrou,Massachusetts Institute of Technology,http://www.csl.cornell.edu/~delimitrou,OziQjUsAAAAJ,3843.0,22.0
Gerald J. Sussman,Massachusetts Institute of Technology,https://www.csail.mit.edu/user/1512,,,
Adam Belay,Massachusetts Institute of Technology,https://engineering.mit.edu/faculty-research/year-2017,AKQec5wAAAAJ,2176.0,15.0
Polina Golland,Massachusetts Institute of Technology,https://www.csail.mit.edu/person/polina-golland,,,
Hae-Seung Lee,Massachusetts Institute of Technology,http://www-mtl.mit.edu/researchgroups/hslee,uLOkoQYAAAAJ,2985.0,20.0
Catherine McCartin,Massey University,http://www.massey.ac.nz/massey/expertise/profile.cfm?stref=104630,,,
Xiang Gui,Massey University,http://www.massey.ac.nz/massey/expertise/profile.cfm?stref=602830,x1ngDN4AAAAJ,3578.0,31.0
Bill Wang,Massey University,http://www.massey.ac.nz/massey/learning/colleges/college-of-sciences/staff-list.cfm?stref=059250,eVKmvDYAAAAJ,611.0,13.0
Nihal P. Jayamaha,Massey University,http://www.massey.ac.nz/massey/expertise/profile.cfm?stref=416150,qlv3bDwAAAAJ,414.0,10.0
Giovanni Moretti,Massey University,http://www.massey.ac.nz/massey/expertise/profile.cfm?stref=455100,,,
Amjed Tahir,Massey University,http://www.massey.ac.nz/massey/expertise/profile.cfm?stref=481450,bEw-I00AAAAJ,461.0,13.0
Huub H. C. Bakker,Massey University,http://www.massey.ac.nz/massey/expertise/profile.cfm?stref=944130,dGvwscoAAAAJ,432.0,11.0
Johan Potgieter,Massey University,http://www.massey.ac.nz/massey/expertise/profile.cfm?stref=914630,,,
Liqiong Tang,Massey University,http://www.massey.ac.nz/massey/expertise/profile.cfm?stref=715330,,,
S. C. Mukhopadhyay,Massey University,http://www.massey.ac.nz/massey/expertise/profile.cfm?stref=265530,bpwXxYEAAAAJ,17163.0,67.0
Ken Mercer,Massey University,http://www.massey.ac.nz/massey/expertise/profile.cfm?stref=531330,,,
Ibrahim Al-Bahadly,Massey University,http://www.massey.ac.nz/massey/expertise/profile.cfm?stref=576330,,,
Frazer K. Noble,Massey University,http://www.massey.ac.nz/massey/expertise/profile.cfm?stref=803250,,,
Nigel Grigg,Massey University,http://www.massey.ac.nz/massey/expertise/profile.cfm?stref=769630,BJxezqsAAAAJ,1459.0,22.0
Rashid Rashid,Massey University,http://www.massey.ac.nz/massey/expertise/profile.cfm?stref=721530,,,
Don Cleland,Massey University,http://www.massey.ac.nz/massey/expertise/profile.cfm?stref=535300,2fWJcgsAAAAJ,3226.0,29.0
Sanjay Mathrani,Massey University,http://www.massey.ac.nz/massey/expertise/profile.cfm?stref=534040,JXQvDqEAAAAJ,371.0,9.0
Eva Heinrich,Massey University,http://www.massey.ac.nz/massey/learning/colleges/college-of-sciences/staff-profile.cfm?stref=474230,yYMCSSwAAAAJ,760.0,14.0
Rezaul Hasan,Massey University,http://www.massey.ac.nz/massey/expertise/profile.cfm?stref=648830,mDiFYcYAAAAJ,1048.0,16.0
Henning Koehler,Massey University,http://www.massey.ac.nz/massey/learning/colleges/college-of-sciences/staff-list.cfm?stref=727830,,,
Faraz Hasan,Massey University,http://www.massey.ac.nz/massey/expertise/profile.cfm?stref=572350,sL4S7W0AAAAJ,1206.0,17.0
Richard Haverkamp,Massey University,http://www.massey.ac.nz/massey/expertise/profile.cfm?stref=627430,UanjyZMAAAAJ,4748.0,39.0
Moi-Tin Chew,Massey University,https://www.massey.ac.nz/massey/learning/colleges/college-of-sciences/staff-profile.cfm?stref=505530,,,
Alan C. Wright,Massey University,http://www.massey.ac.nz/massey/expertise/profile.cfm?stref=110200,gVSfxdgAAAAJ,5510.0,36.0
Steven Dirven,Massey University,https://www.massey.ac.nz/massey/learning/colleges/college-of-sciences/staff-profile.cfm?stref=965350,rvPYZxYAAAAJ,385.0,11.0
S. M. Rezaul Hasan,Massey University,http://www.massey.ac.nz/~smhasan,mDiFYcYAAAAJ,1051.0,16.0
Aruna Shekar,Massey University,http://www.massey.ac.nz/massey/expertise/profile.cfm?stref=202330,r_r5RigAAAAJ,107.0,7.0
Stephen Marsland,Massey University,http://www.massey.ac.nz/massey/expertise/profile.cfm?stref=895830,XfFhVhAAAAAJ,7595.0,32.0
Donald Bailey,Massey University,http://www.massey.ac.nz/massey/expertise/profile.cfm?stref=282130,kbZTGusAAAAJ,4164.0,31.0
Paul J. Lyons,Massey University,http://www.massey.ac.nz/massey/expertise/profile.cfm?stref=511200,6-A0HbEAAAAJ,5282.0,34.0
Sunil Lal,Massey University,https://www.massey.ac.nz/massey/learning/colleges/college-of-sciences/staff-list.cfm?stref=340450,mv_NRaEAAAAJ,5108.0,40.0
Serge Demidenko,Massey University,https://www.massey.ac.nz/massey/learning/colleges/college-of-sciences/staff-profile.cfm?stref=601530,0DcFUWkAAAAJ,1901.0,25.0
Kudakwashe Dube,Massey University,http://www.massey.ac.nz/massey/expertise/profile.cfm?stref=844040,XKD3U7gAAAAJ,721.0,15.0
Rachel Blagojevic,Massey University,https://www.massey.ac.nz/massey/learning/colleges/college-of-sciences/staff-profile.cfm?stref=380350,22gHgyAAAAAJ,426.0,12.0
Rory C. Flemmer,Massey University,https://www.massey.ac.nz/massey/learning/colleges/college-of-sciences/staff-profile.cfm?stref=240930,,,
