Name,affiliation,homepage,scholar-id,citations,h-index
Eatai Roth,Indiana University,http://www.eatairoth.com,Wf_rspwAAAAJ,690.0,12.0
Susan C. Herring,Indiana University,https://ella.sice.indiana.edu/~herring/index.html,atKhRwEAAAAJ,32296.0,66.0
Eli Blevis,Indiana University,http://eli.informatics.indiana.edu,2BK-UYQAAAAJ,3688.0,27.0
Santo Fortunato,Indiana University,https://www.santofortunato.net,NDrCCokAAAAJ,39766.0,57.0
XiaoFeng Wang,Indiana University,http://www.informatics.indiana.edu/xw7,pONu-5EAAAAJ,12308.0,58.0
Amanda F. Mejia,Indiana University,https://mandymejia.com,HS9XWtAAAAAJ,627.0,14.0
L. Jean Camp,Indiana University,http://ljean.com,wJPGa2IAAAAJ,5379.0,42.0
Pnina Fichman,Indiana University,https://ella.sice.indiana.edu/~fichman,KpiNE84AAAAJ,3160.0,25.0
Katy Börner,Indiana University,http://info.ils.indiana.edu/~katy,YirSp_cAAAAJ,13827.0,50.0
Paul Macklin,Indiana University,http://mathcancer.org,zUorXGEAAAAJ,4201.0,28.0
Hongyang Gao,Iowa State University,https://faculty.sites.iastate.edu/hygao,jGmq0aEAAAAJ,1438.0,11.0
Ali Jannesari,Iowa State University,https://www.cs.iastate.edu/swapp/people/ali-jannesari,YhWnhQEAAAAJ,855.0,16.0
Johnny S. Wong,Iowa State University,http://www.cs.iastate.edu/people/johnny-wong,qa9dTwkAAAAJ,2793.0,27.0
Qi Li,Iowa State University,https://www.cs.iastate.edu/people/qi-li,Gvld0foAAAAJ,2459.0,21.0
Forrest Sheng Bao,Iowa State University,https://www.cs.iastate.edu/people/forrest-sheng-bao,XWpFf0IAAAAJ,2722.0,20.0
Sourabh Bhattacharya,Iowa State University,https://www.cs.iastate.edu/people/sourabh-bhattacharya,2nLY4NUAAAAJ,1446.0,19.0
Zhu Zhang,Iowa State University,https://www.cs.iastate.edu/people/zhu-drew-zhang,DX3eUacAAAAJ,3542.0,27.0
Andrew S. Miner,Iowa State University,http://www.cs.iastate.edu/~asminer,iCWiQi8AAAAJ,1756.0,21.0
Tichakorn Wongpiromsarn,Iowa State University,https://faculty.sites.iastate.edu/nok,oclUWQEAAAAJ,2423.0,25.0
Christopher J. Quinn,Iowa State University,https://www.cs.iastate.edu/people/christopher-quinn,oXWIgXcAAAAJ,777.0,11.0
Ying Cai,Iowa State University,http://www.cs.iastate.edu/~yingcai,N3Jc1zMAAAAJ,3627.0,24.0
Hridesh Rajan,Iowa State University,http://www.cs.iastate.edu/~hridesh,aiFvpucAAAAJ,3681.0,28.0
Soma Chaudhuri,Iowa State University,http://www.cs.iastate.edu/~chaudhur,uTqQopAAAAAJ,1501.0,15.0
David Fernández-Baca,Iowa State University,http://www.cs.iastate.edu/~fernande,38ev4xkAAAAJ,2467.0,24.0
Abusayeed M. Saifullah,Iowa State University,https://www.cs.iastate.edu/abu,CYwffSUAAAAJ,4478.0,29.0
Shashi K. Gadia,Iowa State University,http://www.cs.iastate.edu/~gadia,Iic0vOQAAAAJ,4255.0,23.0
James I. Lathrop,Iowa State University,https://www.cs.iastate.edu/people/jim-lathrop,PxyBS_YAAAAJ,584.0,13.0
Myra B. Cohen,Iowa State University,https://www.cs.iastate.edu/people/myra-cohen,i_XdxLcAAAAJ,7097.0,40.0
Wei Le,Iowa State University,http://www.cs.iastate.edu/~weile,QjFu7LEAAAAJ,3595.0,27.0
Lu Ruan,Iowa State University,http://www.cs.iastate.edu/~ruan,3FrD14AAAAAJ,1763.0,20.0
Yan-Bin Jia,Iowa State University,http://www.cs.iastate.edu/~jia,9f4Pek0AAAAJ,1075.0,19.0
Carl K. Chang,Iowa State University,http://www.cs.iastate.edu/people/carl-chang,0IHc9DUAAAAJ,4516.0,27.0
Jin Tian,Iowa State University,http://www.cs.iastate.edu/~jtian,ZUSWjHIAAAAJ,7806.0,40.0
Jack H. Lutz,Iowa State University,http://www.cs.iastate.edu/~lutz,mxv3BeAAAAAJ,3548.0,30.0
Oliver Eulenstein,Iowa State University,http://www.cs.iastate.edu/~oeulenst,EF9D28wAAAAJ,2482.0,28.0
A. Pavan,Iowa State University,http://www.cs.iastate.edu/people/pavan-aduri,4QIV0FUAAAAJ,1119.0,17.0
Robyn R. Lutz,Iowa State University,http://www.cs.iastate.edu/~rlutz,sdVfpyQAAAAJ,3505.0,32.0
Wallapak Tavanapong,Iowa State University,http://www.cs.iastate.edu/people/wallapak-tavanapong-0,Pnev7hAAAAAJ,2707.0,25.0
Samik Basu,Iowa State University,http://www.cs.iastate.edu/~sbasu,qa9dTwkAAAAJ,2777.0,28.0
Giora Slutzki,Iowa State University,http://www.cs.iastate.edu/~slutzki,,,
Wensheng Zhang,Iowa State University,http://www.cs.iastate.edu/~wzhang,VvXgoAYAAAAJ,5586.0,33.0
Xiaoqiu Huang,Iowa State University,http://www.cs.iastate.edu/~xqhuang,h5gEfxsAAAAJ,17426.0,31.0
Guang Song,Iowa State University,http://www.cs.iastate.edu/people/guang-song,wB7NTEcAAAAJ,26660.0,70.0
Gurpur M. Prabhu,Iowa State University,http://www.cs.iastate.edu/~prabhu,,,
Jeremy W. Sheaffer,Iowa State University,http://www.cs.iastate.edu/people/jeremy-sheaffer,,,
Gianfranco Ciardo,Iowa State University,http://web.cs.iastate.edu/~ciardo,8rmks2cAAAAJ,9321.0,46.0
Mustafa E. Kamasak,Istanbul Technical University,http://web.itu.edu.tr/kamasak,,,
Hazim Kemal Ekenel,Istanbul Technical University,http://web.itu.edu.tr/ekenel,LfIDj68AAAAJ,4582.0,35.0
Zehra Cataltepe,Istanbul Technical University,http://web.itu.edu.tr/cataltepe,n45__FMAAAAJ,1564.0,19.0
Sanem Kabadayi,Istanbul Technical University,http://web.itu.edu.tr/kabadayi,,,
Ulug Bayazit,Istanbul Technical University,http://web.itu.edu.tr/ulugbayazit,,,
Sule Gündüz,Istanbul Technical University,http://web.itu.edu.tr/sgunduz,E5OlkJMAAAAJ,1563.0,21.0
Tolga Ovatman,Istanbul Technical University,http://web.itu.edu.tr/ovatman,WIzmCCYAAAAJ,344.0,8.0
Sanem Sariel,Istanbul Technical University,http://web.itu.edu.tr/sariel,Fw0RC2IAAAAJ,1110.0,17.0
Ayse Tosun,Istanbul Technical University,http://web.itu.edu.tr/tosunay,KktAed0AAAAJ,1912.0,24.0
Sema F. Oktug,Istanbul Technical University,http://web.itu.edu.tr/oktug,3TRcRPkAAAAJ,1953.0,22.0
Mehmet Tahir Sandikkaya,Istanbul Technical University,http://akademi.itu.edu.tr/en/sandikkaya,_d7K3TkAAAAJ,183.0,6.0
Gokhan Ince,Istanbul Technical University,http://www.gokhanince.com/gi/Default.asp,ffrlx5sAAAAJ,937.0,15.0
Gülsen Eryigit,Istanbul Technical University,http://web.itu.edu.tr/gulsenc,25CpSdkAAAAJ,5209.0,25.0
Serif Bahtiyar,Istanbul Technical University,http://web.itu.edu.tr/bahtiyars,ouifgzwAAAAJ,294.0,8.0
Gozde B. Unal,Istanbul Technical University,http://akademi.itu.edu.tr/en/unalgo,soanB6MAAAAJ,7486.0,35.0
A. Cüneyd Tantug,Istanbul Technical University,http://tantug.com,TTawdWMAAAAJ,517.0,13.0
Nadia Erdogan,Istanbul Technical University,http://web.itu.edu.tr/nerdogan,h_T4fugAAAAJ,668.0,12.0
Feza Buzluca,Istanbul Technical University,http://web.itu.edu.tr/buzluca,nQqXUskAAAAJ,562.0,13.0
Berk Canberk,Istanbul Technical University,http://bcrg.itu.edu.tr,q3ueClIAAAAJ,1003.0,16.0
D. Turgay Altilar,Istanbul Technical University,http://web.itu.edu.tr/altilar,wknEy5IAAAAJ,763.0,15.0
Ayse Yilmazer,Istanbul Technical University,https://web.itu.edu.tr/yilmazerayse,PSsiqbYAAAAJ,181.0,8.0
Hatice Kose,Istanbul Technical University,http://akademi.itu.edu.tr/en/hbkose,5X9jEXoAAAAJ,1624.0,19.0
B. Berk Ustundag,Istanbul Technical University,http://akademi.itu.edu.tr/bustundag,JJY3eIEAAAAJ,607.0,13.0
Yusuf Yaslan,Istanbul Technical University,https://web.itu.edu.tr/yyaslan,0GSCY28AAAAJ,1039.0,14.0
A. Sima Etaner-Uyar,Istanbul Technical University,http://akademi.itu.edu.tr/en/etaner,qvxemZwAAAAJ,1269.0,19.0
Y. Murat Erten,Izmir Institute of Technology,http://ceng.iyte.edu.tr/people/murat-erten,XY_kpWgAAAAJ,437.0,7.0
Isil Oz,Izmir Institute of Technology,http://ceng.iyte.edu.tr/people/isil-oz,Jber3GMAAAAJ,92.0,5.0
Onur Demirörs,Izmir Institute of Technology,http://ceng.iyte.edu.tr/people/onur-demirors,zYKpvl4AAAAJ,2782.0,27.0
Yalin Bastanlar,Izmir Institute of Technology,http://ceng.iyte.edu.tr/people/yalin-bastanlar,3WTNhHYAAAAJ,1070.0,15.0
Tolga Ayav,Izmir Institute of Technology,http://ceng.iyte.edu.tr/people/tolga-ayav,Pt9GoVgAAAAJ,326.0,9.0
Selma Tekir,Izmir Institute of Technology,http://ceng.iyte.edu.tr/people/selma-tekir,iRawdD8AAAAJ,185.0,7.0
Serap Atay,Izmir Institute of Technology,http://ceng.iyte.edu.tr/tr/kisi/serap-sahin,6qyruFwAAAAJ,41.0,3.0
Tugkan Tuglular,Izmir Institute of Technology,http://ceng.iyte.edu.tr/people/tugkan-tuglular,5FyBmLkAAAAJ,327.0,10.0
Nesli Erdogmus,Izmir Institute of Technology,http://ceng.iyte.edu.tr/people/nesli-erdogmus,SGO1CAcAAAAJ,833.0,11.0
Belgin Ergenc,Izmir Institute of Technology,http://ceng.iyte.edu.tr/people/belgin-ergenc,e00LSrIAAAAJ,219.0,8.0
M. Özuysal,Izmir Institute of Technology,http://ceng.iyte.edu.tr/people/mustafa-ozuysal,CfT5AZYAAAAJ,3599.0,10.0
Wieland Schwinger,JKU Linz,https://www.jku.at/institut-fuer-telekooperation/ueber-uns/team/wieland-schwinger,5E-bnRkAAAAJ,4599.0,35.0
Manuel Wimmer,JKU Linz,https://www.se.jku.at/manuel-wimmer,YZDY1psAAAAJ,9126.0,50.0
Iris Groher,JKU Linz,https://www.se.jku.at/iris-groher,7I1zR48AAAAJ,1496.0,19.0
Gerhard Widmer,JKU Linz,https://www.jku.at/en/institute-of-computational-perception/about-us/people/gerhard-widmer,dyGS5YYAAAAJ,15671.0,60.0
Johannes Fürnkranz,JKU Linz,https://www.jku.at/en/faw/about-us/team/johannes-fuernkranz,sfTn4wEAAAAJ,11653.0,46.0
Klaus Miesenberger,JKU Linz,https://www.jku.at/institut-integriert-studieren/team/auniv-dr-klaus-miesenberger,hw-8_h4AAAAJ,1495.0,21.0
Paul Grünbacher,JKU Linz,https://www.jku.at/en/institute-for-software-systems-engineering/about-us/team/paul-gruenbacher,7Wpa7ysAAAAJ,8298.0,45.0
Alexander Egyed,JKU Linz,https://www.jku.at/en/institute-for-software-systems-engineering/about-us/team/alexander-egyed,tN-tEGIAAAAJ,9003.0,53.0
Alois Zoitl,JKU Linz,https://www.jku.at/linz-institute-of-technology/forschung/research-labs/cyber-physical-systems-lab/team/univ-prof-di-dr-alois-zoitl,OG52DQ8AAAAJ,3940.0,36.0
Harald Pretl,JKU Linz,http://iic.jku.at/analog/team/pretl,yDlMlR0AAAAJ,755.0,17.0
Josef Küng,JKU Linz,https://www.jku.at/en/faw/about-us/team/josef-kueng,uy1d_7wAAAAJ,998.0,14.0
Werner Retschitzegger,JKU Linz,http://cis.jku.at/team/21?view=teamentry,,,
Bettina Grün,JKU Linz,https://www.jku.at/institut-fuer-angewandte-statistik/ueber-uns/team/assoz-univ-profin-dipl-ingin-drin-bettina-gruen,Tl-eVmoAAAAJ,7436.0,39.0
Wolfram Wöß,JKU Linz,https://www.jku.at/en/faw/about-us/team/wolfram-woess,,,
Rick Rabiser,JKU Linz,https://www.jku.at/en/linz-institute-of-technology/research/research-labs/cyber-physical-systems-lab/our-team/univ-prof-mag-dr-rick-rabiser,7-AdX4sAAAAJ,3748.0,32.0
Mario Huemer,JKU Linz,https://www.jku.at/en/institute-of-signal-processing,VXSkReQAAAAJ,3765.0,28.0
Gabriele Anderst-Kotsis,JKU Linz,https://www.jku.at/institut-fuer-telekooperation/ueber-uns/team/gabriele-anderst-kotsis,9QhutOMAAAAJ,1399.0,18.0
Oliver Bimber,JKU Linz,https://www.jku.at/en/institute-of-computer-graphics/about-us/team/oliver-bimber,nmSh5i8AAAAJ,7077.0,38.0
Martina Seidl,JKU Linz,http://fmv.jku.at/seidl,SBGtDbMAAAAJ,2743.0,30.0
Josef Scharinger,JKU Linz,https://www.jku.at/en/institute-of-computational-perception/about-us/people/josef-scharinger,,,
Johannes Sametinger,JKU Linz,https://www.se.jku.at/johannes-sametinger,92HPqbEAAAAJ,1992.0,18.0
Herbert Praehofer,JKU Linz,https://www.jku.at/institut-fuer-systemsoftware/team/praehofer-herbert,SpoHy8UAAAAJ,9518.0,24.0
Sepp Hochreiter,JKU Linz,https://www.jku.at/en/institute-for-machine-learning/about-us/team/sepp-hochreiter,tvUH3WMAAAAJ,95211.0,48.0
Marc Streit,JKU Linz,https://www.jku.at/en/institute-of-computer-graphics/about-us/team/marc-streit,l7TTSP0AAAAJ,2574.0,27.0
Rene Mayrhofer,JKU Linz,https://www.jku.at/institut-fuer-netzwerke-und-sicherheit/ueber-uns/ins-team/mayrhofer,Mt_op3IAAAAJ,2716.0,26.0
Reinhold Plösch,JKU Linz,http://www.se.jku.at/ploesch,29YTNJgAAAAJ,1272.0,19.0
Hanspeter Mössenböck,JKU Linz,http://ssw.jku.at/General/Staff/HM,qwnXMU8AAAAJ,3943.0,33.0
Ismail Khalil,JKU Linz,https://www.jku.at/institut-fuer-telekooperation/ueber-uns/team/ismail-khalil,,,
Markus Schedl,JKU Linz,https://www.jku.at/en/institute-of-computational-perception/about-us/people/markus-schedl,TQR8qIEAAAAJ,7520.0,45.0
Karin A. Hummel,JKU Linz,https://www.jku.at/institut-fuer-telekooperation/ueber-uns/team/karin-anna-hummel,CB7dUsIAAAAJ,2091.0,24.0
Barbara Sabitzer,JKU Linz,https://www.jku.at/linz-school-of-education/ueber-uns/team/mint/sabitzer-barbara,woWR6uAAAAAJ,407.0,12.0
Robert Wille,JKU Linz,http://iic.jku.at/eda/team/wille,dWkUqVsAAAAJ,8521.0,48.0
Michael Sonntag,JKU Linz,https://www.jku.at/institut-fuer-netzwerke-und-sicherheit/ueber-uns/ins-team/sonntag,,,
Armin Biere,JKU Linz,http://fmv.jku.at/biere,V6ES1nIAAAAJ,20685.0,59.0
Birgit Pröll,JKU Linz,https://www.jku.at/en/faw/about-us/team/birgit-proell,,,
Qanita Bani Baker,JUST,http://www.just.edu.jo/eportfolio/Pages/Default.aspx?email=qmbanibaker,,,
Omar Almousa,JUST,http://www.just.edu.jo/eportfolio/Pages/Default.aspx?email=osalmousa,lx2beTMAAAAJ,157.0,4.0
Mohammad Al-Smadi,JUST,http://www.just.edu.jo/eportfolio/Pages/Default.aspx?email=maalsmadi9,im_3CvwAAAAJ,3447.0,21.0
Wail Mardini,JUST,http://www.just.edu.jo/eportfolio/Pages/Default.aspx?email=mardini,tbwv-m0AAAAJ,1244.0,16.0
M. Masadeh Bani Yassein,JUST,http://www.just.edu.jo/eportfolio/Pages/Default.aspx?email=masadeh,E8muBrkAAAAJ,3685.0,29.0
Yahya M. Tashtoush,JUST,http://www.just.edu.jo/eportfolio/Pages/Default.aspx?email=yahya-t,7lMW0DYAAAAJ,339.0,9.0
Mohammad A. Alsmirat,JUST,http://www.just.edu.jo/eportfolio/Pages/Default.aspx?email=masmirat,c1S0wzQAAAAJ,917.0,14.0
Mohammed Al-Refai,JUST,http://www.just.edu.jo/eportfolio/Pages/Default.aspx?email=mnalrefai,wa6HFR4AAAAJ,336.0,8.0
Mohammad H. Al-Towaiq,JUST,http://www.just.edu.jo/eportfolio/Pages/Default.aspx?email=towaiq,Af2ucRgAAAAJ,79.0,5.0
Maryam S. Nuser,JUST,http://www.just.edu.jo/eportfolio/Pages/Default.aspx?email=msnuser,,,
Omar AlZoubi,JUST,http://www.just.edu.jo/eportfolio/Pages/Default.aspx?email=oaalzoubi,349QjhcAAAAJ,738.0,11.0
Ismail Hmeidi,JUST,http://www.just.edu.jo/eportfolio/Pages/Default.aspx?email=hmeidi,eA_Ia9YAAAAJ,961.0,13.0
Firas AlBalas,JUST,http://www.just.edu.jo/eportfolio/Pages/Default.aspx?email=faalbalas,,,
Rasha Mohammad Obeidat,JUST,http://www.just.edu.jo/eportfolio/Pages/Default.aspx?email=rmobeidat,jgxnYvgAAAAJ,190.0,5.0
Malak Abdullah,JUST,http://www.just.edu.jo/eportfolio/Pages/Default.aspx?email=mabdullah,,,
Yaser Jararweh,JUST,http://www.just.edu.jo/eportfolio/Pages/Default.aspx?email=yijararweh,EXKxa6UAAAAJ,8677.0,51.0
Emad M. Al-Shawakfa,JUST,http://www.just.edu.jo/eportfolio/Pages/Default.aspx?email=emalshawakfa,IyKC1lgAAAAJ,806.0,12.0
Yaser M. Khamayseh,JUST,http://www.just.edu.jo/eportfolio/Pages/Default.aspx?email=yaser,UNE8oKUAAAAJ,1174.0,17.0
Alia Madain,JUST,http://www.just.edu.jo/eportfolio/Pages/Default.aspx?email=asmadain,_4GIY9QAAAAJ,113.0,5.0
Amer Al-Badarneh,JUST,http://www.just.edu.jo/eportfolio/Pages/Default.aspx?email=amerb,fOFSAMkAAAAJ,437.0,11.0
Mohammed I. Al-Saleh,JUST,http://www.just.edu.jo/eportfolio/Pages/Default.aspx?email=misaleh,KmFKpiMAAAAJ,345.0,12.0
R. M. Duwairi,JUST,http://www.just.edu.jo/eportfolio/Pages/Default.aspx?email=rehab,J6lMBuEAAAAJ,1527.0,19.0
Horst K. Hahn,Jacobs University Bremen,https://www.jacobs-university.de/directory/hhahn,8wiZiu4AAAAJ,7276.0,38.0
Peter Zaspel,Jacobs University Bremen,https://www.jacobs-university.de/directory/zaspel,BnwzFi4AAAAJ,317.0,7.0
Francesco Maurelli,Jacobs University Bremen,https://www.jacobs-university.de/directory/fmaurelli,t1hnyyAAAAAJ,758.0,15.0
Peter Baumann,Jacobs University Bremen,http://www.peter-baumann.org,rx9lyGkAAAAJ,2680.0,24.0
Jürgen Schönwälder,Jacobs University Bremen,https://www.jacobs-university.de/directory/jschoenwaelder,YaiOokwAAAAJ,6211.0,32.0
Andreas Birk,Jacobs University Bremen,http://robotics.jacobs-university.de/people/birk,CR5fEFYAAAAJ,5557.0,37.0
Matthew D. Green,Johns Hopkins University,https://isi.jhu.edu/~mgreen,X0XWAGkAAAAJ,12559.0,40.0
Alan L. Yuille,Johns Hopkins University,http://www.cs.jhu.edu/~ayuille,FJ-huxgAAAAJ,78216.0,118.0
Rama Chellappa,Johns Hopkins University,https://engineering.jhu.edu/ece/faculty/rama-chellappa,L60tuywAAAAJ,86260.0,135.0
David Yarowsky,Johns Hopkins University,http://www.cs.jhu.edu/~yarowsky,gaO-vS4AAAAJ,16843.0,55.0
Baruch Awerbuch,Johns Hopkins University,http://www.cs.jhu.edu/~baruch/home.html,,,
Peng Huang,Johns Hopkins University,https://cs.jhu.edu/~huang,2y-8usQAAAAJ,1539.0,16.0
Vladimir Braverman,Johns Hopkins University,http://www.cs.jhu.edu/~vova,DTthB48AAAAJ,2750.0,26.0
Susan Hohenberger,Johns Hopkins University,http://www.cs.jhu.edu/~susan,EFCJtEwAAAAJ,9478.0,42.0
Mark Dredze,Johns Hopkins University,http://www.cs.jhu.edu/~mdredze,7jNkTbYAAAAJ,21335.0,67.0
Benjamin David Van Durme,Johns Hopkins University,http://www.cs.jhu.edu/~vandurme,wIujAJoAAAAJ,9493.0,52.0
Suchi Saria,Johns Hopkins University,http://www.suchisaria.com,FZLHMv8AAAAJ,5214.0,35.0
Yanif Ahmad,Johns Hopkins University,http://www.cs.jhu.edu/~yanif,BtpxluIAAAAJ,3757.0,20.0
Joanne F. Selinski,Johns Hopkins University,http://www.cs.jhu.edu/~joanne,,,
Ben Langmead,Johns Hopkins University,http://www.cs.jhu.edu/~langmea,2JMaTKsAAAAJ,74379.0,33.0
René Vidal,Johns Hopkins University,http://cis.jhu.edu/~rvidal,uT8fgagAAAAJ,28286.0,82.0
Randal C. Burns,Johns Hopkins University,http://www.cs.jhu.edu/~randal,rTJTJJ4AAAAJ,13556.0,48.0
Scott F. Smith,Johns Hopkins University,https://www.cs.jhu.edu/~scott,bRjJOrMAAAAJ,6644.0,31.0
Michael Dinitz,Johns Hopkins University,http://www.cs.jhu.edu/~mdinitz,Q2yN84AAAAAJ,1299.0,21.0
Soudeh Ghorbani,Johns Hopkins University,http://soudeh.net,r7kyzkIAAAAJ,663.0,9.0
Michael Schatz,Johns Hopkins University,https://www.cs.jhu.edu/faculty/michael-schatz,rcs6IKwAAAAJ,35271.0,74.0
Abhishek Jain,Johns Hopkins University,https://www.cs.jhu.edu/faculty/abhishek-jain,xjkmJsgAAAAJ,3875.0,30.0
Russell H. Taylor,Johns Hopkins University,http://www.cs.jhu.edu/~rht,Ph16U5wAAAAJ,48114.0,98.0
Yinzhi Cao,Johns Hopkins University,https://www.cs.jhu.edu/~yzcao,0jBP_aEAAAAJ,2267.0,21.0
Michael Kazhdan,Johns Hopkins University,http://www.cs.jhu.edu/~misha,soUq_eQAAAAJ,15182.0,34.0
Alexis Battle,Johns Hopkins University,http://battlelab.jhu.edu,yPOT9K0AAAAJ,24900.0,50.0
S. Rao Kosaraju,Johns Hopkins University,http://www.cs.jhu.edu/~kosaraju,SBNZBMUAAAAJ,48087.0,54.0
Peter Kazanzides,Johns Hopkins University,https://www.cs.jhu.edu/faculty/peter-kazanzides,nNU3STcAAAAJ,12900.0,47.0
Raman Arora,Johns Hopkins University,http://www.cs.jhu.edu/~raman/Home.html,Spe0xdkAAAAJ,5533.0,30.0
Joshua T. Vogelstein,Johns Hopkins University,https://www.bme.jhu.edu/faculty_staff/joshua-t-vogelstein-phd,DWPfdT4AAAAJ,9697.0,42.0
Yair Amir,Johns Hopkins University,http://www.cs.jhu.edu/~yairamir,ijgEp3EAAAAJ,9784.0,50.0
Philipp Koehn,Johns Hopkins University,http://www.cs.jhu.edu/~phi,OsIZgIYAAAAJ,40206.0,66.0
Jason Eisner,Johns Hopkins University,http://www.cs.jhu.edu/~jason,tjb2UccAAAAJ,18214.0,56.0
Greg Hager,Johns Hopkins University,http://www.cs.jhu.edu/~hager,ivApfKcAAAAJ,35193.0,88.0
Aviel D. Rubin,Johns Hopkins University,http://avirubin.com,KWez2_sAAAAJ,16500.0,47.0
Xin Li,Johns Hopkins University,http://www.cs.jhu.edu/~lixints,,,
Sung-Eui Yoon,KAIST,http://sglab.kaist.ac.kr/~sungeui,uLQzQW4AAAAJ,4015.0,34.0
Sung Ju Hwang,KAIST,http://www.sungjuhwang.com,RP4Qx3QAAAAJ,3600.0,32.0
Sungjin Ahn,KAIST,http://www.sungjinahn.com,nfHyDeUAAAAJ,3265.0,22.0
Kihong Heo,KAIST,https://kihongheo.kaist.ac.kr,bWY6MmgAAAAJ,682.0,13.0
Doo­Hwan Bae,KAIST,http://se.kaist.ac.kr/professor,,,
Seungwon Shin,KAIST,http://nss.kaist.ac.kr/?page_id=29,DbAmqd8AAAAJ,5802.0,26.0
Junehwa Song,KAIST,http://nclab.kaist.ac.kr/?page_id=873,CatfK3MAAAAJ,4841.0,38.0
Hyunsoo Yoon,KAIST,http://nslab.kaist.ac.kr/members_professor.htm,bmGTi6YAAAAJ,234.0,6.0
Sue B. Moon,KAIST,http://an.kaist.ac.kr/~sbmoon,d5u7NnAAAAAJ,22709.0,43.0
John Kim,KAIST,http://icn.kaist.ac.kr/~jjk12,yup9q7gAAAAJ,35146.0,62.0
Se-Young Yun,KAIST,https://fbsqkd.github.io,X_IAjb8AAAAJ,926.0,17.0
KyoungSoo Park,KAIST,https://www.ndsl.kaist.edu/~kyoungsoo,ZrPrFicAAAAJ,4748.0,28.0
Jong Cheol Park,KAIST,http://nlp.kaist.ac.kr,u1XiOgvCXnQC,2057.0,22.0
Min Suk Kang,KAIST,https://netsp.kaist.ac.kr/people,R6KDuS8AAAAJ,1118.0,17.0
Kwangjo Kim,KAIST,http://caislab.kaist.ac.kr/kkj,ENIkgBkAAAAJ,9289.0,45.0
Jaehyuk Huh,KAIST,http://calab.kaist.ac.kr/~jhuh,,,
Song Chong,KAIST,https://sites.google.com/a/kaist.edu/song-chong,m2Lm6f4AAAAJ,8812.0,44.0
Jaegul Choo,KAIST,https://sites.google.com/site/jaegulchoo,GHJYsLEAAAAJ,6547.0,33.0
Jeehoon Kang,KAIST,https://cp.kaist.ac.kr/jeehoon.kang,rVgfdSYAAAAJ,601.0,10.0
Myoungsoo Jung,KAIST,http://camelab.org,sbWjyP4AAAAJ,2026.0,23.0
Hyun Myung,KAIST,http://urobot.kaist.ac.kr/members/professor,NrWfJ1gAAAAJ,4784.0,37.0
Andrea Bianchi,KAIST,http://alsoplantsfly.com,wVDtZB0AAAAJ,1276.0,20.0
Jongse Park,KAIST,https://jongse-park.github.io,4Fw2ma4AAAAJ,1975.0,17.0
Changick Kim,KAIST,https://cilabs.kaist.ac.kr/members/professor,ABH_2lcAAAAJ,5810.0,39.0
Dongman Lee,KAIST,http://cds.kaist.ac.kr/cdsn/?p=29,QQs-_QQAAAAJ,2823.0,23.0
Jinwoo Shin,KAIST,http://alinlab.kaist.ac.kr/shin.html,m3eDp7kAAAAJ,4899.0,35.0
Heung-Kyu Lee,KAIST,http://hklee.kaist.ac.kr,f7uaLWEAAAAJ,5903.0,38.0
Taisook Han,KAIST,https://cs.kaist.ac.kr/people/view?idx=32&kind=faculty&menu=160,,,
Dong Soo Han,KAIST,https://cs.kaist.ac.kr/people/view?idx=369&kind=faculty&menu=160,nxoFaYAAAAAJ,2572.0,27.0
Jongmoon Baik,KAIST,https://cs.kaist.ac.kr/people/view?idx=371&kind=faculty&menu=170,3kUdJeUAAAAJ,2104.0,26.0
Sung-Ju Lee,KAIST,https://cs.kaist.ac.kr/people/view?idx=508&kind=faculty&menu=167,d_DQh8IAAAAJ,15773.0,53.0
Shin Yoo,KAIST,https://cs.kaist.ac.kr/people/view?idx=516&kind=faculty&menu=160,W9ymXf4AAAAJ,6552.0,33.0
Hongseok Yang,KAIST,https://cs.kaist.ac.kr/people/view?idx=552&kind=faculty&menu=167,cLuwH14AAAAJ,8229.0,45.0
Sooel Son,KAIST,https://cs.kaist.ac.kr/people/view?idx=553&kind=faculty&menu=160,XJOBBI4AAAAJ,420221.0,199.0
Daeyoung Kim,KAIST,http://www.resl.kaist.ac.kr,encxuNcAAAAJ,19430.0,69.0
Geehyuk Lee,KAIST,http://hcil.kaist.ac.kr/?page_id=349,wBXkmcQAAAAJ,2279.0,25.0
Chulhee Yun,KAIST,https://chulheeyun.github.io/,Ukl64ggAAAAJ,526.0,11.0
Seok-Hyung Bae,KAIST,http://i2dea.kaist.ac.kr/seokhyung/index,L1EahDgAAAAJ,1145.0,17.0
Alice H. Oh,KAIST,http://uilab.kaist.ac.kr/members/aliceoh,KcB5NH4AAAAJ,3517.0,26.0
Juho Kim,KAIST,https://juhokim.com,2dDAbMgAAAAJ,4475.0,24.0
Ho Jin Choi,KAIST,https://cs.kaist.ac.kr/people/view?idx=366&kind=faculty&menu=160,thJPUbsAAAAJ,12729.0,52.0
Seung Ryoul Maeng,KAIST,http://camars.kaist.ac.kr/~maeng,,,
Song Min Kim,KAIST,https://sites.google.com/view/smilelab,lBJc3B8AAAAJ,1191.0,18.0
Tae-Kyun Kim,KAIST,https://sites.google.com/view/tkkim,j2WcLecAAAAJ,10466.0,52.0
Young Hee Lee,KAIST,http://pbg.kaist.ac.kr,,,
Joyce Jiyoung Whang,KAIST,http://bdi-lab.kaist.ac.kr,TLrKglQAAAAJ,861.0,11.0
Byungjoo Lee,KAIST,http://leebyungjoo.com/CV,b9we1fYAAAAJ,364.0,12.0
Youngjin Kwon,KAIST,https://sites.google.com/view/yjkwon/home,,,
Youngchul Sung,KAIST,https://sites.google.com/view/youngchulsung,-9D2k3UAAAAJ,2424.0,26.0
Meeyoung Cha,KAIST,http://mia.kaist.ac.kr,iFlnVCoAAAAJ,18098.0,41.0
Insu Yun,KAIST,https://insuyun.github.io,EzRLWOkAAAAJ,840.0,9.0
Seunghoon Hong,KAIST,http://cvlab.postech.ac.kr/~maga33,hvr3ALkAAAAJ,7365.0,19.0
Sungwon Kang,KAIST,https://cs.kaist.ac.kr/people/view?idx=368&kind=faculty&menu=167,,,
Otfried Cheong,KAIST,http://www.otfried.org,,,
Uichin Lee,KAIST,http://ic.kaist.ac.kr/wiki/wiki.cgi?UichinLee,Sc2pBzYAAAAJ,10055.0,51.0
Martin Ziegler,KAIST,http://m.zie.de,,,
In-Young Ko,KAIST,http://bigbear.kaist.ac.kr/~iko,qf6c5k4AAAAJ,1347.0,19.0
Jun-yong Noh,KAIST,https://ct.kaist.ac.kr/people/sub01.php,u75_aBgAAAAJ,2264.0,23.0
Minhyuk Sung,KAIST,https://mhsung.github.io,PcIYMp4AAAAJ,645.0,11.0
Sukyoung Ryu,KAIST,http://plrg.kaist.ac.kr/ryu,c98U5D0AAAAJ,1713.0,20.0
Min-Soo Kim,KAIST,http://infolab.kaist.ac.kr/members/Min-Soo%20Kim,1wZVw8QAAAAJ,2807.0,28.0
Daehyung Park,KAIST,http://www.daehyungpark.com,5mWSk04AAAAJ,1242.0,14.0
Kun-Pyo Lee,KAIST,http://dpl.kaist.ac.kr/people,xfk8LSEAAAAJ,1370.0,18.0
Chanyoung Park,KAIST,http://dsail.kaist.ac.kr/professor,EvE42VMAAAAJ,1196.0,15.0
Min H. Kim,KAIST,http://vclab.kaist.ac.kr/minhkim,pMT5lrwAAAAJ,2037.0,24.0
Kwang­Moo Choe,KAIST,http://adamant.kaist.ac.kr,,,
Minsoo Rhu,KAIST,https://sites.google.com/view/kaist-via,u_3ShigAAAAJ,2413.0,18.0
Hyun Seung Yang,KAIST,http://mind.kaist.ac.kr/professor.php,0cTDXWcAAAAJ,1165.0,19.0
Ji-Hyun Lee,KAIST,http://gsct3237.kaist.ac.kr,io8xhtgAAAAJ,1187.0,17.0
Jinah Park,KAIST,http://cgv.kaist.ac.kr/professor,cys-jlsAAAAJ,1578.0,17.0
Sungho Jo,KAIST,http://isnl.kaist.ac.kr,,,
Sung-Hyon Myaeng,KAIST,http://ir.kaist.ac.kr/member/professor,6pdKebMAAAAJ,6196.0,34.0
Insik Shin,KAIST,http://cps.kaist.ac.kr/~ishin,FE04Zl8AAAAJ,4353.0,33.0
Tek-Jin Nam,KAIST,http://cidr.kaist.ac.kr/members,C6Geq6AAAAAJ,1770.0,24.0
Chin-Wan Chung,KAIST,http://islab.kaist.ac.kr/chungcw,yhUAa2QAAAAJ,6073.0,39.0
Naehyuck Chang,KAIST,http://www.cad4x.kaist.ac.kr/professor,w0uiMd4AAAAJ,6991.0,43.0
Joseph J. Lim,KAIST,https://www.clvrai.com,jTnQTBoAAAAJ,5637.0,28.0
Woontack Woo,KAIST,http://uvrlab.org/professor.php,s3Z4Q1oAAAAJ,7612.0,41.0
Kuk-Jin Yoon,KAIST,http://vi.kaist.ac.kr,1NvBj_gAAAAJ,5329.0,28.0
Eunho Yang,KAIST,https://ml.kaist.ac.kr/labs,,,
Y. M. Ro,KAIST,http://ivylab.kaist.ac.kr/base/people/people1.php,IPzfF7cAAAAJ,8466.0,46.0
Sunghee Choi,KAIST,http://gclab.kaist.ac.kr/sunghee.html,JX6jaiUAAAAJ,3470.0,19.0
Edward Choi,KAIST,https://mp2893.com,GUlGIPkAAAAJ,5443.0,18.0
Daniel Pieter Saakes,KAIST,http://mid.kaist.ac.kr/people,,,
Dongsu Han,KAIST,http://ina.kaist.ac.kr,NMggRxkAAAAJ,4789.0,31.0
Jean-Charles Bazin,KAIST,http://rcv.kaist.ac.kr/v2/bbs/member_detail.php?mb_id=jcrennes,XPZLx-8AAAAJ,2075.0,24.0
Brent ByungHoon Kang,KAIST,http://gsis.kaist.ac.kr/cysec/brentkang/brentkang,_hF51IMAAAAJ,2408.0,20.0
Jaesik Choi,KAIST,http://sailab.kaist.ac.kr/jaesik,RqMLVzUAAAAJ,3134.0,22.0
In So Kweon,KAIST,http://rcv.kaist.ac.kr/v2/bbs/member_detail.php?mb_id=%20iskweon,XA8EOlEAAAAJ,25551.0,69.0
Changho Suh,KAIST,https://sites.google.com/site/changhosuh,B1guGw8AAAAJ,6085.0,37.0
Yoon Joon Lee,KAIST,http://dbserver.kaist.ac.kr/~yjlee,8NDnZuEAAAAJ,1597.0,9.0
Sung-Hee Lee,KAIST,http://motionlab.kaist.ac.kr/?page_id=41,AVII4wsAAAAJ,1908.0,18.0
Moonzoo Kim,KAIST,http://swtv.kaist.ac.kr/~moonzoo,HPB-yOEAAAAJ,3105.0,29.0
Sang Kil Cha,KAIST,http://softsec.kaist.ac.kr/~sangkilc,kV40DzcAAAAJ,2862.0,17.0
Jae-Gil Lee,KAIST,http://dm.kaist.ac.kr/jaegil,h9mbv9MAAAAJ,6236.0,30.0
Kyu-Young Whang,KAIST,http://dblab.kaist.ac.kr/Prof/main_eng.html,LZSo1YEAAAAJ,7411.0,33.0
Euijong Whang,KAIST,http://stevenwhang.com,w6hts30AAAAJ,3890.0,22.0
Myoung Ho Kim,KAIST,http://dbserver.kaist.ac.kr/~mhkim,B-NBZREAAAAJ,6419.0,42.0
Kee-Eung Kim,KAIST,http://ailab.kaist.ac.kr/users/kekim,,,
Myungchul Kim,KAIST,http://winslab.kaist.ac.kr/member/member.html,G7ez9RYAAAAJ,965.0,13.0
Jooyoung Lee,KAIST,https://sites.google.com/site/cryptkaist/home,1bPIg-QAAAAJ,1480.0,18.0
Soon J. Hyun,KAIST,http://biophotonics.kaist.ac.kr/the-team,P6EuWkgAAAAJ,651.0,14.0
Yung Yi,KAIST,http://lanada.kaist.ac.kr/~yi,DESZt8wAAAAJ,21620.0,18.0
Yongdae Kim,KAIST,https://syssec.kaist.ac.kr/~yongdaek,hLVtE9cAAAAJ,8979.0,49.0
Jong Chul Ye,KAIST,https://bispl.weebly.com/professor.html,HNMjoNEAAAAJ,14655.0,59.0
Soontae Kim,KAIST,http://www.ecl.kaist.ac.kr/members,,,
Youjip Won,KAIST,http://oslab.kaist.ac.kr/professor-youjip-won,qy7uO-UAAAAJ,2566.0,27.0
Key-Sun Choi,KAIST,http://kschoi.kaist.ac.kr,r1ozviEAAAAJ,3077.0,29.0
Junmo Kim,KAIST,https://sites.google.com/site/siitkaist/professor,GdQtWNQAAAAJ,6511.0,34.0
Kijung Shin,KAIST,http://kijungshin.com,Yp3Cz5AAAAAJ,1415.0,20.0
Paulo Esteves Veríssimo,KAUST,https://cemse.kaust.edu.sa/people/person/paulo-verissimo,aMHx8aUAAAAJ,14783.0,55.0
Peter Wonka,KAUST,https://www.kaust.edu.sa/en/study/faculty/peter-wonka,0EKXSXgAAAAJ,14239.0,56.0
Xin Gao,KAUST,https://www.kaust.edu.sa/en/study/faculty/xin-gao,0OJfPYYAAAAJ,21707.0,75.0
E. N. Elnozahy,KAUST,https://www.kaust.edu.sa/en/study/faculty/mootaz-elnozahy,3jLwtgkAAAAJ,9142.0,39.0
Basem Shihada,KAUST,https://www.kaust.edu.sa/en/study/faculty/basem-shihada,337BjqEAAAAJ,2964.0,27.0
Dominik L. Michels,KAUST,https://www.kaust.edu.sa/en/study/faculty/dominik-michels,1eSNWwMAAAAJ,42.0,3.0
Markus Hadwiger,KAUST,https://www.kaust.edu.sa/en/study/faculty/markus-hadwiger,wmx7KVUAAAAJ,4519.0,32.0
Wolfgang Heidrich,KAUST,http://vccimaging.org/People/heidriw,IQSbom0AAAAJ,19325.0,68.0
Peter Richtárik,KAUST,https://richtarik.org,pGh242UAAAAJ,13068.0,51.0
Timothy Ravasi,KAUST,https://www.kaust.edu.sa/en/study/faculty/timothy-ravasi,UR9EUP8AAAAJ,25455.0,58.0
Robert Hoehndorf,KAUST,https://www.kaust.edu.sa/en/study/faculty/robert-hoehndorf,4vVGk3kAAAAJ,5344.0,41.0
David E. Keyes,KAUST,https://www.kaust.edu.sa/en/study/faculty/david-keyes,Ps73fz8AAAAJ,12514.0,47.0
Bernard Ghanem,KAUST,https://www.kaust.edu.sa/en/study/faculty/bernard-ghanem,rVsGTeEAAAAJ,15047.0,50.0
Omar M. Knio,KAUST,https://sri-uq.kaust.edu.sa/Pages/Knio.aspx,KuvOKcwAAAAJ,13415.0,55.0
Di Wang,KAUST,https://shao3wangdi.github.io,5hGRe_QAAAAJ,462.0,10.0
Mohamed Elhoseiny,KAUST,http://www.mohamed-elhoseiny.com,iRBUTOAAAAAJ,4684.0,27.0
Marco Canini,KAUST,https://www.kaust.edu.sa/en/study/faculty/marcocanini,c-rwMUkAAAAJ,5044.0,36.0
Panos Kalnis,KAUST,https://www.kaust.edu.sa/en/study/faculty/panagiotis-kalnis,-NdSrrYAAAAJ,11398.0,52.0
Ivan Viola,KAUST,https://www.kaust.edu.sa/en/study/faculty/ivan-viola,ELMPg_gAAAAJ,3764.0,31.0
Tony F. Chan,KAUST,https://www.kaust.edu.sa/en/study/faculty/tony-chan,UO7McmEAAAAJ,91708.0,106.0
Vladimir B. Bajic,KAUST,https://www.kaust.edu.sa/en/study/faculty/vladimir-bajic,,,
Jesper N. Tegnér,KAUST,https://www.kaust.edu.sa/en/study/faculty/jesper-tegner,_DUppAgAAAAJ,17200.0,54.0
Wannida Sae-Tang,KMUTNB,https://tggs.kmutnb.ac.th/asst-prof-dr-wannida-sae-tang,,,
Sansiri Tanachutiwat,KMUTNB,https://tggs.kmutnb.ac.th/dr-sansiri-tanachutiwa,,,
Rachata Ausavarungnirun,KMUTNB,https://rausavar.github.io,fIUdEFwAAAAJ,3281.0,29.0
Soamsiri Chantaraskul,KMUTNB,https://tggs.kmutnb.ac.th/assoc-prof-dr-soamsiri-chantaraskul,mkaZZ4QAAAAJ,201.0,8.0
Chaiyod Pirak,KMUTNB,https://tggs.kmutnb.ac.th/assoc-prof-dr-chaiyod-pirak,bOiR98IAAAAJ,402.0,11.0
Wijarn Wangdee,KMUTNB,https://tggs.kmutnb.ac.th/assoc-prof-dr-wijarn-wangdee,,,
Nisai H. Fuengwarodsakul,KMUTNB,https://tggs.kmutnb.ac.th/assoc-prof-dr-ing-nisai-fuengwarodsakul,U6DtNjIAAAAJ,679.0,15.0
Yodsawalai Chodpathumwan,KMUTNB,https://tggs.kmutnb.ac.th/?page_id=2947,4K13tqIAAAAJ,602.0,5.0
Chayakorn Netramai,KMUTNB,https://tggs.kmutnb.ac.th/asst-prof-dr-ing-chayakorn-netramai,mGzsTX4AAAAJ,94.0,5.0
Suramate Chalermwisutkul,KMUTNB,https://tggs.kmutnb.ac.th/asst-prof-dr-ing-suramate-chalermwisutkul,,,
Thanapong Suwanasri,KMUTNB,https://tggs.kmutnb.ac.th/assoc-prof-dr-ing-thanapong-suwanasri,QoeZIvIAAAAJ,420.0,12.0
Benoit Baudry,KTH Royal Institute of Technology,https://www.kth.se/profile/baudry,oP4UxPkAAAAJ,8436.0,51.0
Robert Lagerström,KTH Royal Institute of Technology,https://www.kth.se/profile/robertl,SazOHOQAAAAJ,2885.0,32.0
Stefan Nilsson,KTH Royal Institute of Technology,http://www.csc.kth.se/~snilsson,,,
Karl Meinke,KTH Royal Institute of Technology,http://www.csc.kth.se/~karlm,Xnkj7FgAAAAJ,1348.0,16.0
Dejan Kostic,KTH Royal Institute of Technology,https://www.kth.se/profile/dejanko,LmqhRxkAAAAJ,6538.0,35.0
Viggo Kann,KTH Royal Institute of Technology,http://www.csc.kth.se/~viggo,4Fexy5ml2cMC,7003.0,29.0
Roberto Guanciale,KTH Royal Institute of Technology,http://www.csc.kth.se/~robertog,VZUWVp4AAAAJ,719.0,14.0
Douglas Wikström,KTH Royal Institute of Technology,https://www.kth.se/profile/dog,1BuplDUAAAAJ,1230.0,18.0
Jörg Conradt,KTH Royal Institute of Technology,https://www.kth.se/profile/conr,NGdMpTYAAAAJ,3291.0,28.0
Erik Aurell,KTH Royal Institute of Technology,https://www.kth.se/profile/eaurell,NwiimYAAAAAJ,6337.0,38.0
Christopher E. Peters,KTH Royal Institute of Technology,https://www.kth.se/profile/chpeters,obtsAQwAAAAJ,2838.0,26.0
Cicek Cavdar,KTH Royal Institute of Technology,https://www.kth.se/profile/cavdar,9DjCqDkAAAAJ,2118.0,26.0
Carlo Fischione,KTH Royal Institute of Technology,https://www.kth.se/profile/carlofi,RWGj7esAAAAJ,6809.0,43.0
Stefan Bauer,KTH Royal Institute of Technology,https://www.kth.se/profile/baue,O-oICE8AAAAJ,2328.0,24.0
Aristides Gionis,KTH Royal Institute of Technology,https://www.kth.se/profile/argioni,11JgipcAAAAJ,22705.0,62.0
Christian Schulte,KTH Royal Institute of Technology,https://www.kth.se/profile/cschulte,27PyeisAAAAJ,3301.0,28.0
David Broman,KTH Royal Institute of Technology,https://www.kth.se/profile/dbro,Jvtpzw8AAAAJ,2616.0,25.0
Dilian Gurov,KTH Royal Institute of Technology,http://www.csc.kth.se/~dilian,PeWxPx0AAAAJ,898.0,17.0
Pontus Johnson,KTH Royal Institute of Technology,https://www.kth.se/profile/pontusj,Jxpmb_wAAAAJ,4337.0,37.0
Fadil Galjic,KTH Royal Institute of Technology,https://www.kth.se/profile/fadil,,,
Philipp Haller,KTH Royal Institute of Technology,http://www.csc.kth.se/~phaller,sDt5PL4AAAAJ,1764.0,19.0
Fredrik Kilander,KTH Royal Institute of Technology,https://www.kth.se/profile/fki,,,
Gunnar Karlsson,KTH Royal Institute of Technology,https://www.kth.se/profile/gk,lISeVIEAAAAJ,7489.0,34.0
Musard Balliu,KTH Royal Institute of Technology,http://www.csc.kth.se/~musard,aTUgj08AAAAJ,590.0,15.0
Stefan Arnborg,KTH Royal Institute of Technology,http://www.csc.kth.se/~stefana,,,
Mads Dam,KTH Royal Institute of Technology,http://www.csc.kth.se/~mfd,0RqTjOUAAAAJ,2908.0,32.0
Erik Fransén,KTH Royal Institute of Technology,https://www.kth.se/profile/erikf,VFtGuvcAAAAJ,3740.0,24.0
Johan Håstad,KTH Royal Institute of Technology,http://www.csc.kth.se/~johanh,n0QrdEMAAAAJ,16098.0,49.0
Johan Montelius,KTH Royal Institute of Technology,https://people.kth.se/~johanmon,EDFklRkAAAAJ,254.0,8.0
György Dán,KTH Royal Institute of Technology,https://www.kth.se/profile/gyuri,NulsX04AAAAJ,3611.0,31.0
Pawel Andrzej Herman,KTH Royal Institute of Technology,https://www.kth.se/profile/paherman,usAxvpcAAAAJ,2240.0,17.0
Panagiotis Papadimitratos,KTH Royal Institute of Technology,https://www.kth.se/profile/papadim,Iv2wBQ8AAAAJ,15801.0,57.0
Cyrille Artho,KTH Royal Institute of Technology,https://people.kth.se/~artho,wrWmPRQAAAAJ,2389.0,25.0
Marina Petrova,KTH Royal Institute of Technology,https://www.kth.se/profile/petrovam,eT4_gaYAAAAJ,3598.0,30.0
Elena Troubitsyna,KTH Royal Institute of Technology,https://www.kth.se/profile/elenatro,wQrIOnoAAAAJ,1529.0,21.0
Peter Sjödin,KTH Royal Institute of Technology,https://www.kth.se/profile/psj,,,
Marco Chiesa,KTH Royal Institute of Technology,https://www.kth.se/profile/mchiesa,qq4qwRMAAAAJ,1007.0,16.0
Arvind Kumar,KTH Royal Institute of Technology,https://www.kth.se/profile/arvindku,r25Z-fYAAAAJ,2138.0,23.0
Mihhail Matskin,KTH Royal Institute of Technology,https://www.kth.se/profile/misha,L7szbOkAAAAJ,2082.0,23.0
Jan Ingemar Markendahl,KTH Royal Institute of Technology,https://www.kth.se/profile/janmar,Yy6WaDkAAAAJ,2249.0,22.0
S. Ben Slimane,KTH Royal Institute of Technology,https://www.kth.se/profile/slimane,zSfzj6sAAAAJ,2813.0,27.0
Rolf Stadler,KTH Royal Institute of Technology,https://www.kth.se/profile/stadler,y7lELJMAAAAJ,3427.0,28.0
Tony Lindeberg,KTH Royal Institute of Technology,https://www.kth.se/profile/tony,uySrc0MAAAAJ,24980.0,52.0
Anders Vastberg,KTH Royal Institute of Technology,https://www.kth.se/profile/vastberg,8FRcZh4AAAAJ,649.0,10.0
Viktória Elek,KTH Royal Institute of Technology,https://www.kth.se/profile/vjfodor,SLqhiSQAAAAJ,1649.0,22.0
Tino Weinkauf,KTH Royal Institute of Technology,https://www.kth.se/profile/weinkauf,ZS5iEecAAAAJ,3061.0,32.0
Vladimir Vlassov,KTH Royal Institute of Technology,https://www.kth.se/profile/vladv,X2AfiyAAAAAJ,1881.0,23.0
Martin Monperrus,KTH Royal Institute of Technology,https://www.monperrus.net/martin,dJQf4SYAAAAJ,7211.0,41.0
Mathias Ekstedt,KTH Royal Institute of Technology,https://www.kth.se/profile/mekstedt,ApBrrccAAAAJ,4714.0,38.0
Amir H. Payberah,KTH Royal Institute of Technology,https://www.kth.se/profile/payberah,bw8NeMMAAAAJ,859.0,15.0
Sarunas Girdzijauskas,KTH Royal Institute of Technology,https://www.kth.se/profile/sarunasg,mhqpsO4AAAAJ,1253.0,19.0
Seif Haridi,KTH Royal Institute of Technology,https://www.kth.se/profile/haridi,p4TZRwMAAAAJ,9348.0,41.0
Henrik Boström,KTH Royal Institute of Technology,https://www.kth.se/profile/henbos,wKsdomUAAAAJ,2992.0,26.0
Robert Rönngren,KTH Royal Institute of Technology,https://www.kth.se/profile/rron,,,
Michael Jason Minock,KTH Royal Institute of Technology,https://www.umu.se/en/staff/michael-minock,aWK0wpUAAAAJ,662.0,11.0
Jim Dowling,KTH Royal Institute of Technology,https://www.kth.se/profile/jdowling,MnSM1RMAAAAJ,2236.0,24.0
Thomas Sjöland,KTH Royal Institute of Technology,https://www.kth.se/profile/sjoland,P_QG1MEAAAAJ,496.0,7.0
Jens Lagergren,KTH Royal Institute of Technology,https://www.kth.se/profile/jensl,lS1rJKQAAAAJ,5113.0,37.0
Stefano Markidis,KTH Royal Institute of Technology,https://www.kth.se/profile/markidis,QnsN_awAAAAJ,4024.0,35.0
Johan Hoffman,KTH Royal Institute of Technology,https://www.kth.se/profile/jhoffman,1mqIKC0AAAAJ,2355.0,28.0
Johan Jansson,KTH Royal Institute of Technology,https://www.kth.se/profile/jjan,Nq8tC0cAAAAJ,4113.0,21.0
Jeanette Hällgren Kotaleski,KTH Royal Institute of Technology,https://www.kth.se/profile/jeanette,55D57zgAAAAJ,3610.0,30.0
Per Austrin,KTH Royal Institute of Technology,http://www.nada.kth.se/~austrin,ttQM0ocAAAAJ,939.0,16.0
Mats Brorsson,KTH Royal Institute of Technology,https://www.kth.se/profile/matsbror,lo5kptkAAAAJ,1378.0,18.0
Konrad Tollmar,KTH Royal Institute of Technology,https://www.kth.se/profile/konrad,5MTY7-wAAAAJ,3042.0,26.0
Joakim Lilliesköld,KTH Royal Institute of Technology,https://www.kth.se/profile/joakiml,4ki0Nk4AAAAJ,599.0,11.0
Mario Romero Vega,KTH Royal Institute of Technology,https://www.kth.se/profile/marior,xAFGASEAAAAJ,1119.0,16.0
Markus Hidell,KTH Royal Institute of Technology,https://www.kth.se/profile/mahidell,kCOZ2QkAAAAJ,1043.0,17.0
Mira Kajko-Mattsson,KTH Royal Institute of Technology,https://www.kth.se/profile/mekm2,jt0To6MAAAAJ,2109.0,26.0
Johan Karlander,KTH Royal Institute of Technology,http://www.nada.kth.se/~karlan,,,
Kevin Smith,KTH Royal Institute of Technology,https://www.kth.se/profile/ksmith,weicM8wAAAAJ,12579.0,29.0
Jens Zander,KTH Royal Institute of Technology,https://www.kth.se/profile/jenz,GjXOu5wAAAAJ,11703.0,51.0
Magnus Boman,KTH Royal Institute of Technology,https://www.kth.se/profile/mab,DE0n-AQAAAAJ,1984.0,21.0
Gerald Q. Maguire Jr.,KTH Royal Institute of Technology,https://www.kth.se/profile/maguire,HJgs_3YAAAAJ,18932.0,39.0
Sonja Buchegger,KTH Royal Institute of Technology,http://www.csc.kth.se/~buc,AABgNmoAAAAJ,7792.0,22.0
Danny Weyns,KU Leuven,https://distrinet.cs.kuleuven.be/people/danny,MG8iJPAAAAAJ,11578.0,50.0
Bart Jacobs,KU Leuven,https://distrinet.cs.kuleuven.be/people/bartj,kCLViEMAAAAJ,3991.0,27.0
Frank Piessens,KU Leuven,https://distrinet.cs.kuleuven.be/people/frank,Px63T5YAAAAJ,13902.0,60.0
Adalberto L. Simeone,KU Leuven,https://www.adalsimeone.me,NwkRNhkAAAAJ,933.0,14.0
Hans Hallez,KU Leuven,https://distrinet.cs.kuleuven.be/people/hans,CWF_wV8AAAAJ,1991.0,20.0
Jeroen Boydens,KU Leuven,https://distrinet.cs.kuleuven.be/people/jeroen,ljI2jYsAAAAJ,501.0,11.0
Vincent Naessens,KU Leuven,https://distrinet.cs.kuleuven.be/people/vincent,Bkf8cMYAAAAJ,686.0,13.0
Eric Steegmans,KU Leuven,https://distrinet.cs.kuleuven.be/people/eric,Iv6jkGcAAAAJ,733.0,12.0
Marie-Francine Moens,KU Leuven,https://people.cs.kuleuven.be/~sien.moens,O9hYMUUAAAAJ,10330.0,51.0
Wim Michiels,KU Leuven,https://people.cs.kuleuven.be/~wim.michiels,mp29GegAAAAJ,7650.0,39.0
Daniel Hughes,KU Leuven,https://distrinet.cs.kuleuven.be/people/dannyh,PhAY-GwAAAAJ,3615.0,28.0
Vero Vanden Abeele,KU Leuven,https://iiw.kuleuven.be/onderzoek/emedia/people/verovandenabeele,4ujvHaEAAAAJ,2635.0,29.0
Ingrid M. R. Verbauwhede,KU Leuven,https://homes.esat.kuleuven.be/~iverbauw,ZyG1ZGgAAAAJ,26163.0,83.0
Claudia Díaz,KU Leuven,https://homes.esat.kuleuven.be/~cdiaz,AUGbCSkAAAAJ,5760.0,37.0
Bart Demoen,KU Leuven,https://people.cs.kuleuven.be/~bart.demoen,NFqnq4wAAAAJ,4605.0,32.0
Bart De Decker,KU Leuven,https://people.cs.kuleuven.be/~bart.dedecker/index.html,6_505coAAAAJ,1443.0,17.0
Frederik Vercauteren,KU Leuven,https://www.esat.kuleuven.be/cosic/people/frederik-vercauteren,pYTEVIEAAAAJ,10151.0,45.0
Raf Vandebril,KU Leuven,https://people.cs.kuleuven.be/~raf.vandebril,7TVXvioAAAAJ,2084.0,23.0
Kathrin Gerling,KU Leuven,https://iiw.kuleuven.be/onderzoek/emedia/people/gerlingkathrin,Ujh2RSsAAAAJ,3063.0,31.0
Peter Karsmakers,KU Leuven,https://iiw.kuleuven.be/onderzoek/advise/People/PeterKarsmakers,eS-e_ZIAAAAJ,1531.0,20.0
Nigel P. Smart,KU Leuven,https://homes.esat.kuleuven.be/~nsmart,Qvm3k64AAAAJ,22380.0,69.0
Nele Mentens,KU Leuven,https://homes.esat.kuleuven.be/~nmentens,FWdHc8MAAAAJ,2941.0,30.0
Philip Dutré,KU Leuven,https://sites.google.com/site/philipdutre,pLUiNXsAAAAJ,4995.0,37.0
Marc Van Barel,KU Leuven,https://people.cs.kuleuven.be/~marc.vanbarel/drupal,qeXY5T4AAAAJ,5193.0,35.0
Tom Holvoet,KU Leuven,https://distrinet.cs.kuleuven.be/people/tom,Cps1ee8AAAAJ,7482.0,42.0
Yolande Berbers,KU Leuven,https://distrinet.cs.kuleuven.be/people/yolande,cjTQU8oAAAAJ,4818.0,34.0
Katrien Verbert,KU Leuven,https://people.cs.kuleuven.be/~katrien.verbert/KatrienVerbert/Katrien_Verbert.html,t5cgwVAAAAAJ,8567.0,44.0
Bart Preneel,KU Leuven,https://homes.esat.kuleuven.be/~preneel,omio-RsAAAAJ,29065.0,84.0
Ronald Cools,KU Leuven,https://people.cs.kuleuven.be/~ronald.cools,DcaHlZMAAAAJ,4587.0,29.0
Giovanni Samaey,KU Leuven,https://giovannisamaey.wordpress.com,t9FNZpsAAAAJ,2911.0,24.0
Wouter Joosen,KU Leuven,https://distrinet.cs.kuleuven.be/people/wouter,,,
Tony Wauters,KU Leuven,https://people.cs.kuleuven.be/~tony.wauters,moTbWMUAAAAJ,911.0,17.0
Tom Schrijvers,KU Leuven,https://people.cs.kuleuven.be/~tom.schrijvers,JVXShtsAAAAJ,3761.0,30.0
Stefan Vandewalle,KU Leuven,https://people.cs.kuleuven.be/~stefan.vandewalle,Y-en1DsAAAAJ,5172.0,40.0
Vincent Rijmen,KU Leuven,https://www.esat.kuleuven.be/cosic/people/vincent-rijmen,zBQxZrcAAAAJ,22694.0,59.0
Greet Vanden Berghe,KU Leuven,https://www.kuleuven.be/wieiswie/en/person/00053376,CepcZIUAAAAJ,8353.0,44.0
Luc De Raedt,KU Leuven,https://people.cs.kuleuven.be/~luc.deraedt,dgobB6AAAAAJ,21218.0,67.0
Patrick De Causmaecker,KU Leuven,https://www.kuleuven-kulak.be/~pdecausm,IHAmK_gAAAAJ,7776.0,40.0
Daan Huybrechs,KU Leuven,https://people.cs.kuleuven.be/~daan.huybrechs,bT4V4uYAAAAJ,1893.0,24.0
Marc Denecker,KU Leuven,https://people.cs.kuleuven.be/~marc.denecker,3Sh0lhcAAAAJ,5191.0,40.0
Joost Vennekens,KU Leuven,https://people.cs.kuleuven.be/~joost.vennekens,MGIgNOoAAAAJ,1556.0,19.0
Jesse Davis,KU Leuven,https://people.cs.kuleuven.be/~jesse.davis,gz74XOYAAAAJ,9153.0,31.0
Hendrik Blockeel,KU Leuven,https://people.cs.kuleuven.be/~hendrik.blockeel,Eq5sUNpp0gwC,10448.0,42.0
Stijn Volckaert,KU Leuven,https://stijn-volckaert.github.io/personal,WH8iZWAAAAAJ,758.0,13.0
Karl Meerbergen,KU Leuven,https://people.cs.kuleuven.be/~karl.meerbergen,8exvwHMAAAAJ,4513.0,29.0
Dirk Roose,KU Leuven,https://people.cs.kuleuven.be/~dirk.roose/Site/Home.html,SI8RNDwAAAAJ,9633.0,50.0
Dirk Nuyens,KU Leuven,https://people.cs.kuleuven.be/~dirk.nuyens,QurueO4AAAAJ,1654.0,18.0
Danny De Schreye,KU Leuven,https://people.cs.kuleuven.be/~danny.deschreye,830uwbcAAAAJ,3515.0,31.0
Gerda Janssens,KU Leuven,https://people.cs.kuleuven.be/~gerda.janssens,JTZxGp0AAAAJ,3431.0,25.0
Doina Caragea,Kansas State University,http://people.cs.ksu.edu/~dcaragea,GuO4UhsAAAAJ,3687.0,34.0
R. Rodrey Howell,Kansas State University,http://people.cs.ksu.edu/~rhowell,,,
Pavithra Prabhakar,Kansas State University,http://people.cs.ksu.edu/~pprabhakar/home.html,og6bNK0qJtkC,851.0,16.0
Torben Amtoft,Kansas State University,http://cis.ksu.edu/~tamtoft,,,
William H. Hsu,Kansas State University,http://people.cis.ksu.edu/~bhsu,JQoJRcIAAAAJ,2097.0,22.0
Arslan Munir,Kansas State University,http://people.cs.ksu.edu/~amunir,,,
Venkatesh Prasad Ranganath,Kansas State University,http://people.cis.ksu.edu/~rvprasad,efsT3ykAAAAJ,1503.0,18.0
Pascal Hitzler,Kansas State University,http://www.pascal-hitzler.de,EkwfQcMAAAAJ,13695.0,56.0
Robby,Kansas State University,http://robby.santoslab.org,j5aiHcsAAAAJ,4386.0,28.0
Scott A. DeLoach,Kansas State University,http://cis.ksu.edu/~sdeloach,Zbbxb-gAAAAJ,5632.0,37.0
Mitchell L. Neilsen,Kansas State University,http://www.cis.ksu.edu/~neilsen,g6-anYwAAAAJ,2116.0,20.0
John Hatcliff,Kansas State University,http://cis.ksu.edu/~hatcliff,B56JLs0AAAAJ,7312.0,42.0
Daniel Andresen,Kansas State University,http://cis.ksu.edu/~dan,egs3G64AAAAJ,1829.0,24.0
George T. Amariucai,Kansas State University,http://people.cs.ksu.edu/~amariucai,u9DLVZAAAAAJ,319.0,10.0
Masaaki Mizuno,Kansas State University,https://www.cs.ksu.edu/user/301,SRFswxMAAAAJ,1180.0,18.0
Lior Shamir,Kansas State University,http://people.cs.ksu.edu/~lshamir,mP-0XmYAAAAJ,3313.0,26.0
Eugene Vasserman,Kansas State University,http://people.cs.ksu.edu/~eyv,cEBIS9oAAAAJ,1570.0,17.0
Michael Beigl,Karlsruhe Institute of Technology,http://pcs.tm.kit.edu/21_beigl.php,9-WU64IAAAAJ,10226.0,44.0
Peter Sanders,Karlsruhe Institute of Technology,http://algo2.iti.kit.edu/sanders.php,0xWltyAAAAAJ,19152.0,70.0
Veit Hagenmeyer,Karlsruhe Institute of Technology,https://www.iai.kit.edu/Ansprechpersonen_1213.php,VQ70NaMAAAAJ,2796.0,27.0
Ralf H. Reussner,Karlsruhe Institute of Technology,http://sdq.ipd.kit.edu/people/ralf_reussner,wsPDe4IAAAAJ,7962.0,42.0
Boris Neubert,Karlsruhe Institute of Technology,http://cg.ivd.kit.edu/neubert/index.php,t1h8g_8AAAAJ,1970.0,12.0
Bernhard Neumair,Karlsruhe Institute of Technology,http://www.scc.kit.edu/personen/bernhard.neumair.php,MHlS1MEAAAAJ,712.0,11.0
Carsten Dachsbacher,Karlsruhe Institute of Technology,http://cg.ivd.kit.edu/dachsbacher/index.php,q72ueY0AAAAJ,5713.0,38.0
Franziska Boehm,Karlsruhe Institute of Technology,https://www.zar.kit.edu/492.php?ID=237,,,
Jürgen Beyerer,Karlsruhe Institute of Technology,http://ies.anthropomatik.kit.edu/mitarbeiter.php?person=beyerer,-BCKzg0AAAAJ,5346.0,32.0
Björn Hein,Karlsruhe Institute of Technology,http://rob.ipr.kit.edu/mitarbeiter_106.php,RqTDkH4AAAAJ,829.0,15.0
Uwe D. Hanebeck,Karlsruhe Institute of Technology,https://isas.iar.kit.edu/de/Mitarbeiter_Hanebeck.php,q-f3ITAAAAAJ,9266.0,43.0
Gregor Snelting,Karlsruhe Institute of Technology,https://pp.info.uni-karlsruhe.de/personhp/gregor_snelting.php,sprhcYcAAAAJ,3915.0,31.0
Torsten Kroeger,Karlsruhe Institute of Technology,http://www.ipr.kit.edu/mitarbeiter_2538.php,bfec5vAAAAAJ,7505.0,22.0
Bernhard Beckert,Karlsruhe Institute of Technology,http://formal.iti.kit.edu/~beckert,5BPKfQIAAAAJ,4756.0,33.0
Carsten Sinz,Karlsruhe Institute of Technology,http://verialg.iti.kit.edu/353.php,bF9qmvsAAAAJ,2894.0,26.0
Achim Streit,Karlsruhe Institute of Technology,http://www.scc.kit.edu/personen/achim.streit.php,i72A44MAAAAJ,3474.0,28.0
Dorothea Wagner,Karlsruhe Institute of Technology,http://i11www.iti.uni-karlsruhe.de/members/dorothea_wagner/index,iqm5N9IAAAAJ,17119.0,60.0
Frank Bellosa,Karlsruhe Institute of Technology,https://os.itec.kit.edu/deutsch/mitarbeiter_31.php,vC8w64wAAAAJ,3069.0,23.0
Wolfgang Karl,Karlsruhe Institute of Technology,http://capp.itec.kit.edu/~karl/?lang=d,,,
Sebastian Abeck,Karlsruhe Institute of Technology,http://cm.tm.kit.edu/staff_abeck.php,ACsv4l8AAAAJ,1880.0,22.0
Anne Koziolek,Karlsruhe Institute of Technology,http://are.ipd.kit.edu/people/anne_koziolek,ndibIWYAAAAJ,2640.0,25.0
Hartmut Prautzsch,Karlsruhe Institute of Technology,http://geom.ivd.kit.edu/mitarbeiter_88.php,,,
Jörn Müller-Quade,Karlsruhe Institute of Technology,http://crypto.iti.kit.edu/index.php?id=iks-mueller-quade,iJjzGQkAAAAJ,2214.0,26.0
Rainer Stiefelhagen,Karlsruhe Institute of Technology,https://cvhci.anthropomatik.kit.edu/people_596.php,SFCOJxMAAAAJ,16187.0,68.0
Tamim Asfour,Karlsruhe Institute of Technology,http://h2t.anthropomatik.kit.edu,65bIT4oAAAAJ,12535.0,53.0
Jörg Henkel,Karlsruhe Institute of Technology,http://ces.itec.kit.edu/21_henkel.php,AmnIAhEAAAAJ,16452.0,60.0
Hannes Hartenstein,Karlsruhe Institute of Technology,http://dsn.tm.kit.edu/staff_hartenstein.php,azfXSVIAAAAJ,18863.0,59.0
Walter F. Tichy,Karlsruhe Institute of Technology,https://ps.ipd.kit.edu/176_376.php,23RPQBQAAAAJ,9562.0,42.0
Alexandros Stamatakis,Karlsruhe Institute of Technology,http://www.exelixis-lab.org,WbMNvJwAAAAJ,78922.0,67.0
Klemens Böhm,Karlsruhe Institute of Technology,https://dbis.ipd.kit.edu/336.php,RzCtTjYAAAAJ,4820.0,37.0
Rüdiger Dillmann,Karlsruhe Institute of Technology,http://his.anthropomatik.kit.edu/21_321.php,8q019n8AAAAJ,21057.0,64.0
Thomas Dreier,Karlsruhe Institute of Technology,http://www.zar.kit.edu/591.php?ID=3,,,
Mehdi B. Tahoori,Karlsruhe Institute of Technology,http://cdnc.itec.kit.edu/21_54.php,NBQ_casAAAAJ,8385.0,49.0
Martina Zitterbart,Karlsruhe Institute of Technology,http://telematics.tm.kit.edu/staff_zitterbart.php,NefkVoUAAAAJ,3806.0,29.0
Kai Kunze,Keio University,http://kaikunze.de,aBBK-psAAAAJ,4168.0,35.0
Issei Fujishiro,Keio University,https://www.st.keio.ac.jp/en/tprofile/ics/fujishiro.html,0bnysWMAAAAJ,2474.0,26.0
Hideo Saito,Keio University,https://www.st.keio.ac.jp/en/tprofile/ics/hideo.saito.html,JU9x-bcAAAAJ,6699.0,37.0
Michita Imai,Keio University,https://www.st.keio.ac.jp/en/tprofile/ics/imai.html,lYqJ_FsAAAAJ,5883.0,38.0
Hideharu Amano,Keio University,https://www.st.keio.ac.jp/en/tprofile/ics/amano.html,pfCZLZwAAAAJ,6768.0,39.0
Junichi Yamaoka,Keio University,https://www.junichiyamaoka.net,x21UmG0AAAAJ,247.0,8.0
Kouta Minamizawa,Keio University,http://embodiedmedia.org/member/kouta-minamizawa,gxCL2_wAAAAJ,3089.0,30.0
Yuta Sugiura,Keio University,https://lclab.org/people/yutasugiura,ZlK1mVsAAAAJ,1479.0,19.0
Naoaki Yamanaka,Keio University,https://www.st.keio.ac.jp/en/tprofile/ics/yamanaka.html,ba8chIEAAAAJ,5393.0,33.0
Hiroki Matsutani,Keio University,https://www.st.keio.ac.jp/en/tprofile/ics/matsutani.html,cBqdx2IAAAAJ,2521.0,25.0
Fumio Teraoka,Keio University,https://www.st.keio.ac.jp/en/tprofile/ics/teraoka.html,1e4BgHoAAAAJ,2318.0,23.0
Maki Sugimoto,Keio University,https://www.st.keio.ac.jp/en/tprofile/ics/sugimoto.html,h5GzIxgAAAAJ,2487.0,27.0
Hiroaki Nishi,Keio University,https://www.st.keio.ac.jp/en/tprofile/sd/nishi.html,rXAiVWUAAAAJ,2822.0,23.0
Shingo Takada,Keio University,https://www.st.keio.ac.jp/en/tprofile/ics/takada.html,DlYZVo0AAAAJ,1032.0,15.0
Kenji Kono,Keio University,https://www.st.keio.ac.jp/en/tprofile/ics/kono.html,lYetPkIAAAAJ,1494.0,17.0
Komei Sugiura,Keio University,https://www.st.keio.ac.jp/en/tprofile/ics/sugiura_komei.html,1Kd0W0oAAAAJ,1411.0,18.0
Yoshimitsu Aoki,Keio University,https://aoki-medialab.jp/aokiyoshimitsu-en,fd_IY8AAAAAJ,2185.0,24.0
Jonathan I. Maletic,Kent State University,http://www.cs.kent.edu/~jmaletic,n9_W4kYAAAAJ,9362.0,44.0
Cheng Chang Lu,Kent State University,http://www.cs.kent.edu/~lucc,,,
Jungyong Kim,Kent State University,https://www.kent.edu/cs/jungyoon-kim,z2BCKT4AAAAJ,547.0,9.0
Gokarna Sharma,Kent State University,http://www.cs.kent.edu/~sharma,PnmtA3wAAAAJ,863.0,15.0
Kwangtaek Kim,Kent State University,https://www.kent.edu/cs/kwangtaek-kim,,,
Kambiz Ghazinour,Kent State University,https://www.kent.edu/cs/profile/kambiz-ghazinour,S5Dabo0AAAAJ,571.0,12.0
Hassan Peyravi,Kent State University,https://www.kent.edu/cs/hassan-peyravi,,,
Austin C. Melton,Kent State University,https://www.kent.edu/node/austin-melton,J53ahJsAAAAJ,2254.0,21.0
Arden Ruttan,Kent State University,https://www.kent.edu/cs/profile/arden-ruttan,,,
Paul A. Farrell,Kent State University,https://www.kent.edu/cs/profile/paul-farrell,,,
Mikhail Nesterenko,Kent State University,http://vega.cs.kent.edu/~mikhail,GjcGFa4AAAAJ,3365.0,20.0
Javed Khan,Kent State University,http://www.cs.kent.edu/~javed,,,
Qiang Guan,Kent State University,http://www.cs.kent.edu/~qguan,kpPoy4gAAAAJ,1112.0,19.0
Xiang Lian,Kent State University,https://www.kent.edu/cs/xiang-lian,xvrh8YMAAAAJ,3378.0,30.0
Jong-Hoon Kim,Kent State University,http://www.atr.cs.kent.edu/people/jong-hoon_kim,,,
Ruoming Jin,Kent State University,http://www.cs.kent.edu/~jin,lNQmMTMAAAAJ,5874.0,43.0
Angela Guercio,Kent State University,https://www.kent.edu/cs/angela-guercio-0,6LcqhvAAAAAJ,755.0,11.0
Arvind K. Bansal,Kent State University,https://www.kent.edu/cs/arvind-k-bansal,LcDL4RsAAAAJ,923.0,15.0
Dianne Foreback,Kent State University,https://www.kent.edu/ehhs/hs/profile/dr-dianne-kerr,KLexhgsAAAAJ,26.0,3.0
Younghun Chae,Kent State University,https://www.kent.edu/cs/younghun-chae,5INt75sAAAAJ,107.0,4.0
Augustine Samba,Kent State University,https://www.kent.edu/cs/augustine-gus-samba,,,
Ye Zhao,Kent State University,http://www.cs.kent.edu/~zhao,,,
L. Gwenn Volkert,Kent State University,http://www.cs.kent.edu/~volkert,,,
Feodor F. Dragan,Kent State University,https://www.kent.edu/cs/feodor-f-dragan,U74_kMcAAAAJ,3273.0,34.0
Vijey Thayananthan,King Abdulaziz University,http://www.kau.edu.sa/Contacts.aspx?Site_ID=61117&Lng=EN&Cont=19677,Ef5xnQwAAAAJ,393.0,10.0
Mai Fadel,King Abdulaziz University,http://mfadel.kau.edu.sa/Default.aspx?Site_ID=0011432&Lng=EN,,,
Lamya Daghestani,King Abdulaziz University,http://www.kau.edu.sa/Contacts.aspx?Site_ID=611&Lng=EN&Cont=8941,dIUKgS4AAAAJ,208.0,7.0
Waseem Ahmed,King Abdulaziz University,http://cegmr.kau.edu.sa/Content.aspx?Site_ID=117&lng=EN&cid=257602,2TjCTeIAAAAJ,309.0,8.0
Omaima Bamasak,King Abdulaziz University,http://obamasek.kau.edu.sa/CVEn.aspx?Site_ID=0004371&Lng=EN,3qPi9-8AAAAJ,227.0,8.0
Aiiad Ahmad Albeshri,King Abdulaziz University,http://fcit2.kau.edu.sa:9002/reports/rwservlet?cmdkey=FCVKEY+p_fac_id=00005664,JWxNSb4AAAAJ,1920.0,23.0
Abdullah Algarni,King Abdulaziz University,https://www.facebook.com/public/Abdullah-Algarni/school/King-Abdulaziz-University-103095679730320,fQldSpoAAAAJ,436.0,11.0
Etimad A. Fadel,King Abdulaziz University,http://eafadel.kau.edu.sa/Default.aspx?Site_ID=0004108&lng=EN,t4U6dm0AAAAJ,1342.0,14.0
Laila Nassef,King Abdulaziz University,http://www.kau.edu.sa/Contacts.aspx?Site_ID=611&Lng=EN&Cont=17753,,,
Mohamed Yehia Dahab,King Abdulaziz University,http://www.kau.edu.sa/Contacts.aspx?Site_ID=611&Lng=EN&Cont=18607,YExgqdMAAAAJ,537.0,10.0
Khalid Alsubhi,King Abdulaziz University,http://www.kau.edu.sa/CVEn.aspx?Site_ID=0012066&Lng=EN,yQb_UoYAAAAJ,627.0,11.0
Jonathan Cazalas,King Abdulaziz University,http://kau.cazalas.com,JNfAbzgAAAAJ,88.0,6.0
Sanaa Abdullah M. Sharaf,King Abdulaziz University,http://www.kau.edu.sa/Contacts.aspx?Site_ID=0&Lng=EN&Ch=47&ctl00_ContentPlaceHolder1_RadGrid1ChangePage=22_50,SfkDN80AAAAJ,60.0,4.0
Ghadah Aldabbagh,King Abdulaziz University,http://www.kau.edu.sa/CVEn.aspx?Site_ID=0003149&Lng=EN,mZkyspYAAAAJ,610.0,13.0
Lamiaa A. Elrefaei,King Abdulaziz University,http://www.kau.edu.sa/Contacts.aspx?Site_ID=611&Lng=EN&Cont=17754,lhzoMp8AAAAJ,681.0,15.0
Kamal M. Jambi,King Abdulaziz University,http://www.kau.edu.sa/CVEn.aspx?Site_ID=0001480&Lng=EN,,,
Riaz Ahmed Shaikh,King Abdulaziz University,http://www.kau.edu.sa/Content.aspx?Site_ID=61117&lng=EN&cid=60829,aKvhKTAAAAAJ,1448.0,17.0
Arwa A. Jamjoom,King Abdulaziz University,http://www.kau.edu.sa/Contacts.aspx?Site_ID=611&Lng=EN&Cont=9002,yMcPOd0AAAAJ,59.0,5.0
Kashif Munir,King Abdulaziz University,http://fcit2.kau.edu.sa:9002/reports/rwservlet?cmdkey=FCVKEY+p_fac_id=00062561,BHPpU8oAAAAJ,359.0,10.0
Abdul Mohsen Almalawi,King Abdulaziz University,http://balmalowy.kau.edu.sa/CVEn.aspx?Site_ID=0008859&Lng=EN,XxBxuykAAAAJ,527.0,10.0
Manal Abdullah,King Abdulaziz University,http://mbatobarah.kau.edu.sa/Default.aspx?Site_ID=0009325&lng=EN,pmD8DeIAAAAJ,610.0,14.0
Amin Y. Noaman,King Abdulaziz University,http://anoaman.kau.edu.sa/CVEn.aspx?Site_ID=0002639&Lng=EN,,,
Ahmad Alzahrani,King Abdulaziz University,http://asalzahrani.kau.edu.sa/Default.aspx?Site_ID=0005199&lng=EN,10GPVtsAAAAJ,227.0,8.0
Areej Malibari,King Abdulaziz University,http://aamalibari1.kau.edu.sa/CVEn.aspx?Site_ID=0004507&Lng=EN,NadtXs0AAAAJ,504.0,11.0
Imtiaz Hussain Khan,King Abdulaziz University,http://www.kau.edu.sa/Contacts.aspx?Site_ID=61117&Lng=EN&Cont=19678,RDj7uSYAAAAJ,240.0,9.0
Abdullah Basuhail,King Abdulaziz University,http://abasuhail.kau.edu.sa/Default.aspx?Site_ID=0012375&lng=EN,,,
Iyad Katib,King Abdulaziz University,http://iyadkatib.com,DN3hbOsAAAAJ,2297.0,23.0
Maher Ali Khamakhem,King Abdulaziz University,http://www.kau.edu.sa/CVEn.aspx?Site_ID=0061714&Lng=EN,krjxCCgAAAAJ,719.0,15.0
Wadee Al-Halabi,King Abdulaziz University,http://www.kau.edu.sa/Contacts.aspx?Site_ID=611&Lng=EN&Cont=18367,,,
Manar S. Ali,King Abdulaziz University,http://mali.kau.edu.sa/CVEn.aspx?Site_ID=0003185&Lng=EN,cyGTNXMAAAAJ,2585.0,22.0
